# WaveFront *.obj file (generated by Autodesk ATF)

mtllib bodybawah.mtl

g Body114

v 32.555110 50.855574 24.582000
v 32.555110 52.855574 24.582000
v 32.555110 52.855574 23.582000
v 32.555110 50.855574 23.582000
v 6.955110 52.855574 24.582000
v 21.187561 52.855574 24.582000
v 21.187561 52.855574 23.582000
v 6.955110 52.855574 23.582000
v 6.955110 50.855574 24.582000
v 6.955110 50.855574 23.582000
v 21.187561 50.855574 24.582000
v 21.187561 50.855574 23.582000
v -4.412439 52.855574 24.582000
v -4.412439 50.855574 24.582000
v -4.412439 50.855574 23.582000
v -4.412439 52.855574 23.582000
v 51.166213 16.488581 24.582000
v 51.166213 16.488908 24.527474
v 51.166213 16.488908 24.472947
v 51.166213 16.488581 24.418421
v 51.166213 16.488581 23.582000
v 51.166213 52.855574 23.582000
v 51.166213 52.855574 24.582000
v 49.166213 16.488581 24.418421
v 49.166213 16.488581 23.582000
v 49.166213 50.855574 23.582000
v 49.166213 50.855574 0.000000
v -50.833787 50.855574 0.000000
v -50.833787 50.855574 23.582000
v -3.825407 50.855574 24.057531
v -3.190238 50.855574 23.592522
v -2.512929 50.855574 23.191365
v -1.799879 50.855574 22.857848
v -1.057822 50.855574 22.595122
v -0.293766 50.855574 22.405667
v 0.485072 50.855574 22.291274
v 1.271336 50.855574 22.253023
v 2.057599 50.855574 22.291274
v 2.836437 50.855574 22.405667
v 3.600493 50.855574 22.595122
v 4.342550 50.855574 22.857848
v 5.055600 50.855574 23.191365
v 5.732909 50.855574 23.592522
v 6.368078 50.855574 24.057531
v 21.774593 50.855574 24.057531
v 22.409762 50.855574 23.592522
v 23.087071 50.855574 23.191365
v 23.800121 50.855574 22.857848
v 24.542178 50.855574 22.595122
v 25.306234 50.855574 22.405667
v 26.085072 50.855574 22.291274
v 26.871336 50.855574 22.253023
v 27.657599 50.855574 22.291274
v 28.436437 50.855574 22.405667
v 29.200493 50.855574 22.595122
v 29.942550 50.855574 22.857848
v 30.655600 50.855574 23.191365
v 31.332909 50.855574 23.592522
v 31.968078 50.855574 24.057531
v 49.166213 16.442703 23.583949
v 49.166213 16.320462 22.757204
v 49.166213 16.122890 21.945161
v 49.166213 15.851652 21.154668
v 49.166213 15.509037 20.392392
v 49.166213 15.097934 19.664763
v 49.166213 14.621810 18.977918
v 49.166213 14.084682 18.337650
v 49.166213 13.491080 17.749360
v 49.166213 12.846011 17.218008
v 49.166213 12.154914 16.748077
v 49.166213 11.423620 16.343531
v 49.166213 10.658295 16.007780
v 49.166213 9.865396 15.743658
v 49.166213 9.051610 15.553392
v 49.166213 8.223800 15.438587
v 49.166213 7.388949 15.400211
v 49.166213 6.554098 15.438587
v 49.166213 5.726288 15.553392
v 49.166213 4.912501 15.743658
v 49.166213 4.119602 16.007780
v 49.166213 3.354278 16.343531
v 49.166213 2.622984 16.748077
v 49.166213 1.931887 17.218008
v 49.166213 1.286817 17.749360
v 49.166213 0.693215 18.337650
v 49.166213 0.156087 18.977918
v 49.166213 -0.320036 19.664763
v 49.166213 -0.731139 20.392392
v 49.166213 -1.073754 21.154668
v 49.166213 -1.344992 21.945161
v 49.166213 -1.542564 22.757204
v 49.166213 -1.664805 23.583949
v 49.166213 -1.710684 24.418421
v 49.166213 -1.710684 23.582000
v 49.166213 -66.511419 23.582000
v 49.166213 -66.511419 24.418421
v 49.166213 -66.557297 23.583949
v 49.166213 -66.679538 22.757204
v 49.166213 -66.877110 21.945161
v 49.166213 -67.148348 21.154668
v 49.166213 -67.490963 20.392392
v 49.166213 -67.902066 19.664763
v 49.166213 -68.378190 18.977918
v 49.166213 -68.915318 18.337650
v 49.166213 -69.508920 17.749360
v 49.166213 -70.153989 17.218008
v 49.166213 -70.845086 16.748077
v 49.166213 -71.576380 16.343531
v 49.166213 -72.341705 16.007780
v 49.166213 -73.134604 15.743658
v 49.166213 -73.948390 15.553392
v 49.166213 -74.776200 15.438587
v 49.166213 -75.611051 15.400211
v 49.166213 -76.445902 15.438587
v 49.166213 -77.273712 15.553392
v 49.166213 -78.087499 15.743658
v 49.166213 -78.880398 16.007780
v 49.166213 -79.645722 16.343531
v 49.166213 -80.377016 16.748077
v 49.166213 -81.068113 17.218008
v 49.166213 -81.713183 17.749360
v 49.166213 -82.306785 18.337650
v 49.166213 -82.843913 18.977918
v 49.166213 -83.320036 19.664763
v 49.166213 -83.731139 20.392392
v 49.166213 -84.073754 21.154668
v 49.166213 -84.344992 21.945161
v 49.166213 -84.542564 22.757204
v 49.166213 -84.664805 23.583949
v 49.166213 -84.710684 24.418421
v 49.166213 -84.710684 23.582000
v 49.166213 -99.144426 23.582000
v 49.166213 -99.144426 0.000000
v -52.833787 52.855574 24.582000
v -52.833787 52.855574 23.582000
v -52.833787 16.488581 24.418421
v -52.833787 16.488908 24.472947
v -52.833787 16.488908 24.527474
v -52.833787 16.488581 24.582000
v -52.833787 16.488581 23.582000
v -50.833787 16.488581 24.418421
v -50.833787 16.488581 23.582000
v -50.833787 16.442703 23.583949
v -50.833787 16.320462 22.757204
v -50.833787 16.122890 21.945161
v -50.833787 15.851652 21.154668
v -50.833787 15.509037 20.392392
v -50.833787 15.097934 19.664763
v -50.833787 14.621810 18.977918
v -50.833787 14.084682 18.337650
v -50.833787 13.491080 17.749360
v -50.833787 12.846011 17.218008
v -50.833787 12.154914 16.748077
v -50.833787 11.423620 16.343531
v -50.833787 10.658295 16.007780
v -50.833787 9.865396 15.743658
v -50.833787 9.051610 15.553392
v -50.833787 8.223800 15.438587
v -50.833787 7.388949 15.400211
v -50.833787 6.554098 15.438587
v -50.833787 5.726288 15.553392
v -50.833787 4.912501 15.743658
v -50.833787 4.119602 16.007780
v -50.833787 3.354278 16.343531
v -50.833787 2.622984 16.748077
v -50.833787 1.931887 17.218008
v -50.833787 1.286817 17.749360
v -50.833787 0.693215 18.337650
v -50.833787 0.156087 18.977918
v -50.833787 -0.320036 19.664763
v -50.833787 -0.731139 20.392392
v -50.833787 -1.073754 21.154668
v -50.833787 -1.344992 21.945161
v -50.833787 -1.542564 22.757204
v -50.833787 -1.664805 23.583949
v -50.833787 -1.710684 24.418421
v -52.833787 -1.710684 24.418421
v -52.833787 -1.711010 24.472947
v -52.833787 -1.711010 24.527474
v -52.833787 -1.710684 24.582000
v -59.833787 -1.710684 24.582000
v -59.833787 -1.681004 23.761328
v -59.833787 -1.577462 22.946672
v -59.833787 -1.400899 22.144669
v -59.833787 -1.152754 21.361848
v -59.833787 -0.835047 20.604586
v -59.833787 -0.450366 19.879048
v -59.833787 -0.001844 19.191144
v -59.833787 0.506867 18.546476
v -59.833787 1.071625 17.950294
v -59.833787 1.687828 17.407452
v -59.833787 2.350461 16.922372
v -59.833787 3.054125 16.499004
v -59.833787 3.793091 16.140796
v -59.833787 4.561341 15.850665
v -59.833787 5.352619 15.630974
v -59.833787 6.160479 15.483512
v -59.833787 6.978344 15.409479
v -59.833787 7.799553 15.409479
v -59.833787 8.617418 15.483512
v -59.833787 9.425279 15.630974
v -59.833787 10.216556 15.850665
v -59.833787 10.984806 16.140796
v -59.833787 11.723773 16.499004
v -59.833787 12.427437 16.922372
v -59.833787 13.090069 17.407452
v -59.833787 13.706273 17.950294
v -59.833787 14.271030 18.546476
v -59.833787 14.779741 19.191144
v -59.833787 15.228264 19.879048
v -59.833787 15.612945 20.604586
v -59.833787 15.930651 21.361848
v -59.833787 16.178797 22.144669
v -59.833787 16.355359 22.946672
v -59.833787 16.458902 23.761328
v -59.833787 16.488581 24.582000
v -52.833787 -66.511419 24.418421
v -52.833787 -66.511092 24.472947
v -52.833787 -66.511092 24.527474
v -52.833787 -66.511419 24.582000
v -52.833787 -1.710684 23.582000
v -52.833787 -66.511419 23.582000
v -50.833787 -1.710684 23.582000
v -50.833787 -66.511419 24.418421
v -50.833787 -66.511419 23.582000
v -50.833787 -99.144426 0.000000
v -50.833787 -99.144426 23.582000
v -50.833787 -84.710684 23.582000
v -50.833787 -84.710684 24.418421
v -50.833787 -84.664805 23.583949
v -50.833787 -84.542564 22.757204
v -50.833787 -84.344992 21.945161
v -50.833787 -84.073754 21.154668
v -50.833787 -83.731139 20.392392
v -50.833787 -83.320036 19.664763
v -50.833787 -82.843913 18.977918
v -50.833787 -82.306785 18.337650
v -50.833787 -81.713183 17.749360
v -50.833787 -81.068113 17.218008
v -50.833787 -80.377016 16.748077
v -50.833787 -79.645722 16.343531
v -50.833787 -78.880398 16.007780
v -50.833787 -78.087499 15.743658
v -50.833787 -77.273712 15.553392
v -50.833787 -76.445902 15.438587
v -50.833787 -75.611051 15.400211
v -50.833787 -74.776200 15.438587
v -50.833787 -73.948390 15.553392
v -50.833787 -73.134604 15.743658
v -50.833787 -72.341705 16.007780
v -50.833787 -71.576380 16.343531
v -50.833787 -70.845086 16.748077
v -50.833787 -70.153989 17.218008
v -50.833787 -69.508920 17.749360
v -50.833787 -68.915318 18.337650
v -50.833787 -68.378190 18.977918
v -50.833787 -67.902066 19.664763
v -50.833787 -67.490963 20.392392
v -50.833787 -67.148348 21.154668
v -50.833787 -66.877110 21.945161
v -50.833787 -66.679538 22.757204
v -50.833787 -66.557297 23.583949
v 51.166213 -66.511419 24.418421
v 51.166213 -66.511419 23.582000
v 51.166213 -66.511419 24.582000
v 51.166213 -66.511092 24.527474
v 51.166213 -66.511092 24.472947
v 51.166213 -1.710684 23.582000
v 51.166213 -1.710684 24.418421
v 51.166213 -1.711010 24.472947
v 51.166213 -1.711010 24.527474
v 51.166213 -1.710684 24.582000
v 58.166213 16.488581 24.582000
v 58.166213 16.458902 23.761328
v 58.166213 16.355359 22.946672
v 58.166213 16.178797 22.144669
v 58.166213 15.930651 21.361848
v 58.166213 15.612945 20.604586
v 58.166213 15.228264 19.879048
v 58.166213 14.779741 19.191144
v 58.166213 14.271030 18.546476
v 58.166213 13.706273 17.950294
v 58.166213 13.090069 17.407452
v 58.166213 12.427437 16.922372
v 58.166213 11.723773 16.499004
v 58.166213 10.984806 16.140796
v 58.166213 10.216556 15.850665
v 58.166213 9.425279 15.630974
v 58.166213 8.617418 15.483512
v 58.166213 7.799553 15.409479
v 58.166213 6.978344 15.409479
v 58.166213 6.160479 15.483512
v 58.166213 5.352619 15.630974
v 58.166213 4.561341 15.850665
v 58.166213 3.793091 16.140796
v 58.166213 3.054125 16.499004
v 58.166213 2.350461 16.922372
v 58.166213 1.687828 17.407452
v 58.166213 1.071625 17.950294
v 58.166213 0.506867 18.546476
v 58.166213 -0.001844 19.191144
v 58.166213 -0.450366 19.879048
v 58.166213 -0.835047 20.604586
v 58.166213 -1.152754 21.361848
v 58.166213 -1.400899 22.144669
v 58.166213 -1.577462 22.946672
v 58.166213 -1.681004 23.761328
v 58.166213 -1.710684 24.582000
v 51.166213 -84.710684 24.418421
v 51.166213 -84.710684 23.582000
v -52.833787 -84.710684 24.418421
v -52.833787 -84.710684 23.582000
v -48.833787 -95.144426 24.582000
v -42.742704 -95.144426 24.582000
v -42.742704 -95.144426 23.582000
v -48.833787 -95.144426 23.582000
v -42.742704 -97.144426 23.582000
v -48.833787 -97.144426 23.582000
v -48.833787 -97.144426 2.000000
v -48.833787 -77.899355 2.000000
v -48.833787 -77.899355 5.000000
v -48.833787 -75.899355 5.000000
v -48.833787 -75.899355 2.000000
v -48.833787 3.202789 2.000000
v -48.833787 3.202789 5.000000
v -48.833787 5.202789 5.000000
v -48.833787 5.202789 2.000000
v -48.833787 48.855574 2.000000
v -48.833787 48.855574 24.582000
v -48.833787 14.488478 24.582000
v -48.833787 14.459852 23.858078
v -48.833787 14.357601 23.140841
v -48.833787 14.182791 22.437759
v -48.833787 13.937242 21.756152
v -48.833787 13.623510 21.103116
v -48.833787 13.244862 20.485452
v -48.833787 12.805240 19.909591
v -48.833787 12.309223 19.381529
v -48.833787 11.761974 18.906763
v -48.833787 11.169192 18.490239
v -48.833787 10.537049 18.136292
v -48.833787 9.872127 17.848607
v -48.833787 9.181350 17.630182
v -48.833787 8.471909 17.483289
v -48.833787 7.751193 17.409458
v -48.833787 7.026705 17.409458
v -48.833787 6.305988 17.483289
v -48.833787 5.596548 17.630182
v -48.833787 4.905771 17.848607
v -48.833787 4.240849 18.136292
v -48.833787 3.608706 18.490239
v -48.833787 3.015924 18.906763
v -48.833787 2.468675 19.381529
v -48.833787 1.972658 19.909591
v -48.833787 1.533036 20.485452
v -48.833787 1.154388 21.103116
v -48.833787 0.840656 21.756152
v -48.833787 0.595107 22.437759
v -48.833787 0.420297 23.140841
v -48.833787 0.318046 23.858078
v -48.833787 0.289420 24.582000
v -48.833787 -68.511522 24.582000
v -48.833787 -68.540148 23.858078
v -48.833787 -68.642399 23.140841
v -48.833787 -68.817209 22.437759
v -48.833787 -69.062758 21.756152
v -48.833787 -69.376490 21.103116
v -48.833787 -69.755138 20.485452
v -48.833787 -70.194760 19.909591
v -48.833787 -70.690777 19.381529
v -48.833787 -71.238026 18.906763
v -48.833787 -71.830808 18.490239
v -48.833787 -72.462951 18.136292
v -48.833787 -73.127873 17.848607
v -48.833787 -73.818650 17.630182
v -48.833787 -74.528091 17.483289
v -48.833787 -75.248807 17.409458
v -48.833787 -75.973295 17.409458
v -48.833787 -76.694012 17.483289
v -48.833787 -77.403452 17.630182
v -48.833787 -78.094229 17.848607
v -48.833787 -78.759151 18.136292
v -48.833787 -79.391294 18.490239
v -48.833787 -79.984076 18.906763
v -48.833787 -80.531325 19.381529
v -48.833787 -81.027342 19.909591
v -48.833787 -81.466964 20.485452
v -48.833787 -81.845612 21.103116
v -48.833787 -82.159344 21.756152
v -48.833787 -82.404893 22.437759
v -48.833787 -82.579703 23.140841
v -48.833787 -82.681954 23.858078
v -48.833787 -82.710580 24.582000
v 17.166199 -95.144426 24.582000
v 34.925694 -95.144426 24.582000
v 34.925694 -95.144426 23.582000
v 17.166199 -95.144426 23.582000
v 34.925694 -97.144426 23.582000
v 17.166199 -97.144426 23.582000
v 17.166199 -97.144426 2.000000
v 17.166199 -77.899355 2.000000
v 17.166199 -77.899355 5.000000
v 17.166199 -94.144426 5.000000
v 17.166199 -94.144426 24.582000
v -40.742704 -95.144426 24.582000
v -18.833801 -95.144426 24.582000
v -18.833801 -95.144426 23.582000
v -40.742704 -95.144426 23.582000
v -18.833801 -97.144426 23.582000
v -40.742704 -97.144426 23.582000
v -40.742704 -97.144426 2.000000
v -40.742704 -94.144426 2.000000
v -40.742704 -94.144426 24.582000
v -16.833801 -95.144426 24.582000
v 15.166199 -95.144426 24.582000
v 15.166199 -95.144426 23.582000
v -16.833801 -95.144426 23.582000
v 15.166199 -97.144426 23.582000
v -16.833801 -97.144426 23.582000
v -16.833801 -97.144426 2.000000
v -16.833801 -77.899355 2.000000
v -16.833801 -77.899355 5.000000
v -16.833801 -94.144426 5.000000
v -16.833801 -94.144426 24.582000
v 36.925694 -95.144426 24.582000
v 47.166213 -95.144426 24.582000
v 47.166213 -95.144426 23.582000
v 36.925694 -95.144426 23.582000
v 47.166213 -97.144426 23.582000
v 36.925694 -97.144426 23.582000
v 36.925694 -97.144426 2.000000
v 36.925694 -94.144426 2.000000
v 36.925694 -94.144426 24.582000
v -52.833787 -101.144426 24.582000
v -52.833787 -84.710684 24.582000
v -52.833787 -84.711010 24.527474
v -52.833787 -84.711010 24.472947
v -52.833787 -101.144426 23.582000
v 51.166213 -101.144426 24.582000
v 51.166213 -101.144426 23.582000
v 51.166213 -84.710684 24.582000
v 51.166213 -84.711010 24.472947
v 51.166213 -84.711010 24.527474
v 52.166213 15.388531 24.582000
v 52.166213 14.488478 24.582000
v 52.166213 14.459852 23.858078
v 52.166213 14.357601 23.140841
v 52.166213 14.182791 22.437759
v 52.166213 13.937242 21.756152
v 52.166213 13.623510 21.103116
v 52.166213 13.244862 20.485452
v 52.166213 12.805240 19.909591
v 52.166213 12.309223 19.381529
v 52.166213 11.761974 18.906763
v 52.166213 11.169192 18.490239
v 52.166213 10.537049 18.136292
v 52.166213 9.872127 17.848607
v 52.166213 9.181350 17.630182
v 52.166213 8.471909 17.483289
v 52.166213 7.751193 17.409458
v 52.166213 7.026705 17.409458
v 52.166213 6.305988 17.483289
v 52.166213 5.596548 17.630182
v 52.166213 4.905771 17.848607
v 52.166213 4.240849 18.136292
v 52.166213 3.608706 18.490239
v 52.166213 3.015924 18.906763
v 52.166213 2.468675 19.381529
v 52.166213 1.972658 19.909591
v 52.166213 1.533036 20.485452
v 52.166213 1.154388 21.103116
v 52.166213 0.840656 21.756152
v 52.166213 0.595107 22.437759
v 52.166213 0.420297 23.140841
v 52.166213 0.318046 23.858078
v 52.166213 0.289420 24.582000
v 52.166213 -0.610633 24.582000
v 52.166213 -0.579679 23.792418
v 52.166213 -0.470981 23.009741
v 52.166213 -0.285600 22.241606
v 52.166213 -0.025345 21.495506
v 52.166213 0.307246 20.778721
v 52.166213 0.708928 20.098243
v 52.166213 1.175781 19.460712
v 52.166213 1.703251 18.872348
v 52.166213 2.286193 18.338890
v 52.166213 2.918917 17.865543
v 52.166213 3.595253 17.456925
v 52.166213 4.308600 17.117024
v 52.166213 5.052000 16.849154
v 52.166213 5.818200 16.655929
v 52.166213 6.599725 16.539236
v 52.166213 7.388949 16.500211
v 52.166213 8.178173 16.539236
v 52.166213 8.959698 16.655929
v 52.166213 9.725897 16.849154
v 52.166213 10.469298 17.117024
v 52.166213 11.182645 17.456925
v 52.166213 11.858980 17.865543
v 52.166213 12.491705 18.338890
v 52.166213 13.074646 18.872348
v 52.166213 13.602117 19.460712
v 52.166213 14.068970 20.098243
v 52.166213 14.470652 20.778721
v 52.166213 14.803243 21.495506
v 52.166213 15.063498 22.241606
v 52.166213 15.248879 23.009741
v 52.166213 15.357577 23.792418
v 47.166213 14.488478 24.582000
v 47.166213 14.459852 23.858078
v 47.166213 14.357601 23.140841
v 47.166213 14.182791 22.437759
v 47.166213 13.937242 21.756152
v 47.166213 13.623510 21.103116
v 47.166213 13.244862 20.485452
v 47.166213 12.805240 19.909591
v 47.166213 12.309223 19.381529
v 47.166213 11.761974 18.906763
v 47.166213 11.169192 18.490239
v 47.166213 10.537049 18.136292
v 47.166213 9.872127 17.848607
v 47.166213 9.181350 17.630182
v 47.166213 8.471909 17.483289
v 47.166213 7.751193 17.409458
v 47.166213 7.026705 17.409458
v 47.166213 6.305988 17.483289
v 47.166213 5.596548 17.630182
v 47.166213 4.905771 17.848607
v 47.166213 4.240849 18.136292
v 47.166213 3.608706 18.490239
v 47.166213 3.015924 18.906763
v 47.166213 2.468675 19.381529
v 47.166213 1.972658 19.909591
v 47.166213 1.533036 20.485452
v 47.166213 1.154388 21.103116
v 47.166213 0.840656 21.756152
v 47.166213 0.595107 22.437759
v 47.166213 0.420297 23.140841
v 47.166213 0.318046 23.858078
v 47.166213 0.289420 24.582000
v 47.166213 -82.710580 24.582000
v 47.166213 -82.681954 23.858078
v 47.166213 -82.579703 23.140841
v 47.166213 -82.404893 22.437759
v 47.166213 -82.159344 21.756152
v 47.166213 -81.845612 21.103116
v 47.166213 -81.466964 20.485452
v 47.166213 -81.027342 19.909591
v 47.166213 -80.531325 19.381529
v 47.166213 -79.984076 18.906763
v 47.166213 -79.391294 18.490239
v 47.166213 -78.759151 18.136292
v 47.166213 -78.094229 17.848607
v 47.166213 -77.403452 17.630182
v 47.166213 -76.694012 17.483289
v 47.166213 -75.973295 17.409458
v 47.166213 -75.248807 17.409458
v 47.166213 -74.528091 17.483289
v 47.166213 -73.818650 17.630182
v 47.166213 -73.127873 17.848607
v 47.166213 -72.462951 18.136292
v 47.166213 -71.830808 18.490239
v 47.166213 -71.238026 18.906763
v 47.166213 -70.690777 19.381529
v 47.166213 -70.194760 19.909591
v 47.166213 -69.755138 20.485452
v 47.166213 -69.376490 21.103116
v 47.166213 -69.062758 21.756152
v 47.166213 -68.817209 22.437759
v 47.166213 -68.642399 23.140841
v 47.166213 -68.540148 23.858078
v 47.166213 -68.511522 24.582000
v 47.166213 48.855574 24.582000
v 47.166213 48.855574 2.000000
v 47.166213 5.202789 2.000000
v 47.166213 5.202789 5.000000
v 47.166213 3.202789 5.000000
v 47.166213 3.202789 2.000000
v 47.166213 -75.899355 2.000000
v 47.166213 -75.899355 5.000000
v 47.166213 -77.899355 5.000000
v 47.166213 -77.899355 2.000000
v 47.166213 -97.144426 2.000000
v 58.166213 15.388531 24.582000
v 58.166213 -0.610633 24.582000
v 58.166213 -0.579679 23.792418
v 58.166213 -0.470981 23.009741
v 58.166213 -0.285600 22.241606
v 58.166213 -0.025345 21.495506
v 58.166213 0.307246 20.778721
v 58.166213 0.708928 20.098243
v 58.166213 1.175781 19.460712
v 58.166213 1.703251 18.872348
v 58.166213 2.286193 18.338890
v 58.166213 2.918917 17.865543
v 58.166213 3.595253 17.456925
v 58.166213 4.308600 17.117024
v 58.166213 5.052000 16.849154
v 58.166213 5.818200 16.655929
v 58.166213 6.599725 16.539236
v 58.166213 7.388949 16.500211
v 58.166213 8.178173 16.539236
v 58.166213 8.959698 16.655929
v 58.166213 9.725897 16.849154
v 58.166213 10.469298 17.117024
v 58.166213 11.182645 17.456925
v 58.166213 11.858980 17.865543
v 58.166213 12.491705 18.338890
v 58.166213 13.074646 18.872348
v 58.166213 13.602117 19.460712
v 58.166213 14.068970 20.098243
v 58.166213 14.470652 20.778721
v 58.166213 14.803243 21.495506
v 58.166213 15.063498 22.241606
v 58.166213 15.248879 23.009741
v 58.166213 15.357577 23.792418
v -42.742704 -94.144426 24.582000
v -42.742704 -94.144426 2.000000
v -42.742704 -97.144426 2.000000
v -18.833801 -97.144426 2.000000
v -18.833801 -77.899355 2.000000
v -18.833801 -94.144426 24.582000
v -18.833801 -94.144426 5.000000
v -18.833801 -77.899355 5.000000
v -40.177223 48.855574 24.582000
v -40.177223 48.855574 2.000000
v 34.925694 -97.144426 2.000000
v 34.925694 -94.144426 2.000000
v 15.166199 -77.899355 5.000000
v 15.166199 -94.144426 5.000000
v 17.166199 -75.899355 5.000000
v 17.166199 3.202789 5.000000
v 17.166199 5.202789 5.000000
v 17.166199 48.855574 5.000000
v 15.166199 48.855574 5.000000
v 15.166199 5.202789 5.000000
v -16.833801 5.202789 5.000000
v -16.833801 36.655574 5.000000
v -18.833801 36.655574 5.000000
v -18.833801 5.202789 5.000000
v -18.833801 3.202789 5.000000
v -18.833801 -75.899355 5.000000
v 15.166199 3.202789 5.000000
v 15.166199 -75.899355 5.000000
v -16.833801 -75.899355 5.000000
v -16.833801 3.202789 5.000000
v 15.166199 -77.899355 2.000000
v 15.166199 -97.144426 2.000000
v -18.833801 -75.899355 2.000000
v -18.833801 3.202789 2.000000
v -18.833801 5.202789 2.000000
v -40.177223 36.655574 2.000000
v -18.833801 36.655574 2.000000
v -40.177223 49.355574 24.582000
v -40.177223 36.655574 1.500000
v -40.177223 49.355574 1.500000
v 38.456974 48.855574 24.582000
v 38.456974 49.355574 24.582000
v 38.456974 49.355574 18.184860
v 38.456974 48.855574 18.184860
v -8.593441 48.855574 18.184860
v -8.593441 49.355574 18.184860
v -8.593441 48.855574 1.999566
v -8.593441 48.855574 2.000000
v -8.593441 49.355574 1.500000
v -8.593441 36.655574 1.500000
v -8.593441 36.655574 1.999566
v -8.793113 48.855574 2.000000
v -8.793113 36.655574 2.000000
v -16.833801 36.655574 2.000000
v -16.833801 5.202789 2.000000
v 15.166199 5.202789 2.000000
v 15.166199 48.855574 2.000000
v 17.166199 5.202789 2.000000
v 17.166199 48.855574 2.000000
v 17.166199 3.202789 2.000000
v 17.166199 -75.899355 2.000000
v -8.793113 36.655574 1.999566
v 15.166199 3.202789 2.000000
v 15.166199 -75.899355 2.000000
v -16.833801 -75.899355 2.000000
v -16.833801 3.202789 2.000000
v 21.187561 49.355574 24.582000
v 6.955110 49.355574 24.582000
v 6.368078 49.355574 24.057531
v 5.732909 49.355574 23.592522
v 5.055600 49.355574 23.191365
v 4.342550 49.355574 22.857848
v 3.600493 49.355574 22.595122
v 2.836437 49.355574 22.405667
v 2.057599 49.355574 22.291274
v 1.271336 49.355574 22.253023
v 0.485072 49.355574 22.291274
v -0.293766 49.355574 22.405667
v -1.057822 49.355574 22.595122
v -1.799879 49.355574 22.857848
v -2.512929 49.355574 23.191365
v -3.190238 49.355574 23.592522
v -3.825407 49.355574 24.057531
v -4.412439 49.355574 24.582000
v 32.555110 49.355574 24.582000
v 31.968078 49.355574 24.057531
v 31.332909 49.355574 23.592522
v 30.655600 49.355574 23.191365
v 29.942550 49.355574 22.857848
v 29.200493 49.355574 22.595122
v 28.436437 49.355574 22.405667
v 27.657599 49.355574 22.291274
v 26.871336 49.355574 22.253023
v 26.085072 49.355574 22.291274
v 25.306234 49.355574 22.405667
v 24.542178 49.355574 22.595122
v 23.800121 49.355574 22.857848
v 23.087071 49.355574 23.191365
v 22.409762 49.355574 23.592522
v 21.774593 49.355574 24.057531
v -8.793113 48.855574 1.999566
v 58.166213 -66.511419 24.582000
v 58.166213 -66.541098 23.761328
v 58.166213 -66.644641 22.946672
v 58.166213 -66.821203 22.144669
v 58.166213 -67.069349 21.361848
v 58.166213 -67.387055 20.604586
v 58.166213 -67.771736 19.879048
v 58.166213 -68.220259 19.191144
v 58.166213 -68.728970 18.546476
v 58.166213 -69.293727 17.950294
v 58.166213 -69.909931 17.407452
v 58.166213 -70.572563 16.922372
v 58.166213 -71.276227 16.499004
v 58.166213 -72.015194 16.140796
v 58.166213 -72.783444 15.850665
v 58.166213 -73.574721 15.630974
v 58.166213 -74.382582 15.483512
v 58.166213 -75.200447 15.409479
v 58.166213 -76.021656 15.409479
v 58.166213 -76.839521 15.483512
v 58.166213 -77.647381 15.630974
v 58.166213 -78.438659 15.850665
v 58.166213 -79.206909 16.140796
v 58.166213 -79.945875 16.499004
v 58.166213 -80.649539 16.922372
v 58.166213 -81.312172 17.407452
v 58.166213 -81.928375 17.950294
v 58.166213 -82.493133 18.546476
v 58.166213 -83.001844 19.191144
v 58.166213 -83.450366 19.879048
v 58.166213 -83.835047 20.604586
v 58.166213 -84.152754 21.361848
v 58.166213 -84.400899 22.144669
v 58.166213 -84.577462 22.946672
v 58.166213 -84.681004 23.761328
v 58.166213 -84.710684 24.582000
v 58.166213 -67.611469 24.582000
v 58.166213 -67.642423 23.792418
v 58.166213 -67.751121 23.009741
v 58.166213 -67.936502 22.241606
v 58.166213 -68.196757 21.495506
v 58.166213 -68.529348 20.778721
v 58.166213 -68.931030 20.098243
v 58.166213 -69.397883 19.460712
v 58.166213 -69.925354 18.872348
v 58.166213 -70.508295 18.338890
v 58.166213 -71.141020 17.865543
v 58.166213 -71.817355 17.456925
v 58.166213 -72.530702 17.117024
v 58.166213 -73.274103 16.849154
v 58.166213 -74.040302 16.655929
v 58.166213 -74.821827 16.539236
v 58.166213 -75.611051 16.500211
v 58.166213 -76.400275 16.539236
v 58.166213 -77.181800 16.655929
v 58.166213 -77.948000 16.849154
v 58.166213 -78.691400 17.117024
v 58.166213 -79.404747 17.456925
v 58.166213 -80.081083 17.865543
v 58.166213 -80.713807 18.338890
v 58.166213 -81.296749 18.872348
v 58.166213 -81.824219 19.460712
v 58.166213 -82.291072 20.098243
v 58.166213 -82.692754 20.778721
v 58.166213 -83.025345 21.495506
v 58.166213 -83.285600 22.241606
v 58.166213 -83.470981 23.009741
v 58.166213 -83.579679 23.792418
v 58.166213 -83.610633 24.582000
v -59.833787 -84.710684 24.582000
v -59.833787 -84.681004 23.761328
v -59.833787 -84.577462 22.946672
v -59.833787 -84.400899 22.144669
v -59.833787 -84.152754 21.361848
v -59.833787 -83.835047 20.604586
v -59.833787 -83.450366 19.879048
v -59.833787 -83.001844 19.191144
v -59.833787 -82.493133 18.546476
v -59.833787 -81.928375 17.950294
v -59.833787 -81.312172 17.407452
v -59.833787 -80.649539 16.922372
v -59.833787 -79.945875 16.499004
v -59.833787 -79.206909 16.140796
v -59.833787 -78.438659 15.850665
v -59.833787 -77.647381 15.630974
v -59.833787 -76.839521 15.483512
v -59.833787 -76.021656 15.409479
v -59.833787 -75.200447 15.409479
v -59.833787 -74.382582 15.483512
v -59.833787 -73.574721 15.630974
v -59.833787 -72.783444 15.850665
v -59.833787 -72.015194 16.140796
v -59.833787 -71.276227 16.499004
v -59.833787 -70.572563 16.922372
v -59.833787 -69.909931 17.407452
v -59.833787 -69.293727 17.950294
v -59.833787 -68.728970 18.546476
v -59.833787 -68.220259 19.191144
v -59.833787 -67.771736 19.879048
v -59.833787 -67.387055 20.604586
v -59.833787 -67.069349 21.361848
v -59.833787 -66.821203 22.144669
v -59.833787 -66.644641 22.946672
v -59.833787 -66.541098 23.761328
v -59.833787 -66.511419 24.582000
v 52.166213 -67.611469 24.582000
v 52.166213 -67.642423 23.792418
v 52.166213 -67.751121 23.009741
v 52.166213 -67.936502 22.241606
v 52.166213 -68.196757 21.495506
v 52.166213 -68.529348 20.778721
v 52.166213 -68.931030 20.098243
v 52.166213 -69.397883 19.460712
v 52.166213 -69.925354 18.872348
v 52.166213 -70.508295 18.338890
v 52.166213 -71.141020 17.865543
v 52.166213 -71.817355 17.456925
v 52.166213 -72.530702 17.117024
v 52.166213 -73.274103 16.849154
v 52.166213 -74.040302 16.655929
v 52.166213 -74.821827 16.539236
v 52.166213 -75.611051 16.500211
v 52.166213 -76.400275 16.539236
v 52.166213 -77.181800 16.655929
v 52.166213 -77.948000 16.849154
v 52.166213 -78.691400 17.117024
v 52.166213 -79.404747 17.456925
v 52.166213 -80.081083 17.865543
v 52.166213 -80.713807 18.338890
v 52.166213 -81.296749 18.872348
v 52.166213 -81.824219 19.460712
v 52.166213 -82.291072 20.098243
v 52.166213 -82.692754 20.778721
v 52.166213 -83.025345 21.495506
v 52.166213 -83.285600 22.241606
v 52.166213 -83.470981 23.009741
v 52.166213 -83.579679 23.792418
v 52.166213 -83.610633 24.582000
v -59.833787 -67.611469 24.582000
v -59.833787 -83.610633 24.582000
v -59.833787 -83.579679 23.792418
v -59.833787 -83.470981 23.009741
v -59.833787 -83.285600 22.241606
v -59.833787 -83.025345 21.495506
v -59.833787 -82.692754 20.778721
v -59.833787 -82.291072 20.098243
v -59.833787 -81.824219 19.460712
v -59.833787 -81.296749 18.872348
v -59.833787 -80.713807 18.338890
v -59.833787 -80.081083 17.865543
v -59.833787 -79.404747 17.456925
v -59.833787 -78.691400 17.117024
v -59.833787 -77.948000 16.849154
v -59.833787 -77.181800 16.655929
v -59.833787 -76.400275 16.539236
v -59.833787 -75.611051 16.500211
v -59.833787 -74.821827 16.539236
v -59.833787 -74.040302 16.655929
v -59.833787 -73.274103 16.849154
v -59.833787 -72.530702 17.117024
v -59.833787 -71.817355 17.456925
v -59.833787 -71.141020 17.865543
v -59.833787 -70.508295 18.338890
v -59.833787 -69.925354 18.872348
v -59.833787 -69.397883 19.460712
v -59.833787 -68.931030 20.098243
v -59.833787 -68.529348 20.778721
v -59.833787 -68.196757 21.495506
v -59.833787 -67.936502 22.241606
v -59.833787 -67.751121 23.009741
v -59.833787 -67.642423 23.792418
v 52.166213 -68.511522 24.582000
v 52.166213 -68.540148 23.858078
v 52.166213 -68.642399 23.140841
v 52.166213 -68.817209 22.437759
v 52.166213 -69.062758 21.756152
v 52.166213 -69.376490 21.103116
v 52.166213 -69.755138 20.485452
v 52.166213 -70.194760 19.909591
v 52.166213 -70.690777 19.381529
v 52.166213 -71.238026 18.906763
v 52.166213 -71.830808 18.490239
v 52.166213 -72.462951 18.136292
v 52.166213 -73.127873 17.848607
v 52.166213 -73.818650 17.630182
v 52.166213 -74.528091 17.483289
v 52.166213 -75.248807 17.409458
v 52.166213 -75.973295 17.409458
v 52.166213 -76.694012 17.483289
v 52.166213 -77.403452 17.630182
v 52.166213 -78.094229 17.848607
v 52.166213 -78.759151 18.136292
v 52.166213 -79.391294 18.490239
v 52.166213 -79.984076 18.906763
v 52.166213 -80.531325 19.381529
v 52.166213 -81.027342 19.909591
v 52.166213 -81.466964 20.485452
v 52.166213 -81.845612 21.103116
v 52.166213 -82.159344 21.756152
v 52.166213 -82.404893 22.437759
v 52.166213 -82.579703 23.140841
v 52.166213 -82.681954 23.858078
v 52.166213 -82.710580 24.582000
v -53.833787 -67.611469 24.582000
v -53.833787 -83.610633 24.582000
v -53.833787 -83.579679 23.792418
v -53.833787 -83.470981 23.009741
v -53.833787 -83.285600 22.241606
v -53.833787 -83.025345 21.495506
v -53.833787 -82.692754 20.778721
v -53.833787 -82.291072 20.098243
v -53.833787 -81.824219 19.460712
v -53.833787 -81.296749 18.872348
v -53.833787 -80.713807 18.338890
v -53.833787 -80.081083 17.865543
v -53.833787 -79.404747 17.456925
v -53.833787 -78.691400 17.117024
v -53.833787 -77.948000 16.849154
v -53.833787 -77.181800 16.655929
v -53.833787 -76.400275 16.539236
v -53.833787 -75.611051 16.500211
v -53.833787 -74.821827 16.539236
v -53.833787 -74.040302 16.655929
v -53.833787 -73.274103 16.849154
v -53.833787 -72.530702 17.117024
v -53.833787 -71.817355 17.456925
v -53.833787 -71.141020 17.865543
v -53.833787 -70.508295 18.338890
v -53.833787 -69.925354 18.872348
v -53.833787 -69.397883 19.460712
v -53.833787 -68.931030 20.098243
v -53.833787 -68.529348 20.778721
v -53.833787 -68.196757 21.495506
v -53.833787 -67.936502 22.241606
v -53.833787 -67.751121 23.009741
v -53.833787 -67.642423 23.792418
v -53.833787 -68.511522 24.582000
v -53.833787 -82.710580 24.582000
v -53.833787 -82.681954 23.858078
v -53.833787 -82.579703 23.140841
v -53.833787 -82.404893 22.437759
v -53.833787 -82.159344 21.756152
v -53.833787 -81.845612 21.103116
v -53.833787 -81.466964 20.485452
v -53.833787 -81.027342 19.909591
v -53.833787 -80.531325 19.381529
v -53.833787 -79.984076 18.906763
v -53.833787 -79.391294 18.490239
v -53.833787 -78.759151 18.136292
v -53.833787 -78.094229 17.848607
v -53.833787 -77.403452 17.630182
v -53.833787 -76.694012 17.483289
v -53.833787 -75.973295 17.409458
v -53.833787 -75.248807 17.409458
v -53.833787 -74.528091 17.483289
v -53.833787 -73.818650 17.630182
v -53.833787 -73.127873 17.848607
v -53.833787 -72.462951 18.136292
v -53.833787 -71.830808 18.490239
v -53.833787 -71.238026 18.906763
v -53.833787 -70.690777 19.381529
v -53.833787 -70.194760 19.909591
v -53.833787 -69.755138 20.485452
v -53.833787 -69.376490 21.103116
v -53.833787 -69.062758 21.756152
v -53.833787 -68.817209 22.437759
v -53.833787 -68.642399 23.140841
v -53.833787 -68.540148 23.858078
v 34.925694 -94.144426 24.582000
v 15.166199 -94.144426 24.582000
v -59.833787 15.388531 24.582000
v -59.833787 -0.610633 24.582000
v -59.833787 -0.579679 23.792418
v -59.833787 -0.470981 23.009741
v -59.833787 -0.285600 22.241606
v -59.833787 -0.025345 21.495506
v -59.833787 0.307246 20.778721
v -59.833787 0.708928 20.098243
v -59.833787 1.175781 19.460712
v -59.833787 1.703251 18.872348
v -59.833787 2.286193 18.338890
v -59.833787 2.918917 17.865543
v -59.833787 3.595253 17.456925
v -59.833787 4.308600 17.117024
v -59.833787 5.052000 16.849154
v -59.833787 5.818200 16.655929
v -59.833787 6.599725 16.539236
v -59.833787 7.388949 16.500211
v -59.833787 8.178173 16.539236
v -59.833787 8.959698 16.655929
v -59.833787 9.725897 16.849154
v -59.833787 10.469298 17.117024
v -59.833787 11.182645 17.456925
v -59.833787 11.858980 17.865543
v -59.833787 12.491705 18.338890
v -59.833787 13.074646 18.872348
v -59.833787 13.602117 19.460712
v -59.833787 14.068970 20.098243
v -59.833787 14.470652 20.778721
v -59.833787 14.803243 21.495506
v -59.833787 15.063498 22.241606
v -59.833787 15.248879 23.009741
v -59.833787 15.357577 23.792418
v -53.833787 15.388531 24.582000
v -53.833787 -0.610633 24.582000
v -53.833787 -0.579679 23.792418
v -53.833787 -0.470981 23.009741
v -53.833787 -0.285600 22.241606
v -53.833787 -0.025345 21.495506
v -53.833787 0.307246 20.778721
v -53.833787 0.708928 20.098243
v -53.833787 1.175781 19.460712
v -53.833787 1.703251 18.872348
v -53.833787 2.286193 18.338890
v -53.833787 2.918917 17.865543
v -53.833787 3.595253 17.456925
v -53.833787 4.308600 17.117024
v -53.833787 5.052000 16.849154
v -53.833787 5.818200 16.655929
v -53.833787 6.599725 16.539236
v -53.833787 7.388949 16.500211
v -53.833787 8.178173 16.539236
v -53.833787 8.959698 16.655929
v -53.833787 9.725897 16.849154
v -53.833787 10.469298 17.117024
v -53.833787 11.182645 17.456925
v -53.833787 11.858980 17.865543
v -53.833787 12.491705 18.338890
v -53.833787 13.074646 18.872348
v -53.833787 13.602117 19.460712
v -53.833787 14.068970 20.098243
v -53.833787 14.470652 20.778721
v -53.833787 14.803243 21.495506
v -53.833787 15.063498 22.241606
v -53.833787 15.248879 23.009741
v -53.833787 15.357577 23.792418
v -53.833787 14.488478 24.582000
v -53.833787 0.289420 24.582000
v -53.833787 0.318046 23.858078
v -53.833787 0.420297 23.140841
v -53.833787 0.595107 22.437759
v -53.833787 0.840656 21.756152
v -53.833787 1.154388 21.103116
v -53.833787 1.533036 20.485452
v -53.833787 1.972658 19.909591
v -53.833787 2.468675 19.381529
v -53.833787 3.015924 18.906763
v -53.833787 3.608706 18.490239
v -53.833787 4.240849 18.136292
v -53.833787 4.905771 17.848607
v -53.833787 5.596548 17.630182
v -53.833787 6.305988 17.483289
v -53.833787 7.026705 17.409458
v -53.833787 7.751193 17.409458
v -53.833787 8.471909 17.483289
v -53.833787 9.181350 17.630182
v -53.833787 9.872127 17.848607
v -53.833787 10.537049 18.136292
v -53.833787 11.169192 18.490239
v -53.833787 11.761974 18.906763
v -53.833787 12.309223 19.381529
v -53.833787 12.805240 19.909591
v -53.833787 13.244862 20.485452
v -53.833787 13.623510 21.103116
v -53.833787 13.937242 21.756152
v -53.833787 14.182791 22.437759
v -53.833787 14.357601 23.140841
v -53.833787 14.459852 23.858078
v -49.433787 -66.011051 23.800000
v -50.233787 -66.011051 23.800000
v -50.233787 -2.211051 23.800000
v -49.433787 -2.211051 23.800000
v -49.433787 -66.011051 23.500000
v -50.233787 -66.011051 23.500000
v -49.433787 -2.211051 23.500000
v -50.233787 -2.211051 23.500000
v -50.333787 -96.644426 23.800000
v -50.333787 -85.111051 23.800000
v -49.333787 -85.111051 23.800000
v -49.333787 -96.644426 23.800000
v -50.333787 -96.644426 23.500000
v -50.333787 -85.111051 23.500000
v -49.333787 -96.644426 23.500000
v -49.333787 -85.111051 23.500000
v -49.433787 16.988949 23.800000
v -50.233787 16.988949 23.800000
v -50.233787 48.255574 23.800000
v -49.433787 48.255574 23.800000
v -49.433787 16.988949 23.500000
v -50.233787 16.988949 23.500000
v -49.433787 48.255574 23.500000
v -50.233787 48.255574 23.500000
v 48.566213 -2.211051 23.800000
v 47.766213 -2.211051 23.800000
v 47.766213 -2.211051 23.500000
v 48.566213 -2.211051 23.500000
v 47.766213 -66.011051 23.800000
v 47.766213 -66.011051 23.500000
v 48.566213 -66.011051 23.500000
v 48.566213 -66.011051 23.800000
v 48.566213 16.988949 23.800000
v 48.566213 48.255574 23.800000
v 48.566213 48.255574 23.500000
v 48.566213 16.988949 23.500000
v 47.766213 48.255574 23.800000
v 47.766213 48.255574 23.500000
v 47.766213 16.988949 23.500000
v 47.766213 16.988949 23.800000
v 48.566213 -85.211051 23.800000
v 47.766213 -85.211051 23.800000
v 47.766213 -85.211051 23.500000
v 48.566213 -85.211051 23.500000
v 47.766213 -96.544426 23.800000
v 47.766213 -96.544426 23.500000
v 48.566213 -96.544426 23.500000
v 48.566213 -96.544426 23.800000
vt 0.000000 0.000000 0.000000
vt 0.200000 0.000000 0.000000
vt 0.000000 0.100000 0.000000
vt 0.200000 0.100000 0.000000
vt 0.000000 0.000000 0.000000
vt 1.423245 0.000000 0.000000
vt 0.000000 0.100000 0.000000
vt 1.423245 0.100000 0.000000
vt 0.000000 0.000000 0.000000
vt 0.200000 0.000000 0.000000
vt 0.000000 0.100000 0.000000
vt 0.200000 0.100000 0.000000
vt -0.000000 0.000000 0.000000
vt 0.200000 0.000000 0.000000
vt 0.000000 0.100000 0.000000
vt 0.200000 0.100000 0.000000
vt -0.711623 -0.100000 0.000000
vt 0.711623 -0.100000 0.000000
vt -0.711623 0.100000 0.000000
vt 0.711623 0.100000 0.000000
vt -0.000000 0.000000 0.000000
vt 0.200000 0.000000 0.000000
vt 0.000000 0.100000 0.000000
vt 0.200000 0.100000 0.000000
vt 3.636699 0.000000 0.000000
vt 3.636667 0.005453 0.000000
vt 0.000000 0.000000 0.000000
vt 3.636667 0.010905 0.000000
vt 3.636699 0.016358 0.000000
vt 3.636699 0.100000 0.000000
vt 0.000000 0.100000 0.000000
vt 0.000000 0.016358 0.000000
vt 0.200000 0.016358 0.000000
vt 0.000000 0.100000 0.000000
vt 0.200000 0.100000 0.000000
vt -0.390186 0.000000 0.000000
vt 1.470924 0.000000 0.000000
vt -0.390186 0.100000 0.000000
vt 1.470924 0.100000 0.000000
vt 1.125648 1.618350 0.000000
vt 1.125648 1.818350 0.000000
vt -0.535462 1.618350 0.000000
vt -0.735462 1.818350 0.000000
vt -0.735462 -1.818350 0.000000
vt -0.535462 -1.818350 0.000000
vt -0.000000 2.358200 0.000000
vt 1.922366 2.285785 0.000000
vt 1.661110 2.358200 0.000000
vt 1.851061 2.319136 0.000000
vt 1.783330 2.359252 0.000000
vt -0.000000 0.000000 0.000000
vt 2.150861 2.229127 0.000000
vt 2.072978 2.240567 0.000000
vt 1.996572 2.259512 0.000000
vt 10.000000 0.000000 0.000000
vt 4.789488 2.225302 0.000000
vt 4.710861 2.229127 0.000000
vt 2.308114 2.229127 0.000000
vt 2.385998 2.240567 0.000000
vt 4.632978 2.240567 0.000000
vt 2.462404 2.259512 0.000000
vt 4.556572 2.259512 0.000000
vt 2.536609 2.285785 0.000000
vt 4.482366 2.285785 0.000000
vt 2.797865 2.358200 0.000000
vt 4.221110 2.358200 0.000000
vt 4.411061 2.319136 0.000000
vt 4.343330 2.359252 0.000000
vt 10.000000 2.358200 0.000000
vt 4.945998 2.240567 0.000000
vt 4.868114 2.229127 0.000000
vt 5.022404 2.259512 0.000000
vt 5.357865 2.358200 0.000000
vt 5.096609 2.285785 0.000000
vt 5.167914 2.319136 0.000000
vt 5.235645 2.359252 0.000000
vt 5.299162 2.405753 0.000000
vt 5.357865 2.458200 0.000000
vt 4.279813 2.405753 0.000000
vt 4.221110 2.458200 0.000000
vt 2.797865 2.458200 0.000000
vt 2.739162 2.405753 0.000000
vt 2.675645 2.359252 0.000000
vt 2.607914 2.319136 0.000000
vt 2.229488 2.225302 0.000000
vt 1.719813 2.405753 0.000000
vt 1.661110 2.458200 0.000000
vt 11.563301 2.358200 0.000000
vt 11.546489 2.275720 0.000000
vt 15.000000 2.358200 0.000000
vt 11.526732 2.194516 0.000000
vt 11.499608 2.115467 0.000000
vt 11.563301 2.441842 0.000000
vt 11.558713 2.358395 0.000000
vt 11.465346 2.039239 0.000000
vt 11.424236 1.966476 0.000000
vt 11.376624 1.897792 0.000000
vt 11.322911 1.833765 0.000000
vt 11.263551 1.774936 0.000000
vt 11.199044 1.721801 0.000000
vt 11.129934 1.674808 0.000000
vt 11.056805 1.634353 0.000000
vt 15.000000 0.000000 0.000000
vt 10.980272 1.600778 0.000000
vt 10.900982 1.574366 0.000000
vt 10.819604 1.555339 0.000000
vt 10.736823 1.543859 0.000000
vt 10.653338 1.540021 0.000000
vt 10.569852 1.543859 0.000000
vt 0.000000 0.000000 0.000000
vt 2.436823 1.543859 0.000000
vt 2.353338 1.540021 0.000000
vt 2.519604 1.555339 0.000000
vt 10.487071 1.555339 0.000000
vt 2.600982 1.574366 0.000000
vt 10.405693 1.574366 0.000000
vt 2.680272 1.600778 0.000000
vt 10.326403 1.600778 0.000000
vt 2.756805 1.634353 0.000000
vt 10.249870 1.634353 0.000000
vt 2.829934 1.674808 0.000000
vt 10.176741 1.674808 0.000000
vt 2.899044 1.721801 0.000000
vt 10.107631 1.721801 0.000000
vt 2.963551 1.774936 0.000000
vt 10.043124 1.774936 0.000000
vt 3.022911 1.833765 0.000000
vt 9.983764 1.833765 0.000000
vt 3.076624 1.897792 0.000000
vt 9.930051 1.897792 0.000000
vt 3.124236 1.966476 0.000000
vt 9.882439 1.966476 0.000000
vt 3.165346 2.039239 0.000000
vt 9.841329 2.039239 0.000000
vt 3.199608 2.115467 0.000000
vt 9.807067 2.115467 0.000000
vt 3.226732 2.194516 0.000000
vt 9.779943 2.194516 0.000000
vt 3.246489 2.275720 0.000000
vt 9.760186 2.275720 0.000000
vt 3.263301 2.358200 0.000000
vt 9.743374 2.358200 0.000000
vt 9.747962 2.358395 0.000000
vt 9.743374 2.441842 0.000000
vt 3.263301 2.441842 0.000000
vt 3.258713 2.358395 0.000000
vt 2.269852 1.543859 0.000000
vt 2.187071 1.555339 0.000000
vt 2.105693 1.574366 0.000000
vt 2.026403 1.600778 0.000000
vt 1.949870 1.634353 0.000000
vt 1.876741 1.674808 0.000000
vt 0.000000 2.358200 0.000000
vt 1.807631 1.721801 0.000000
vt 1.743124 1.774936 0.000000
vt 1.683764 1.833765 0.000000
vt 1.630051 1.897792 0.000000
vt 1.582439 1.966476 0.000000
vt 1.541329 2.039239 0.000000
vt 1.507067 2.115467 0.000000
vt 1.479943 2.194516 0.000000
vt 1.460186 2.275720 0.000000
vt 1.443374 2.358200 0.000000
vt 1.447962 2.358395 0.000000
vt 1.443374 2.441842 0.000000
vt 0.000000 0.000000 0.000000
vt 4.842135 0.000000 0.000000
vt 0.000000 0.100000 0.000000
vt 4.842135 0.100000 0.000000
vt 0.000033 0.010905 0.000000
vt 3.636699 0.000000 0.000000
vt 0.000000 0.016358 0.000000
vt 3.636699 0.100000 0.000000
vt 0.000000 0.100000 0.000000
vt 0.000033 0.005453 0.000000
vt 0.000000 0.000000 0.000000
vt 0.000000 0.016358 0.000000
vt 0.200000 0.016358 0.000000
vt 0.000000 0.100000 0.000000
vt 0.200000 0.100000 0.000000
vt 0.532828 -1.818350 0.000000
vt 0.732828 -1.818350 0.000000
vt 0.532828 1.618350 0.000000
vt 0.732828 1.818350 0.000000
vt -4.109307 1.818350 0.000000
vt -4.109307 1.618350 0.000000
vt 0.100000 -0.008179 0.000000
vt 0.100000 -0.002726 0.000000
vt -0.600000 -0.008179 0.000000
vt 0.100000 0.002726 0.000000
vt 0.100000 0.008179 0.000000
vt -0.600000 0.073970 0.000000
vt 0.300000 0.008179 0.000000
vt 0.300000 0.091782 0.000000
vt -0.600000 0.156119 0.000000
vt 0.300000 0.175384 0.000000
vt -0.600000 0.238267 0.000000
vt 0.300000 0.258987 0.000000
vt -0.600000 0.320416 0.000000
vt 0.300000 0.342590 0.000000
vt -0.600000 0.402565 0.000000
vt 0.300000 0.426192 0.000000
vt -0.600000 0.484714 0.000000
vt 0.300000 0.509795 0.000000
vt -0.600000 0.566862 0.000000
vt 0.300000 0.593398 0.000000
vt -0.600000 0.649011 0.000000
vt 0.300000 0.677001 0.000000
vt -0.600000 0.731160 0.000000
vt 0.300000 0.760603 0.000000
vt -0.600000 0.813309 0.000000
vt 0.300000 0.844206 0.000000
vt -0.600000 0.895458 0.000000
vt 0.300000 0.927809 0.000000
vt -0.600000 0.977606 0.000000
vt 0.300000 1.011411 0.000000
vt -0.600000 1.059755 0.000000
vt 0.300000 1.095014 0.000000
vt -0.600000 1.141904 0.000000
vt 0.300000 1.178617 0.000000
vt -0.600000 1.224053 0.000000
vt 0.300000 1.262219 0.000000
vt -0.600000 1.306201 0.000000
vt 0.300000 1.345822 0.000000
vt -0.600000 1.388350 0.000000
vt 0.300000 1.429425 0.000000
vt -0.600000 1.470499 0.000000
vt 0.300000 1.513027 0.000000
vt -0.600000 1.552648 0.000000
vt 0.300000 1.596630 0.000000
vt -0.600000 1.634797 0.000000
vt 0.300000 1.680233 0.000000
vt -0.600000 1.716945 0.000000
vt 0.300000 1.763835 0.000000
vt -0.600000 1.799094 0.000000
vt 0.300000 1.847438 0.000000
vt -0.600000 1.881243 0.000000
vt 0.300000 1.931041 0.000000
vt -0.600000 1.963392 0.000000
vt 0.300000 2.014643 0.000000
vt -0.600000 2.045541 0.000000
vt 0.300000 2.098246 0.000000
vt -0.600000 2.127689 0.000000
vt 0.300000 2.181849 0.000000
vt -0.600000 2.209838 0.000000
vt 0.300000 2.265451 0.000000
vt -0.600000 2.291987 0.000000
vt 0.300000 2.349054 0.000000
vt -0.600000 2.374136 0.000000
vt 0.300000 2.432657 0.000000
vt -0.600000 2.456284 0.000000
vt 0.300000 2.516260 0.000000
vt -0.600000 2.538433 0.000000
vt 0.300000 2.599862 0.000000
vt -0.600000 2.620582 0.000000
vt 0.300000 2.683465 0.000000
vt -0.600000 2.702731 0.000000
vt 0.300000 2.767068 0.000000
vt -0.600000 2.784880 0.000000
vt 0.300000 2.850670 0.000000
vt 0.100000 2.850670 0.000000
vt -0.600000 2.867028 0.000000
vt 0.100000 2.856123 0.000000
vt 0.100000 2.861576 0.000000
vt 0.100000 2.867028 0.000000
vt 0.000033 0.010905 0.000000
vt 6.480041 0.010905 0.000000
vt 0.000000 0.016358 0.000000
vt 6.480074 0.016358 0.000000
vt 0.000000 0.100000 0.000000
vt 6.480074 0.100000 0.000000
vt 6.480041 0.005453 0.000000
vt 0.000033 0.005453 0.000000
vt 6.480074 0.000000 0.000000
vt 0.000000 0.000000 0.000000
vt 0.000000 0.016358 0.000000
vt 0.200000 0.016358 0.000000
vt 0.000000 0.100000 0.000000
vt 0.200000 0.100000 0.000000
vt 0.000000 0.016358 0.000000
vt 0.200000 0.016358 0.000000
vt 0.000000 0.100000 0.000000
vt 0.200000 0.100000 0.000000
vt 0.100000 3.240037 0.000000
vt -0.100000 3.240037 0.000000
vt 0.100000 -3.240037 0.000000
vt -0.100000 -3.240037 0.000000
vt -0.000000 2.358200 0.000000
vt 3.453511 2.275720 0.000000
vt 3.436699 2.358200 0.000000
vt 3.441287 2.358395 0.000000
vt 3.436699 2.441842 0.000000
vt -0.000000 0.000000 0.000000
vt 3.943195 1.634353 0.000000
vt 3.870066 1.674808 0.000000
vt 3.800956 1.721801 0.000000
vt 15.000000 0.000000 0.000000
vt 4.430148 1.543859 0.000000
vt 4.346662 1.540021 0.000000
vt 4.263177 1.543859 0.000000
vt 15.000000 2.358200 0.000000
vt 13.123259 1.674808 0.000000
vt 13.050130 1.634353 0.000000
vt 12.973597 1.600778 0.000000
vt 13.556626 2.358200 0.000000
vt 13.539814 2.275720 0.000000
vt 13.520057 2.194516 0.000000
vt 13.492933 2.115467 0.000000
vt 13.556626 2.441842 0.000000
vt 13.552038 2.358395 0.000000
vt 13.458671 2.039239 0.000000
vt 13.417561 1.966476 0.000000
vt 13.369949 1.897792 0.000000
vt 13.316236 1.833765 0.000000
vt 13.256876 1.774936 0.000000
vt 13.192369 1.721801 0.000000
vt 12.894307 1.574366 0.000000
vt 12.812929 1.555339 0.000000
vt 12.730148 1.543859 0.000000
vt 12.646662 1.540021 0.000000
vt 12.563177 1.543859 0.000000
vt 4.512929 1.555339 0.000000
vt 12.480396 1.555339 0.000000
vt 4.594307 1.574366 0.000000
vt 12.399018 1.574366 0.000000
vt 4.673597 1.600778 0.000000
vt 12.319728 1.600778 0.000000
vt 4.750130 1.634353 0.000000
vt 12.243195 1.634353 0.000000
vt 4.823259 1.674808 0.000000
vt 12.170066 1.674808 0.000000
vt 4.892369 1.721801 0.000000
vt 12.100956 1.721801 0.000000
vt 4.956876 1.774936 0.000000
vt 12.036449 1.774936 0.000000
vt 5.016236 1.833765 0.000000
vt 11.977089 1.833765 0.000000
vt 5.069949 1.897792 0.000000
vt 11.923376 1.897792 0.000000
vt 5.117561 1.966476 0.000000
vt 11.875764 1.966476 0.000000
vt 5.158671 2.039239 0.000000
vt 11.834654 2.039239 0.000000
vt 5.192933 2.115467 0.000000
vt 11.800392 2.115467 0.000000
vt 5.220057 2.194516 0.000000
vt 11.773268 2.194516 0.000000
vt 5.239814 2.275720 0.000000
vt 11.753511 2.275720 0.000000
vt 5.256626 2.358200 0.000000
vt 11.736699 2.358200 0.000000
vt 11.741287 2.358395 0.000000
vt 11.736699 2.441842 0.000000
vt 5.256626 2.441842 0.000000
vt 5.252038 2.358395 0.000000
vt 4.180396 1.555339 0.000000
vt 4.099018 1.574366 0.000000
vt 4.019728 1.600778 0.000000
vt 3.736449 1.774936 0.000000
vt 3.677089 1.833765 0.000000
vt 3.623376 1.897792 0.000000
vt 3.575764 1.966476 0.000000
vt 3.534654 2.039239 0.000000
vt 3.500392 2.115467 0.000000
vt 3.473268 2.194516 0.000000
vt 0.000000 0.016358 0.000000
vt 0.200000 0.016358 0.000000
vt 0.000000 0.100000 0.000000
vt 0.200000 0.100000 0.000000
vt 0.000000 0.000000 0.000000
vt 6.480074 0.000000 0.000000
vt 0.000033 0.005453 0.000000
vt 6.480041 0.005453 0.000000
vt 0.000033 0.010905 0.000000
vt 6.480041 0.010905 0.000000
vt 0.000000 0.016358 0.000000
vt 6.480074 0.016358 0.000000
vt 0.000000 0.100000 0.000000
vt 6.480074 0.100000 0.000000
vt 0.000000 0.016358 0.000000
vt 0.200000 0.016358 0.000000
vt 0.000000 0.100000 0.000000
vt 0.200000 0.100000 0.000000
vt 0.100000 3.240037 0.000000
vt -0.100000 3.240037 0.000000
vt 0.100000 -3.240037 0.000000
vt -0.100000 -3.240037 0.000000
vt 0.100000 2.856123 0.000000
vt -0.600000 2.867028 0.000000
vt 0.100000 2.850670 0.000000
vt -0.600000 2.784880 0.000000
vt 0.300000 2.850670 0.000000
vt 0.300000 2.767068 0.000000
vt -0.600000 2.702731 0.000000
vt 0.300000 2.683465 0.000000
vt -0.600000 2.620582 0.000000
vt 0.300000 2.599862 0.000000
vt -0.600000 2.538433 0.000000
vt 0.300000 2.516260 0.000000
vt -0.600000 2.456284 0.000000
vt 0.300000 2.432657 0.000000
vt -0.600000 2.374136 0.000000
vt 0.300000 2.349054 0.000000
vt -0.600000 2.291987 0.000000
vt 0.300000 2.265451 0.000000
vt -0.600000 2.209838 0.000000
vt 0.300000 2.181849 0.000000
vt -0.600000 2.127689 0.000000
vt 0.300000 2.098246 0.000000
vt -0.600000 2.045541 0.000000
vt 0.300000 2.014643 0.000000
vt -0.600000 1.963392 0.000000
vt 0.300000 1.931041 0.000000
vt -0.600000 1.881243 0.000000
vt 0.300000 1.847438 0.000000
vt -0.600000 1.799094 0.000000
vt 0.300000 1.763835 0.000000
vt -0.600000 1.716945 0.000000
vt 0.300000 1.680233 0.000000
vt -0.600000 1.634797 0.000000
vt 0.300000 1.596630 0.000000
vt -0.600000 1.552648 0.000000
vt 0.300000 1.513027 0.000000
vt -0.600000 1.470499 0.000000
vt 0.300000 1.429425 0.000000
vt -0.600000 1.388350 0.000000
vt 0.300000 1.345822 0.000000
vt -0.600000 1.306201 0.000000
vt 0.300000 1.262219 0.000000
vt -0.600000 1.224053 0.000000
vt 0.300000 1.178617 0.000000
vt -0.600000 1.141904 0.000000
vt 0.300000 1.095014 0.000000
vt -0.600000 1.059755 0.000000
vt 0.300000 1.011411 0.000000
vt -0.600000 0.977606 0.000000
vt 0.300000 0.927809 0.000000
vt -0.600000 0.895458 0.000000
vt 0.300000 0.844206 0.000000
vt -0.600000 0.813309 0.000000
vt 0.300000 0.760603 0.000000
vt -0.600000 0.731160 0.000000
vt 0.300000 0.677001 0.000000
vt -0.600000 0.649011 0.000000
vt 0.300000 0.593398 0.000000
vt -0.600000 0.566862 0.000000
vt 0.300000 0.509795 0.000000
vt -0.600000 0.484714 0.000000
vt 0.300000 0.426192 0.000000
vt -0.600000 0.402565 0.000000
vt 0.300000 0.342590 0.000000
vt -0.600000 0.320416 0.000000
vt 0.300000 0.258987 0.000000
vt -0.600000 0.238267 0.000000
vt 0.300000 0.175384 0.000000
vt -0.600000 0.156119 0.000000
vt 0.300000 0.091782 0.000000
vt -0.600000 0.073970 0.000000
vt 0.300000 0.008179 0.000000
vt 0.100000 0.008179 0.000000
vt -0.600000 -0.008179 0.000000
vt 0.100000 0.002726 0.000000
vt 0.100000 -0.002726 0.000000
vt 0.100000 -0.008179 0.000000
vt 0.100000 2.861576 0.000000
vt 0.100000 2.867028 0.000000
vt 0.000000 0.016358 0.000000
vt 0.200000 0.016358 0.000000
vt 0.000000 0.100000 0.000000
vt 0.200000 0.100000 0.000000
vt 0.000000 0.016358 0.000000
vt 0.200000 0.016358 0.000000
vt 0.000000 0.100000 0.000000
vt 0.200000 0.100000 0.000000
vt 0.000000 0.000000 0.000000
vt 0.609108 0.000000 0.000000
vt 0.000000 0.100000 0.000000
vt 0.609108 0.100000 0.000000
vt -0.304554 -0.100000 0.000000
vt 0.304554 -0.100000 0.000000
vt -0.304554 0.100000 0.000000
vt 0.304554 0.100000 0.000000
vt -13.356615 2.458200 0.000000
vt -14.600000 2.458200 0.000000
vt -13.353753 2.385808 0.000000
vt -14.600000 2.358200 0.000000
vt -13.343528 2.314084 0.000000
vt -13.326047 2.243776 0.000000
vt -13.301492 2.175615 0.000000
vt -14.800000 2.358200 0.000000
vt -13.270119 2.110312 0.000000
vt -13.232254 2.048545 0.000000
vt -13.188292 1.990959 0.000000
vt -13.138690 1.938153 0.000000
vt -13.083965 1.890676 0.000000
vt -13.024687 1.849024 0.000000
vt -12.961473 1.813629 0.000000
vt -14.800000 0.200000 0.000000
vt -12.894980 1.784861 0.000000
vt -12.825903 1.763018 0.000000
vt -12.875493 0.500000 0.000000
vt -12.754959 1.748329 0.000000
vt -12.682887 1.740946 0.000000
vt -12.675493 0.500000 0.000000
vt -12.610438 1.740946 0.000000
vt -12.538366 1.748329 0.000000
vt -4.765279 0.500000 0.000000
vt -4.454959 1.748329 0.000000
vt -4.382887 1.740946 0.000000
vt -4.565279 0.500000 0.000000
vt -4.310438 1.740946 0.000000
vt -4.238366 1.748329 0.000000
vt -0.200000 0.200000 0.000000
vt -4.167422 1.763018 0.000000
vt -4.098345 1.784861 0.000000
vt -0.200000 2.458200 0.000000
vt -4.031852 1.813629 0.000000
vt -3.968638 1.849024 0.000000
vt -3.909360 1.890676 0.000000
vt -3.854635 1.938153 0.000000
vt -3.805033 1.990959 0.000000
vt -3.761071 2.048545 0.000000
vt -3.723206 2.110312 0.000000
vt -3.691833 2.175615 0.000000
vt -3.667278 2.243776 0.000000
vt -3.649797 2.314084 0.000000
vt -3.639572 2.385808 0.000000
vt -3.636710 2.458200 0.000000
vt -12.875493 0.200000 0.000000
vt -12.675493 0.200000 0.000000
vt -4.765279 0.200000 0.000000
vt -4.565279 0.200000 0.000000
vt -12.467422 1.763018 0.000000
vt -4.525903 1.763018 0.000000
vt -12.398345 1.784861 0.000000
vt -4.594980 1.784861 0.000000
vt -12.331852 1.813629 0.000000
vt -4.661473 1.813629 0.000000
vt -12.268638 1.849024 0.000000
vt -4.724687 1.849024 0.000000
vt -12.209360 1.890676 0.000000
vt -4.783965 1.890676 0.000000
vt -12.154635 1.938153 0.000000
vt -4.838690 1.938153 0.000000
vt -12.105033 1.990959 0.000000
vt -4.888292 1.990959 0.000000
vt -12.061071 2.048545 0.000000
vt -4.932254 2.048545 0.000000
vt -12.023206 2.110312 0.000000
vt -4.970119 2.110312 0.000000
vt -11.991833 2.175615 0.000000
vt -5.001492 2.175615 0.000000
vt -11.967278 2.243776 0.000000
vt -5.026047 2.243776 0.000000
vt -11.949797 2.314084 0.000000
vt -5.043528 2.314084 0.000000
vt -11.939572 2.385808 0.000000
vt -5.053753 2.385808 0.000000
vt -11.936710 2.458200 0.000000
vt -5.056615 2.458200 0.000000
vt 0.000000 0.000000 0.000000
vt 1.775949 0.000000 0.000000
vt 0.000000 0.100000 0.000000
vt 1.775949 0.100000 0.000000
vt -0.887975 -0.100000 0.000000
vt 0.887975 -0.100000 0.000000
vt -0.887975 0.100000 0.000000
vt 0.887975 0.100000 0.000000
vt 0.200000 2.258200 0.000000
vt 0.200000 2.158200 0.000000
vt 0.300000 2.258200 0.000000
vt 0.300000 0.300000 0.000000
vt -0.000000 2.158200 0.000000
vt 0.000000 0.000000 0.000000
vt 1.924507 0.000000 0.000000
vt 1.924507 0.300000 0.000000
vt 0.000000 0.000000 0.000000
vt 2.190890 0.000000 0.000000
vt 0.000000 0.100000 0.000000
vt 2.190890 0.100000 0.000000
vt -1.095445 -0.100000 0.000000
vt 1.095445 -0.100000 0.000000
vt -1.095445 0.100000 0.000000
vt 1.095445 0.100000 0.000000
vt 2.841800 0.200000 0.000000
vt 2.941800 0.200000 0.000000
vt 2.841800 0.300000 0.000000
vt 5.100000 0.300000 0.000000
vt 5.100000 0.000000 0.000000
vt 2.941800 0.000000 0.000000
vt 0.000000 0.000000 0.000000
vt 3.200000 0.000000 0.000000
vt 0.000000 0.100000 0.000000
vt 3.200000 0.100000 0.000000
vt -1.600000 -0.100000 0.000000
vt 1.600000 -0.100000 0.000000
vt -1.600000 0.100000 0.000000
vt 1.600000 0.100000 0.000000
vt 0.200000 2.258200 0.000000
vt 0.200000 2.158200 0.000000
vt 0.300000 2.258200 0.000000
vt 0.300000 0.300000 0.000000
vt -0.000000 2.158200 0.000000
vt 0.000000 0.000000 0.000000
vt 1.924507 0.000000 0.000000
vt 1.924507 0.300000 0.000000
vt 0.000000 0.000000 0.000000
vt 1.024052 0.000000 0.000000
vt 0.000000 0.100000 0.000000
vt 1.024052 0.100000 0.000000
vt -0.612026 -0.100000 0.000000
vt 0.412026 -0.100000 0.000000
vt -0.612026 0.100000 0.000000
vt 0.412026 0.100000 0.000000
vt 2.841800 0.200000 0.000000
vt 2.941800 0.200000 0.000000
vt 2.841800 0.300000 0.000000
vt 5.100000 0.300000 0.000000
vt 5.100000 0.000000 0.000000
vt 2.941800 0.000000 0.000000
vt 1.643374 0.000000 0.000000
vt 1.643342 0.005453 0.000000
vt 0.000000 0.000000 0.000000
vt 1.643342 0.010905 0.000000
vt 1.643374 0.016358 0.000000
vt 1.643374 0.100000 0.000000
vt 0.000000 0.100000 0.000000
vt 0.000000 0.000000 0.000000
vt 10.400000 0.000000 0.000000
vt 0.000000 0.100000 0.000000
vt 10.400000 0.100000 0.000000
vt -1.243374 0.000000 0.000000
vt 0.400000 0.000000 0.000000
vt -1.243342 0.005453 0.000000
vt -1.243342 0.010905 0.000000
vt -1.243374 0.016358 0.000000
vt 0.400000 0.100000 0.000000
vt -1.243374 0.100000 0.000000
vt -5.000000 1.443374 0.000000
vt -5.200000 1.443374 0.000000
vt -5.000000 0.000000 0.000000
vt -5.200000 -0.200000 0.000000
vt 5.200000 -0.200000 0.000000
vt 5.000000 0.000000 0.000000
vt 5.200000 1.443374 0.000000
vt 5.000000 1.443374 0.000000
vt 5.000000 7.500000 0.000000
vt -5.000000 7.500000 0.000000
vt 5.000000 -7.500000 0.000000
vt -5.000000 -7.500000 0.000000
vt 0.709953 0.008179 0.000000
vt 0.707090 -0.064213 0.000000
vt 0.799958 0.008179 0.000000
vt 0.796863 -0.070779 0.000000
vt 0.696865 -0.135937 0.000000
vt 0.785993 -0.149047 0.000000
vt 0.679384 -0.206245 0.000000
vt 0.767455 -0.225860 0.000000
vt 0.654829 -0.274406 0.000000
vt 0.741429 -0.300470 0.000000
vt 0.623456 -0.339709 0.000000
vt 0.708170 -0.372149 0.000000
vt 0.585591 -0.401476 0.000000
vt 0.668002 -0.440197 0.000000
vt 0.541629 -0.459062 0.000000
vt 0.621317 -0.503950 0.000000
vt 0.492027 -0.511868 0.000000
vt 0.568570 -0.562786 0.000000
vt 0.437302 -0.559345 0.000000
vt 0.510276 -0.616132 0.000000
vt 0.378024 -0.600997 0.000000
vt 0.447003 -0.663467 0.000000
vt 0.314810 -0.636392 0.000000
vt 0.379370 -0.704329 0.000000
vt 0.248318 -0.665160 0.000000
vt 0.308035 -0.738319 0.000000
vt 0.179240 -0.687003 0.000000
vt 0.233695 -0.765106 0.000000
vt 0.108296 -0.701692 0.000000
vt 0.157075 -0.784428 0.000000
vt 0.078922 -0.796098 0.000000
vt 0.036224 -0.709075 0.000000
vt -0.000000 -0.800000 0.000000
vt -0.036224 -0.709075 0.000000
vt -0.078922 -0.796098 0.000000
vt -0.108296 -0.701692 0.000000
vt -0.157075 -0.784428 0.000000
vt -0.233695 -0.765106 0.000000
vt -0.179240 -0.687003 0.000000
vt -0.308035 -0.738319 0.000000
vt -0.248318 -0.665160 0.000000
vt -0.379370 -0.704329 0.000000
vt -0.314810 -0.636392 0.000000
vt -0.447003 -0.663467 0.000000
vt -0.378024 -0.600997 0.000000
vt -0.510276 -0.616132 0.000000
vt -0.437302 -0.559345 0.000000
vt -0.568570 -0.562786 0.000000
vt -0.492027 -0.511868 0.000000
vt -0.621317 -0.503950 0.000000
vt -0.541629 -0.459062 0.000000
vt -0.668002 -0.440197 0.000000
vt -0.585591 -0.401476 0.000000
vt -0.708170 -0.372149 0.000000
vt -0.623456 -0.339709 0.000000
vt -0.741429 -0.300470 0.000000
vt -0.654829 -0.274406 0.000000
vt -0.767455 -0.225860 0.000000
vt -0.679384 -0.206245 0.000000
vt -0.785993 -0.149047 0.000000
vt -0.696865 -0.135937 0.000000
vt -0.796863 -0.070779 0.000000
vt -0.707090 -0.064213 0.000000
vt -0.799958 0.008179 0.000000
vt -0.709953 0.008179 0.000000
vt 0.500000 -2.222352 0.000000
vt 0.000000 -2.222352 0.000000
vt 0.500000 -2.294832 0.000000
vt 0.000000 -2.294832 0.000000
vt 0.500000 -2.367312 0.000000
vt 0.000000 -2.367312 0.000000
vt 0.500000 -2.439793 0.000000
vt 0.000000 -2.439793 0.000000
vt 0.500000 -2.512273 0.000000
vt 0.000000 -2.512273 0.000000
vt 0.500000 -2.584753 0.000000
vt 0.000000 -2.584753 0.000000
vt 0.500000 -2.657233 0.000000
vt 0.000000 -2.657233 0.000000
vt 0.500000 -2.729714 0.000000
vt 0.000000 -2.729714 0.000000
vt 0.500000 -2.802194 0.000000
vt 0.000000 -2.802194 0.000000
vt 0.500000 -2.874674 0.000000
vt 0.000000 -2.874674 0.000000
vt 0.500000 -2.947155 0.000000
vt 0.000000 -2.947155 0.000000
vt 0.500000 -3.019635 0.000000
vt 0.000000 -3.019635 0.000000
vt 0.500000 -3.092115 0.000000
vt 0.000000 -3.092115 0.000000
vt 0.500000 -3.164595 0.000000
vt 0.000000 -3.164595 0.000000
vt 0.500000 -3.237076 0.000000
vt 0.000000 -3.237076 0.000000
vt 0.500000 -3.309556 0.000000
vt 0.000000 -3.309556 0.000000
vt 0.500000 -3.382036 0.000000
vt 0.000000 -3.382036 0.000000
vt 0.500000 -3.454517 0.000000
vt 0.000000 -3.454517 0.000000
vt 0.500000 -3.526997 0.000000
vt 0.000000 -3.526997 0.000000
vt 0.500000 -3.599477 0.000000
vt 0.000000 -3.599477 0.000000
vt 0.500000 -3.671957 0.000000
vt 0.000000 -3.671957 0.000000
vt 0.500000 -3.744438 0.000000
vt 0.000000 -3.744438 0.000000
vt 0.500000 -3.816918 0.000000
vt 0.000000 -3.816918 0.000000
vt 0.500000 -3.889398 0.000000
vt 0.000000 -3.889398 0.000000
vt 0.500000 -3.961879 0.000000
vt 0.000000 -3.961879 0.000000
vt 0.500000 -4.034359 0.000000
vt 0.000000 -4.034359 0.000000
vt 0.500000 -4.106839 0.000000
vt 0.000000 -4.106839 0.000000
vt 0.500000 -4.179320 0.000000
vt 0.000000 -4.179320 0.000000
vt 0.500000 -4.251800 0.000000
vt 0.000000 -4.251800 0.000000
vt 0.500000 -4.324280 0.000000
vt 0.000000 -4.324280 0.000000
vt 0.500000 -4.396760 0.000000
vt 0.000000 -4.396760 0.000000
vt 0.500000 -4.469241 0.000000
vt 0.000000 -4.469241 0.000000
vt 0.291800 -5.000000 0.000000
vt 2.650000 -5.000000 0.000000
vt 0.291800 5.000000 0.000000
vt 2.650000 5.000000 0.000000
vt -0.400000 2.458200 0.000000
vt -1.646247 2.385808 0.000000
vt -0.400000 2.358200 0.000000
vt -1.656472 2.314084 0.000000
vt -1.673953 2.243776 0.000000
vt -1.643385 2.458200 0.000000
vt -1.698508 2.175615 0.000000
vt -0.200000 2.358200 0.000000
vt -1.729881 2.110312 0.000000
vt -1.767746 2.048545 0.000000
vt -1.811708 1.990959 0.000000
vt -1.861310 1.938153 0.000000
vt -1.916035 1.890676 0.000000
vt -1.975313 1.849024 0.000000
vt -2.038527 1.813629 0.000000
vt -0.200000 0.200000 0.000000
vt -2.105020 1.784861 0.000000
vt -2.174097 1.763018 0.000000
vt -2.124507 0.500000 0.000000
vt -2.245041 1.748329 0.000000
vt -2.317113 1.740946 0.000000
vt -2.324507 0.500000 0.000000
vt -2.389562 1.740946 0.000000
vt -2.461634 1.748329 0.000000
vt -2.532578 1.763018 0.000000
vt -10.474097 1.763018 0.000000
vt -10.545041 1.748329 0.000000
vt -10.234721 0.500000 0.000000
vt -10.617113 1.740946 0.000000
vt -10.434721 0.500000 0.000000
vt -10.689562 1.740946 0.000000
vt -10.761634 1.748329 0.000000
vt -10.405020 1.784861 0.000000
vt -2.601655 1.784861 0.000000
vt -10.338527 1.813629 0.000000
vt -2.668148 1.813629 0.000000
vt -10.275313 1.849024 0.000000
vt -2.731362 1.849024 0.000000
vt -10.216035 1.890676 0.000000
vt -2.790640 1.890676 0.000000
vt -10.161310 1.938153 0.000000
vt -2.845365 1.938153 0.000000
vt -10.111708 1.990959 0.000000
vt -2.894967 1.990959 0.000000
vt -10.067746 2.048545 0.000000
vt -2.938929 2.048545 0.000000
vt -10.029881 2.110312 0.000000
vt -2.976794 2.110312 0.000000
vt -9.998508 2.175615 0.000000
vt -3.008167 2.175615 0.000000
vt -9.973953 2.243776 0.000000
vt -3.032722 2.243776 0.000000
vt -9.956472 2.314084 0.000000
vt -3.050203 2.314084 0.000000
vt -9.946247 2.385808 0.000000
vt -3.060428 2.385808 0.000000
vt -9.943385 2.458200 0.000000
vt -3.063290 2.458200 0.000000
vt -14.800000 0.200000 0.000000
vt -10.832578 1.763018 0.000000
vt -10.901655 1.784861 0.000000
vt -14.800000 2.458200 0.000000
vt -10.968148 1.813629 0.000000
vt -11.031362 1.849024 0.000000
vt -11.090640 1.890676 0.000000
vt -11.145365 1.938153 0.000000
vt -11.194967 1.990959 0.000000
vt -11.238929 2.048545 0.000000
vt -11.276794 2.110312 0.000000
vt -11.308167 2.175615 0.000000
vt -11.332722 2.243776 0.000000
vt -11.350203 2.314084 0.000000
vt -11.360428 2.385808 0.000000
vt -11.363290 2.458200 0.000000
vt -10.434721 0.200000 0.000000
vt -10.234721 0.200000 0.000000
vt -2.324507 0.200000 0.000000
vt -2.124507 0.200000 0.000000
vt 0.600000 -2.505095 0.000000
vt -0.000000 -2.505095 0.000000
vt 0.600000 -2.584146 0.000000
vt -0.000000 -2.584146 0.000000
vt 0.600000 -2.663197 0.000000
vt -0.000000 -2.663197 0.000000
vt 0.600000 -2.742248 0.000000
vt 0.000000 -2.742248 0.000000
vt 0.600000 -2.821299 0.000000
vt 0.000000 -2.821299 0.000000
vt 0.600000 -2.900350 0.000000
vt 0.000000 -2.900350 0.000000
vt 0.600000 -2.979401 0.000000
vt 0.000000 -2.979401 0.000000
vt 0.600000 -3.058452 0.000000
vt -0.000000 -3.058452 0.000000
vt 0.600000 -3.137503 0.000000
vt 0.000000 -3.137503 0.000000
vt 0.600000 -3.216554 0.000000
vt -0.000000 -3.216554 0.000000
vt 0.600000 -3.295605 0.000000
vt -0.000000 -3.295605 0.000000
vt 0.600000 -3.374656 0.000000
vt -0.000000 -3.374656 0.000000
vt 0.600000 -3.453707 0.000000
vt 0.000000 -3.453707 0.000000
vt 0.600000 -3.532758 0.000000
vt 0.000000 -3.532758 0.000000
vt 0.600000 -3.611809 0.000000
vt 0.000000 -3.611809 0.000000
vt 0.600000 -3.690860 0.000000
vt 0.000000 -3.690860 0.000000
vt 0.600000 -3.769911 0.000000
vt 0.000000 -3.769911 0.000000
vt 0.600000 -3.848962 0.000000
vt 0.000000 -3.848962 0.000000
vt 0.600000 -3.928013 0.000000
vt 0.000000 -3.928013 0.000000
vt 0.600000 -4.007064 0.000000
vt 0.000000 -4.007064 0.000000
vt 0.600000 -4.086115 0.000000
vt 0.000000 -4.086115 0.000000
vt 0.600000 -4.165166 0.000000
vt 0.000000 -4.165166 0.000000
vt 0.600000 -4.244217 0.000000
vt 0.000000 -4.244217 0.000000
vt 0.600000 -4.323268 0.000000
vt 0.000000 -4.323268 0.000000
vt 0.600000 -4.402319 0.000000
vt 0.000000 -4.402319 0.000000
vt 0.600000 -4.481370 0.000000
vt 0.000000 -4.481370 0.000000
vt 0.600000 -4.560421 0.000000
vt 0.000000 -4.560421 0.000000
vt 0.600000 -4.639472 0.000000
vt 0.000000 -4.639472 0.000000
vt 0.600000 -4.718523 0.000000
vt 0.000000 -4.718523 0.000000
vt 0.600000 -4.797574 0.000000
vt 0.000000 -4.797574 0.000000
vt 0.600000 -4.876625 0.000000
vt 0.000000 -4.876625 0.000000
vt 0.600000 -4.955676 0.000000
vt 0.000000 -4.955676 0.000000
vt 0.600000 -5.034727 0.000000
vt 0.000000 -5.034727 0.000000
vt 2.258200 0.200000 0.000000
vt 2.258200 0.300000 0.000000
vt 2.158200 0.200000 0.000000
vt 0.000000 0.300000 0.000000
vt 0.000000 0.000000 0.000000
vt 2.158200 0.000000 0.000000
vt -0.291800 0.100000 0.000000
vt -2.550000 0.100000 0.000000
vt -0.291800 -0.100000 0.000000
vt -2.550000 -0.100000 0.000000
vt -3.990892 -7.300000 0.000000
vt -1.800001 -7.300000 0.000000
vt -3.990892 -7.000000 0.000000
vt -1.800001 -5.375493 0.000000
vt -4.800000 -5.375493 0.000000
vt -4.190892 -7.000000 0.000000
vt -4.800000 -7.300000 0.000000
vt -4.190892 -7.300000 0.000000
vt -0.200000 2.358200 0.000000
vt -0.809108 2.358200 0.000000
vt -0.200000 0.200000 0.000000
vt -0.809108 0.200000 0.000000
vt -0.441800 0.100000 0.000000
vt -2.400000 0.100000 0.000000
vt -0.441800 -0.100000 0.000000
vt -2.400000 -0.100000 0.000000
vt 1.724507 2.258200 0.000000
vt 1.624507 2.258200 0.000000
vt 1.724507 2.158200 0.000000
vt 1.624507 0.300000 0.000000
vt 1.924507 2.158200 0.000000
vt 1.924507 0.000000 0.000000
vt 0.000000 0.000000 0.000000
vt 0.000000 0.300000 0.000000
vt -1.009108 2.358200 0.000000
vt -3.199999 2.358200 0.000000
vt -1.009108 0.200000 0.000000
vt -3.199999 0.200000 0.000000
vt 0.000000 0.000000 0.000000
vt 2.999999 0.000000 0.000000
vt 0.000000 0.300000 0.000000
vt 2.999999 0.300000 0.000000
vt -2.458200 -9.800000 0.000000
vt -0.200000 -9.800000 0.000000
vt -2.458200 -8.934344 0.000000
vt -0.200000 -8.934344 0.000000
vt 3.775948 -7.300000 0.000000
vt 4.800000 -7.300000 0.000000
vt 3.775948 -7.000000 0.000000
vt 4.800000 -5.375493 0.000000
vt 3.575948 -7.000000 0.000000
vt 1.799999 -5.375493 0.000000
vt 1.799999 -7.300000 0.000000
vt 3.575948 -7.300000 0.000000
vt 0.000000 0.000000 0.000000
vt 3.000001 0.000000 0.000000
vt 0.000000 0.300000 0.000000
vt 3.000001 0.300000 0.000000
vt -3.500000 -5.779614 0.000000
vt -3.300000 -5.779614 0.000000
vt -3.500000 -4.155107 0.000000
vt -3.300000 -4.155107 0.000000
vt -3.500000 -3.955107 0.000000
vt -3.300000 -3.955107 0.000000
vt -3.500000 3.955107 0.000000
vt -3.300000 3.955107 0.000000
vt -3.500000 4.155107 0.000000
vt -3.300000 4.155107 0.000000
vt -3.500000 7.300386 0.000000
vt -3.300000 7.300386 0.000000
vt -0.100000 -4.155107 0.000000
vt -0.100000 -3.955107 0.000000
vt 0.100000 -4.155107 0.000000
vt 0.100000 -3.955107 0.000000
vt 3.100001 -4.155107 0.000000
vt 3.100001 -3.955107 0.000000
vt -0.100000 -5.779614 0.000000
vt 0.100000 -5.779614 0.000000
vt -0.100000 3.955107 0.000000
vt 0.100000 3.955107 0.000000
vt -0.100000 4.155107 0.000000
vt 0.100000 4.155107 0.000000
vt -0.100000 8.520386 0.000000
vt 0.100000 8.520386 0.000000
vt 3.100001 3.955107 0.000000
vt 3.100001 4.155107 0.000000
vt -6.499999 4.155107 0.000000
vt -6.499999 3.955107 0.000000
vt -6.499999 -3.955107 0.000000
vt -6.499999 -4.155107 0.000000
vt 0.000000 0.000000 0.000000
vt 3.200000 0.000000 0.000000
vt 0.000000 0.300000 0.000000
vt 3.200000 0.300000 0.000000
vt 1.599999 -5.375493 0.000000
vt -1.600001 -5.375493 0.000000
vt 1.599999 -7.300000 0.000000
vt -1.600001 -7.300000 0.000000
vt -0.000000 0.000000 0.000000
vt 2.999999 0.000000 0.000000
vt -0.000000 0.300000 0.000000
vt 2.999999 0.300000 0.000000
vt -1.800001 2.734721 0.000000
vt -4.800000 2.734721 0.000000
vt -1.800001 -5.175493 0.000000
vt -4.800000 -5.175493 0.000000
vt 0.000000 0.000000 0.000000
vt 2.999999 0.000000 0.000000
vt 0.000000 0.300000 0.000000
vt 2.999999 0.300000 0.000000
vt -0.000000 0.000000 0.000000
vt 2.999999 0.000000 0.000000
vt -0.000000 0.300000 0.000000
vt 2.999999 0.300000 0.000000
vt -3.934344 7.300000 0.000000
vt -4.800000 7.300000 0.000000
vt -3.934344 6.080000 0.000000
vt -4.800000 2.934721 0.000000
vt -1.800001 2.934721 0.000000
vt -1.800001 6.080000 0.000000
vt -2.258200 0.000000 0.000000
vt 0.000000 0.000000 0.000000
vt -2.258200 0.050000 0.000000
vt 0.050000 0.050000 0.000000
vt 0.050000 -1.220000 0.000000
vt 0.000000 -1.220000 0.000000
vt -1.771800 0.050000 0.000000
vt -2.411514 0.050000 0.000000
vt -1.771800 0.000000 0.000000
vt -2.411514 0.000000 0.000000
vt -4.685041 0.000000 0.000000
vt 0.020000 0.000000 0.000000
vt -4.685041 0.050000 0.000000
vt 0.020000 0.050000 0.000000
vt -1.638486 0.000000 0.000000
vt -1.688486 0.050000 0.000000
vt -1.638529 0.000000 0.000000
vt -1.688486 -1.220000 0.000000
vt -1.638529 -1.220000 0.000000
vt -0.020000 0.000000 0.000000
vt -0.020000 0.050000 0.000000
vt -0.795933 7.300000 0.000000
vt -0.795933 6.080000 0.000000
vt -0.775965 7.300000 0.000000
vt 1.599999 7.300000 0.000000
vt 1.599999 2.934721 0.000000
vt -1.600001 2.934721 0.000000
vt -1.600001 6.080000 0.000000
vt 4.365279 0.300000 0.000000
vt 0.000000 0.300000 0.000000
vt 4.365279 0.000000 0.000000
vt 0.000000 0.000000 0.000000
vt 0.000000 0.000000 0.000000
vt 4.365279 0.000000 0.000000
vt 0.000000 0.300000 0.000000
vt 4.365279 0.300000 0.000000
vt 4.800000 7.300000 0.000000
vt 1.799999 7.300000 0.000000
vt 4.800000 2.934721 0.000000
vt 1.799999 2.934721 0.000000
vt -0.000000 0.000000 0.000000
vt 3.000001 0.000000 0.000000
vt -0.000000 0.300000 0.000000
vt 3.000001 0.300000 0.000000
vt 3.400000 0.000000 0.000000
vt 6.400001 0.000000 0.000000
vt 3.400000 0.300000 0.000000
vt 6.400001 0.300000 0.000000
vt 4.800000 2.734721 0.000000
vt 1.799999 2.734721 0.000000
vt 4.800000 -5.175493 0.000000
vt 1.799999 -5.175493 0.000000
vt 3.000001 0.300000 0.000000
vt 0.000000 0.300000 0.000000
vt 3.000001 0.000000 0.000000
vt 0.000000 0.000000 0.000000
vt 0.000000 0.000000 0.000000
vt 7.910214 0.000000 0.000000
vt 0.000000 0.300000 0.000000
vt 7.910214 0.300000 0.000000
vt -0.000000 0.000000 0.000000
vt 3.200000 0.000000 0.000000
vt -0.000000 0.300000 0.000000
vt 3.200000 0.300000 0.000000
vt 3.145279 0.300000 0.000000
vt 0.000000 0.300000 0.000000
vt 3.145279 0.000000 0.000000
vt 0.000000 0.000000 0.000000
vt -4.306457 -1.004069 0.000000
vt -4.606457 -0.804069 0.000000
vt -4.606457 -1.004069 0.000000
vt -4.656457 0.019967 0.000000
vt -4.656457 -3.138411 0.000000
vt -4.306457 -0.804069 0.000000
vt -4.606457 0.000000 0.000000
vt -4.606500 0.000000 0.000000
vt -4.606500 0.019967 0.000000
vt -4.606457 -3.138411 0.000000
vt 0.020000 0.000000 0.000000
vt 3.165279 0.000000 0.000000
vt 0.020000 0.300000 0.000000
vt 3.165279 0.300000 0.000000
vt 0.000000 0.000000 0.000000
vt 7.910214 0.000000 0.000000
vt 0.000000 0.300000 0.000000
vt 7.910214 0.300000 0.000000
vt 0.000000 0.000000 0.000000
vt 7.910214 0.000000 0.000000
vt 0.000000 0.300000 0.000000
vt 7.910214 0.300000 0.000000
vt 3.200001 0.000000 0.000000
vt 6.400001 0.000000 0.000000
vt 3.200001 0.300000 0.000000
vt 6.400001 0.300000 0.000000
vt 0.000000 0.000000 0.000000
vt 7.910214 0.000000 0.000000
vt 0.000000 0.300000 0.000000
vt 7.910214 0.300000 0.000000
vt 3.200000 0.300000 0.000000
vt -0.000000 0.300000 0.000000
vt 3.200000 0.000000 0.000000
vt -0.000000 0.000000 0.000000
vt -3.934311 6.080000 0.000000
vt -0.775933 6.080000 0.000000
vt -3.934311 7.350000 0.000000
vt -0.775933 7.350000 0.000000
vt 2.841800 -3.121077 0.000000
vt 2.894247 -3.179781 0.000000
vt 2.841800 -1.697832 0.000000
vt 2.894247 -1.639129 0.000000
vt 2.940748 -3.243298 0.000000
vt 2.940748 -1.575612 0.000000
vt 2.980864 -3.311029 0.000000
vt 2.980864 -1.507881 0.000000
vt 3.014215 -3.382334 0.000000
vt 3.014215 -1.436576 0.000000
vt 3.040488 -1.362371 0.000000
vt 3.040488 -3.456539 0.000000
vt 3.059433 -1.285965 0.000000
vt 3.059433 -3.532945 0.000000
vt 3.481514 -4.675933 0.000000
vt 3.070873 -3.610829 0.000000
vt 3.074698 -3.689455 0.000000
vt 3.070873 -3.768081 0.000000
vt 3.059433 -3.845965 0.000000
vt 3.040488 -3.922371 0.000000
vt 3.014215 -3.996576 0.000000
vt 2.980864 -4.067881 0.000000
vt 2.940748 -4.135612 0.000000
vt 2.894247 -4.199129 0.000000
vt 2.841800 -7.834311 0.000000
vt 5.150000 -7.834311 0.000000
vt 2.841800 -4.257832 0.000000
vt 5.150000 -4.675933 0.000000
vt 3.070873 -1.208081 0.000000
vt 3.481514 0.029109 0.000000
vt 3.074698 -1.129455 0.000000
vt 3.070873 -1.050829 0.000000
vt 3.059433 -0.972945 0.000000
vt 3.040488 -0.896539 0.000000
vt 3.014215 -0.822334 0.000000
vt 2.980864 -0.751029 0.000000
vt 2.841800 0.029109 0.000000
vt 2.940748 -0.683298 0.000000
vt 2.894247 -0.619781 0.000000
vt 2.841800 -0.561077 0.000000
vt 0.200000 -5.775965 0.000000
vt 0.199957 -5.775965 0.000000
vt 0.200000 -5.795933 0.000000
vt 0.199957 -5.795933 0.000000
vt -0.019967 -0.920000 0.000000
vt 0.000000 -0.920000 0.000000
vt -0.019967 0.300000 0.000000
vt 0.000000 0.300000 0.000000
vt -1.220000 4.606457 0.000000
vt -0.000000 4.606457 0.000000
vt -1.220000 4.606500 0.000000
vt -0.000000 4.606500 0.000000
vt 1.599999 2.734721 0.000000
vt -1.600001 2.734721 0.000000
vt 1.599999 -5.175493 0.000000
vt -1.600001 -5.175493 0.000000
vt 0.150000 1.902348 0.000000
vt 0.000000 1.902348 0.000000
vt 0.150000 1.823598 0.000000
vt 0.000000 1.823598 0.000000
vt 0.150000 1.744847 0.000000
vt 0.000000 1.744847 0.000000
vt 0.150000 1.666097 0.000000
vt 0.000000 1.666097 0.000000
vt 0.150000 1.587347 0.000000
vt 0.000000 1.587347 0.000000
vt 0.150000 1.508596 0.000000
vt 0.000000 1.508596 0.000000
vt 0.150000 1.429846 0.000000
vt 0.000000 1.429846 0.000000
vt 0.150000 1.351095 0.000000
vt 0.000000 1.351095 0.000000
vt 0.150000 1.272345 0.000000
vt -0.000000 1.272345 0.000000
vt 0.150000 1.193595 0.000000
vt -0.000000 1.193595 0.000000
vt 0.150000 1.114844 0.000000
vt 0.000000 1.114844 0.000000
vt 0.150000 1.036094 0.000000
vt 0.000000 1.036094 0.000000
vt 0.150000 0.957343 0.000000
vt 0.000000 0.957343 0.000000
vt 0.150000 0.878593 0.000000
vt -0.000000 0.878593 0.000000
vt 0.150000 0.799843 0.000000
vt 0.000000 0.799843 0.000000
vt 0.150000 0.721092 0.000000
vt 0.000000 0.721092 0.000000
vt 0.150000 0.642342 0.000000
vt 0.000000 0.642342 0.000000
vt -0.400000 2.856123 0.000000
vt -1.100000 2.867028 0.000000
vt -0.400000 2.850670 0.000000
vt -1.100000 2.784880 0.000000
vt -0.200000 2.850670 0.000000
vt -0.200000 2.767068 0.000000
vt -1.100000 2.702731 0.000000
vt -0.200000 2.683465 0.000000
vt -1.100000 2.620582 0.000000
vt -0.200000 2.599862 0.000000
vt -1.100000 2.538433 0.000000
vt -0.200000 2.516260 0.000000
vt -1.100000 2.456284 0.000000
vt -0.200000 2.432657 0.000000
vt -1.100000 2.374136 0.000000
vt -0.200000 2.349054 0.000000
vt -1.100000 2.291987 0.000000
vt -0.200000 2.265451 0.000000
vt -1.100000 2.209838 0.000000
vt -0.200000 2.181849 0.000000
vt -1.100000 2.127689 0.000000
vt -0.200000 2.098246 0.000000
vt -1.100000 2.045541 0.000000
vt -0.200000 2.014643 0.000000
vt -1.100000 1.963392 0.000000
vt -0.200000 1.931041 0.000000
vt -1.100000 1.881243 0.000000
vt -0.200000 1.847438 0.000000
vt -1.100000 1.799094 0.000000
vt -0.200000 1.763835 0.000000
vt -1.100000 1.716945 0.000000
vt -0.200000 1.680233 0.000000
vt -1.100000 1.634797 0.000000
vt -0.200000 1.596630 0.000000
vt -1.100000 1.552648 0.000000
vt -0.200000 1.513027 0.000000
vt -1.100000 1.470499 0.000000
vt -0.200000 1.429425 0.000000
vt -1.100000 1.388350 0.000000
vt -0.200000 1.345822 0.000000
vt -1.100000 1.306201 0.000000
vt -0.200000 1.262219 0.000000
vt -1.100000 1.224053 0.000000
vt -0.200000 1.178617 0.000000
vt -1.100000 1.141904 0.000000
vt -0.200000 1.095014 0.000000
vt -1.100000 1.059755 0.000000
vt -0.200000 1.011411 0.000000
vt -1.100000 0.977606 0.000000
vt -0.200000 0.927809 0.000000
vt -1.100000 0.895458 0.000000
vt -0.200000 0.844206 0.000000
vt -1.100000 0.813309 0.000000
vt -0.200000 0.760603 0.000000
vt -1.100000 0.731160 0.000000
vt -0.200000 0.677001 0.000000
vt -1.100000 0.649011 0.000000
vt -0.200000 0.593398 0.000000
vt -1.100000 0.566862 0.000000
vt -0.200000 0.509795 0.000000
vt -1.100000 0.484714 0.000000
vt -0.200000 0.426192 0.000000
vt -1.100000 0.402565 0.000000
vt -0.200000 0.342590 0.000000
vt -1.100000 0.320416 0.000000
vt -0.200000 0.258987 0.000000
vt -1.100000 0.238267 0.000000
vt -0.200000 0.175384 0.000000
vt -1.100000 0.156119 0.000000
vt -0.200000 0.091782 0.000000
vt -1.100000 0.073970 0.000000
vt -0.200000 0.008179 0.000000
vt -0.400000 0.008179 0.000000
vt -1.100000 -0.008179 0.000000
vt -0.400000 0.002726 0.000000
vt -0.400000 -0.002726 0.000000
vt -0.400000 -0.008179 0.000000
vt -0.400000 2.861576 0.000000
vt -0.400000 2.867028 0.000000
vt 0.799958 0.008179 0.000000
vt 0.796863 -0.070779 0.000000
vt 0.909963 0.008179 0.000000
vt 0.906995 -0.073888 0.000000
vt 0.785993 -0.149047 0.000000
vt 0.896641 -0.155354 0.000000
vt 0.767455 -0.225860 0.000000
vt 0.878985 -0.235554 0.000000
vt 0.741429 -0.300470 0.000000
vt 0.854170 -0.313836 0.000000
vt 0.708170 -0.372149 0.000000
vt 0.822400 -0.389562 0.000000
vt 0.668002 -0.440197 0.000000
vt 0.783931 -0.462116 0.000000
vt 0.621317 -0.503950 0.000000
vt 0.739079 -0.530907 0.000000
vt 0.568570 -0.562786 0.000000
vt 0.688208 -0.595373 0.000000
vt 0.510276 -0.616132 0.000000
vt 0.631732 -0.654992 0.000000
vt 0.447003 -0.663467 0.000000
vt 0.570112 -0.709276 0.000000
vt 0.379370 -0.704329 0.000000
vt 0.503849 -0.757784 0.000000
vt 0.433482 -0.800121 0.000000
vt 0.308035 -0.738319 0.000000
vt 0.359586 -0.835941 0.000000
vt 0.233695 -0.765106 0.000000
vt 0.282761 -0.864955 0.000000
vt 0.157075 -0.784428 0.000000
vt 0.203633 -0.886924 0.000000
vt 0.078922 -0.796098 0.000000
vt 0.122847 -0.901670 0.000000
vt 0.041060 -0.909073 0.000000
vt -0.000000 -0.800000 0.000000
vt -0.041060 -0.909073 0.000000
vt -0.078922 -0.796098 0.000000
vt -0.122847 -0.901670 0.000000
vt -0.203633 -0.886924 0.000000
vt -0.157075 -0.784428 0.000000
vt -0.282761 -0.864955 0.000000
vt -0.233695 -0.765106 0.000000
vt -0.359586 -0.835941 0.000000
vt -0.308035 -0.738319 0.000000
vt -0.433482 -0.800121 0.000000
vt -0.379370 -0.704329 0.000000
vt -0.503849 -0.757784 0.000000
vt -0.570112 -0.709276 0.000000
vt -0.447003 -0.663467 0.000000
vt -0.631732 -0.654992 0.000000
vt -0.510276 -0.616132 0.000000
vt -0.688208 -0.595373 0.000000
vt -0.568570 -0.562786 0.000000
vt -0.739079 -0.530907 0.000000
vt -0.621317 -0.503950 0.000000
vt -0.783931 -0.462116 0.000000
vt -0.668002 -0.440197 0.000000
vt -0.822400 -0.389562 0.000000
vt -0.708170 -0.372149 0.000000
vt -0.854170 -0.313836 0.000000
vt -0.741429 -0.300470 0.000000
vt -0.878985 -0.235554 0.000000
vt -0.767455 -0.225860 0.000000
vt -0.896641 -0.155354 0.000000
vt -0.785993 -0.149047 0.000000
vt -0.906995 -0.073888 0.000000
vt -0.796863 -0.070779 0.000000
vt -0.909963 0.008179 0.000000
vt -0.799958 0.008179 0.000000
vt 0.300000 0.008179 0.000000
vt -0.600000 0.073970 0.000000
vt 0.100000 0.008179 0.000000
vt -0.600000 -0.008179 0.000000
vt 0.100000 0.002726 0.000000
vt 0.100000 -0.002726 0.000000
vt 0.100000 -0.008179 0.000000
vt 0.300000 0.091782 0.000000
vt -0.600000 0.156119 0.000000
vt 0.300000 0.175384 0.000000
vt -0.600000 0.238267 0.000000
vt 0.300000 0.258987 0.000000
vt -0.600000 0.320416 0.000000
vt 0.300000 0.342590 0.000000
vt -0.600000 0.402565 0.000000
vt 0.300000 0.426192 0.000000
vt -0.600000 0.484714 0.000000
vt 0.300000 0.509795 0.000000
vt -0.600000 0.566862 0.000000
vt 0.300000 0.593398 0.000000
vt -0.600000 0.649011 0.000000
vt 0.300000 0.677001 0.000000
vt -0.600000 0.731160 0.000000
vt 0.300000 0.760603 0.000000
vt -0.600000 0.813309 0.000000
vt 0.300000 0.844206 0.000000
vt -0.600000 0.895458 0.000000
vt 0.300000 0.927809 0.000000
vt -0.600000 0.977606 0.000000
vt 0.300000 1.011411 0.000000
vt -0.600000 1.059755 0.000000
vt 0.300000 1.095014 0.000000
vt -0.600000 1.141904 0.000000
vt 0.300000 1.178617 0.000000
vt -0.600000 1.224053 0.000000
vt 0.300000 1.262219 0.000000
vt -0.600000 1.306201 0.000000
vt 0.300000 1.345822 0.000000
vt -0.600000 1.388350 0.000000
vt 0.300000 1.429425 0.000000
vt -0.600000 1.470499 0.000000
vt 0.300000 1.513027 0.000000
vt -0.600000 1.552648 0.000000
vt 0.300000 1.596630 0.000000
vt -0.600000 1.634797 0.000000
vt 0.300000 1.680233 0.000000
vt -0.600000 1.716945 0.000000
vt 0.300000 1.763835 0.000000
vt -0.600000 1.799094 0.000000
vt 0.300000 1.847438 0.000000
vt -0.600000 1.881243 0.000000
vt 0.300000 1.931041 0.000000
vt -0.600000 1.963392 0.000000
vt 0.300000 2.014643 0.000000
vt -0.600000 2.045541 0.000000
vt 0.300000 2.098246 0.000000
vt -0.600000 2.127689 0.000000
vt 0.300000 2.181849 0.000000
vt -0.600000 2.209838 0.000000
vt 0.300000 2.265451 0.000000
vt -0.600000 2.291987 0.000000
vt 0.300000 2.349054 0.000000
vt -0.600000 2.374136 0.000000
vt 0.300000 2.432657 0.000000
vt -0.600000 2.456284 0.000000
vt 0.300000 2.516260 0.000000
vt -0.600000 2.538433 0.000000
vt 0.300000 2.599862 0.000000
vt -0.600000 2.620582 0.000000
vt 0.300000 2.683465 0.000000
vt -0.600000 2.702731 0.000000
vt 0.300000 2.767068 0.000000
vt -0.600000 2.784880 0.000000
vt 0.300000 2.850670 0.000000
vt 0.100000 2.850670 0.000000
vt -0.600000 2.867028 0.000000
vt 0.100000 2.856123 0.000000
vt 0.100000 2.861576 0.000000
vt 0.100000 2.867028 0.000000
vt 0.600000 -2.505095 0.000000
vt 0.000000 -2.505095 0.000000
vt 0.600000 -2.584146 0.000000
vt -0.000000 -2.584146 0.000000
vt 0.600000 -2.663197 0.000000
vt 0.000000 -2.663197 0.000000
vt 0.600000 -2.742248 0.000000
vt -0.000000 -2.742248 0.000000
vt 0.600000 -2.821299 0.000000
vt -0.000000 -2.821299 0.000000
vt 0.600000 -2.900350 0.000000
vt 0.000000 -2.900350 0.000000
vt 0.600000 -2.979401 0.000000
vt -0.000000 -2.979401 0.000000
vt 0.600000 -3.058452 0.000000
vt -0.000000 -3.058452 0.000000
vt 0.600000 -3.137503 0.000000
vt -0.000000 -3.137503 0.000000
vt 0.600000 -3.216554 0.000000
vt -0.000000 -3.216554 0.000000
vt 0.600000 -3.295605 0.000000
vt -0.000000 -3.295605 0.000000
vt 0.600000 -3.374656 0.000000
vt -0.000000 -3.374656 0.000000
vt 0.600000 -3.453707 0.000000
vt 0.000000 -3.453707 0.000000
vt 0.600000 -3.532758 0.000000
vt -0.000000 -3.532758 0.000000
vt 0.600000 -3.611809 0.000000
vt 0.000000 -3.611809 0.000000
vt 0.600000 -3.690860 0.000000
vt 0.000000 -3.690860 0.000000
vt 0.600000 -3.769911 0.000000
vt 0.000000 -3.769911 0.000000
vt 0.600000 -3.848962 0.000000
vt 0.000000 -3.848962 0.000000
vt 0.600000 -3.928013 0.000000
vt -0.000000 -3.928013 0.000000
vt 0.600000 -4.007064 0.000000
vt 0.000000 -4.007064 0.000000
vt 0.600000 -4.086115 0.000000
vt 0.000000 -4.086115 0.000000
vt 0.600000 -4.165166 0.000000
vt 0.000000 -4.165166 0.000000
vt 0.600000 -4.244217 0.000000
vt -0.000000 -4.244217 0.000000
vt 0.600000 -4.323268 0.000000
vt -0.000000 -4.323268 0.000000
vt 0.600000 -4.402319 0.000000
vt -0.000000 -4.402319 0.000000
vt 0.600000 -4.481370 0.000000
vt -0.000000 -4.481370 0.000000
vt 0.600000 -4.560421 0.000000
vt 0.000000 -4.560421 0.000000
vt 0.600000 -4.639472 0.000000
vt -0.000000 -4.639472 0.000000
vt 0.600000 -4.718523 0.000000
vt 0.000000 -4.718523 0.000000
vt 0.600000 -4.797574 0.000000
vt 0.000000 -4.797574 0.000000
vt 0.600000 -4.876625 0.000000
vt 0.000000 -4.876625 0.000000
vt 0.600000 -4.955676 0.000000
vt 0.000000 -4.955676 0.000000
vt 0.600000 -5.034727 0.000000
vt -0.000000 -5.034727 0.000000
vt -0.799958 0.008179 0.000000
vt -0.909963 0.008179 0.000000
vt -0.796863 -0.070779 0.000000
vt -0.906995 -0.073888 0.000000
vt -0.785993 -0.149047 0.000000
vt -0.896641 -0.155354 0.000000
vt -0.767455 -0.225860 0.000000
vt -0.878985 -0.235554 0.000000
vt -0.741429 -0.300470 0.000000
vt -0.854170 -0.313836 0.000000
vt -0.708170 -0.372149 0.000000
vt -0.822400 -0.389562 0.000000
vt -0.668002 -0.440197 0.000000
vt -0.783931 -0.462116 0.000000
vt -0.621317 -0.503950 0.000000
vt -0.739079 -0.530907 0.000000
vt -0.568570 -0.562786 0.000000
vt -0.688208 -0.595373 0.000000
vt -0.510276 -0.616132 0.000000
vt -0.631732 -0.654992 0.000000
vt -0.447003 -0.663467 0.000000
vt -0.570112 -0.709276 0.000000
vt -0.379370 -0.704329 0.000000
vt -0.503849 -0.757784 0.000000
vt -0.433482 -0.800121 0.000000
vt -0.308035 -0.738319 0.000000
vt -0.359586 -0.835941 0.000000
vt -0.233695 -0.765106 0.000000
vt -0.282761 -0.864955 0.000000
vt -0.157075 -0.784428 0.000000
vt -0.203633 -0.886924 0.000000
vt -0.078922 -0.796098 0.000000
vt -0.122847 -0.901670 0.000000
vt -0.041060 -0.909073 0.000000
vt 0.000000 -0.800000 0.000000
vt 0.041060 -0.909073 0.000000
vt 0.078922 -0.796098 0.000000
vt 0.122847 -0.901670 0.000000
vt 0.203633 -0.886924 0.000000
vt 0.157075 -0.784428 0.000000
vt 0.282761 -0.864955 0.000000
vt 0.233695 -0.765106 0.000000
vt 0.359586 -0.835941 0.000000
vt 0.308035 -0.738319 0.000000
vt 0.433482 -0.800121 0.000000
vt 0.379370 -0.704329 0.000000
vt 0.503849 -0.757784 0.000000
vt 0.570112 -0.709276 0.000000
vt 0.447003 -0.663467 0.000000
vt 0.631732 -0.654992 0.000000
vt 0.510276 -0.616132 0.000000
vt 0.688208 -0.595373 0.000000
vt 0.568570 -0.562786 0.000000
vt 0.739079 -0.530907 0.000000
vt 0.621317 -0.503950 0.000000
vt 0.783931 -0.462116 0.000000
vt 0.668002 -0.440197 0.000000
vt 0.822400 -0.389562 0.000000
vt 0.708170 -0.372149 0.000000
vt 0.854170 -0.313836 0.000000
vt 0.741429 -0.300470 0.000000
vt 0.878985 -0.235554 0.000000
vt 0.767455 -0.225860 0.000000
vt 0.896641 -0.155354 0.000000
vt 0.785993 -0.149047 0.000000
vt 0.906995 -0.073888 0.000000
vt 0.796863 -0.070779 0.000000
vt 0.909963 0.008179 0.000000
vt 0.799958 0.008179 0.000000
vt 0.709953 0.008179 0.000000
vt 0.707090 -0.064213 0.000000
vt 0.799958 0.008179 0.000000
vt 0.796863 -0.070779 0.000000
vt 0.696865 -0.135937 0.000000
vt 0.785993 -0.149047 0.000000
vt 0.679384 -0.206245 0.000000
vt 0.767455 -0.225860 0.000000
vt 0.654829 -0.274406 0.000000
vt 0.741429 -0.300470 0.000000
vt 0.623456 -0.339709 0.000000
vt 0.708170 -0.372149 0.000000
vt 0.585591 -0.401476 0.000000
vt 0.668002 -0.440197 0.000000
vt 0.541629 -0.459062 0.000000
vt 0.621317 -0.503950 0.000000
vt 0.492027 -0.511868 0.000000
vt 0.568570 -0.562786 0.000000
vt 0.437302 -0.559345 0.000000
vt 0.510276 -0.616132 0.000000
vt 0.378024 -0.600997 0.000000
vt 0.447003 -0.663467 0.000000
vt 0.314810 -0.636392 0.000000
vt 0.379370 -0.704329 0.000000
vt 0.248318 -0.665160 0.000000
vt 0.308035 -0.738319 0.000000
vt 0.179240 -0.687003 0.000000
vt 0.233695 -0.765106 0.000000
vt 0.108296 -0.701692 0.000000
vt 0.157075 -0.784428 0.000000
vt 0.078922 -0.796098 0.000000
vt 0.036224 -0.709075 0.000000
vt -0.000000 -0.800000 0.000000
vt -0.036224 -0.709075 0.000000
vt -0.078922 -0.796098 0.000000
vt -0.108296 -0.701692 0.000000
vt -0.157075 -0.784428 0.000000
vt -0.233695 -0.765106 0.000000
vt -0.179240 -0.687003 0.000000
vt -0.308035 -0.738319 0.000000
vt -0.248318 -0.665160 0.000000
vt -0.379370 -0.704329 0.000000
vt -0.314810 -0.636392 0.000000
vt -0.447003 -0.663467 0.000000
vt -0.378024 -0.600997 0.000000
vt -0.510276 -0.616132 0.000000
vt -0.437302 -0.559345 0.000000
vt -0.568570 -0.562786 0.000000
vt -0.492027 -0.511868 0.000000
vt -0.621317 -0.503950 0.000000
vt -0.541629 -0.459062 0.000000
vt -0.668002 -0.440197 0.000000
vt -0.585591 -0.401476 0.000000
vt -0.708170 -0.372149 0.000000
vt -0.623456 -0.339709 0.000000
vt -0.741429 -0.300470 0.000000
vt -0.654829 -0.274406 0.000000
vt -0.767455 -0.225860 0.000000
vt -0.679384 -0.206245 0.000000
vt -0.785993 -0.149047 0.000000
vt -0.696865 -0.135937 0.000000
vt -0.796863 -0.070779 0.000000
vt -0.707090 -0.064213 0.000000
vt -0.799958 0.008179 0.000000
vt -0.709953 0.008179 0.000000
vt 0.000000 -0.008179 0.000000
vt 0.600000 -0.008179 0.000000
vt -0.000000 0.070872 0.000000
vt 0.600000 0.070872 0.000000
vt 0.000000 0.149923 0.000000
vt 0.600000 0.149923 0.000000
vt -0.000000 0.228974 0.000000
vt 0.600000 0.228974 0.000000
vt -0.000000 0.308025 0.000000
vt 0.600000 0.308025 0.000000
vt 0.000000 0.387076 0.000000
vt 0.600000 0.387076 0.000000
vt -0.000000 0.466127 0.000000
vt 0.600000 0.466127 0.000000
vt -0.000000 0.545178 0.000000
vt 0.600000 0.545178 0.000000
vt -0.000000 0.624229 0.000000
vt 0.600000 0.624229 0.000000
vt -0.000000 0.703280 0.000000
vt 0.600000 0.703280 0.000000
vt 0.000000 0.782331 0.000000
vt 0.600000 0.782331 0.000000
vt -0.000000 0.861382 0.000000
vt 0.600000 0.861382 0.000000
vt 0.000000 0.940433 0.000000
vt 0.600000 0.940433 0.000000
vt 0.000000 1.019484 0.000000
vt 0.600000 1.019484 0.000000
vt 0.000000 1.098535 0.000000
vt 0.600000 1.098535 0.000000
vt 0.000000 1.177586 0.000000
vt 0.600000 1.177586 0.000000
vt 0.000000 1.256637 0.000000
vt 0.600000 1.256637 0.000000
vt -0.000000 1.335688 0.000000
vt 0.600000 1.335688 0.000000
vt -0.000000 1.414739 0.000000
vt 0.600000 1.414739 0.000000
vt -0.000000 1.493790 0.000000
vt 0.600000 1.493790 0.000000
vt -0.000000 1.572841 0.000000
vt 0.600000 1.572841 0.000000
vt -0.000000 1.651892 0.000000
vt 0.600000 1.651892 0.000000
vt -0.000000 1.730943 0.000000
vt 0.600000 1.730943 0.000000
vt -0.000000 1.809994 0.000000
vt 0.600000 1.809994 0.000000
vt -0.000000 1.889045 0.000000
vt 0.600000 1.889045 0.000000
vt -0.000000 1.968096 0.000000
vt 0.600000 1.968096 0.000000
vt -0.000000 2.047147 0.000000
vt 0.600000 2.047147 0.000000
vt -0.000000 2.126198 0.000000
vt 0.600000 2.126198 0.000000
vt -0.000000 2.205249 0.000000
vt 0.600000 2.205249 0.000000
vt -0.000000 2.284300 0.000000
vt 0.600000 2.284300 0.000000
vt -0.000000 2.363351 0.000000
vt 0.600000 2.363351 0.000000
vt -0.000000 2.442402 0.000000
vt 0.600000 2.442402 0.000000
vt -0.000000 2.521453 0.000000
vt 0.600000 2.521453 0.000000
vt 0.500000 -2.222352 0.000000
vt 0.000000 -2.222352 0.000000
vt 0.500000 -2.294832 0.000000
vt 0.000000 -2.294832 0.000000
vt 0.500000 -2.367312 0.000000
vt 0.000000 -2.367312 0.000000
vt 0.500000 -2.439793 0.000000
vt 0.000000 -2.439793 0.000000
vt 0.500000 -2.512273 0.000000
vt 0.000000 -2.512273 0.000000
vt 0.500000 -2.584753 0.000000
vt 0.000000 -2.584753 0.000000
vt 0.500000 -2.657233 0.000000
vt 0.000000 -2.657233 0.000000
vt 0.500000 -2.729714 0.000000
vt 0.000000 -2.729714 0.000000
vt 0.500000 -2.802194 0.000000
vt 0.000000 -2.802194 0.000000
vt 0.500000 -2.874674 0.000000
vt 0.000000 -2.874674 0.000000
vt 0.500000 -2.947155 0.000000
vt 0.000000 -2.947155 0.000000
vt 0.500000 -3.019635 0.000000
vt 0.000000 -3.019635 0.000000
vt 0.500000 -3.092115 0.000000
vt 0.000000 -3.092115 0.000000
vt 0.500000 -3.164595 0.000000
vt 0.000000 -3.164595 0.000000
vt 0.500000 -3.237076 0.000000
vt 0.000000 -3.237076 0.000000
vt 0.500000 -3.309556 0.000000
vt 0.000000 -3.309556 0.000000
vt 0.500000 -3.382036 0.000000
vt 0.000000 -3.382036 0.000000
vt 0.500000 -3.454517 0.000000
vt 0.000000 -3.454517 0.000000
vt 0.500000 -3.526997 0.000000
vt 0.000000 -3.526997 0.000000
vt 0.500000 -3.599477 0.000000
vt 0.000000 -3.599477 0.000000
vt 0.500000 -3.671957 0.000000
vt 0.000000 -3.671957 0.000000
vt 0.500000 -3.744438 0.000000
vt 0.000000 -3.744438 0.000000
vt 0.500000 -3.816918 0.000000
vt 0.000000 -3.816918 0.000000
vt 0.500000 -3.889398 0.000000
vt 0.000000 -3.889398 0.000000
vt 0.500000 -3.961879 0.000000
vt 0.000000 -3.961879 0.000000
vt 0.500000 -4.034359 0.000000
vt 0.000000 -4.034359 0.000000
vt 0.500000 -4.106839 0.000000
vt 0.000000 -4.106839 0.000000
vt 0.500000 -4.179320 0.000000
vt 0.000000 -4.179320 0.000000
vt 0.500000 -4.251800 0.000000
vt 0.000000 -4.251800 0.000000
vt 0.500000 -4.324280 0.000000
vt 0.000000 -4.324280 0.000000
vt 0.500000 -4.396760 0.000000
vt 0.000000 -4.396760 0.000000
vt 0.500000 -4.469241 0.000000
vt 0.000000 -4.469241 0.000000
vt -0.709953 0.008179 0.000000
vt -0.799958 0.008179 0.000000
vt -0.707090 -0.064213 0.000000
vt -0.796863 -0.070779 0.000000
vt -0.696865 -0.135937 0.000000
vt -0.785993 -0.149047 0.000000
vt -0.679384 -0.206245 0.000000
vt -0.767455 -0.225860 0.000000
vt -0.654829 -0.274406 0.000000
vt -0.741429 -0.300470 0.000000
vt -0.623456 -0.339709 0.000000
vt -0.708170 -0.372149 0.000000
vt -0.585591 -0.401476 0.000000
vt -0.668002 -0.440197 0.000000
vt -0.541629 -0.459062 0.000000
vt -0.621317 -0.503950 0.000000
vt -0.492027 -0.511868 0.000000
vt -0.568570 -0.562786 0.000000
vt -0.437302 -0.559345 0.000000
vt -0.510276 -0.616132 0.000000
vt -0.378024 -0.600997 0.000000
vt -0.447003 -0.663467 0.000000
vt -0.314810 -0.636392 0.000000
vt -0.379370 -0.704329 0.000000
vt -0.248318 -0.665160 0.000000
vt -0.308035 -0.738319 0.000000
vt -0.179240 -0.687003 0.000000
vt -0.233695 -0.765106 0.000000
vt -0.108296 -0.701692 0.000000
vt -0.157075 -0.784428 0.000000
vt -0.078922 -0.796098 0.000000
vt -0.036224 -0.709075 0.000000
vt 0.000000 -0.800000 0.000000
vt 0.036224 -0.709075 0.000000
vt 0.078922 -0.796098 0.000000
vt 0.108296 -0.701692 0.000000
vt 0.157075 -0.784428 0.000000
vt 0.233695 -0.765106 0.000000
vt 0.179240 -0.687003 0.000000
vt 0.308035 -0.738319 0.000000
vt 0.248318 -0.665160 0.000000
vt 0.379370 -0.704329 0.000000
vt 0.314810 -0.636392 0.000000
vt 0.447003 -0.663467 0.000000
vt 0.378024 -0.600997 0.000000
vt 0.510276 -0.616132 0.000000
vt 0.437302 -0.559345 0.000000
vt 0.568570 -0.562786 0.000000
vt 0.492027 -0.511868 0.000000
vt 0.621317 -0.503950 0.000000
vt 0.541629 -0.459062 0.000000
vt 0.668002 -0.440197 0.000000
vt 0.585591 -0.401476 0.000000
vt 0.708170 -0.372149 0.000000
vt 0.623456 -0.339709 0.000000
vt 0.741429 -0.300470 0.000000
vt 0.654829 -0.274406 0.000000
vt 0.767455 -0.225860 0.000000
vt 0.679384 -0.206245 0.000000
vt 0.785993 -0.149047 0.000000
vt 0.696865 -0.135937 0.000000
vt 0.796863 -0.070779 0.000000
vt 0.707090 -0.064213 0.000000
vt 0.799958 0.008179 0.000000
vt 0.709953 0.008179 0.000000
vt 0.000000 -0.008179 0.000000
vt 0.500000 -0.008179 0.000000
vt 0.000000 0.064301 0.000000
vt 0.500000 0.064301 0.000000
vt 0.000000 0.136781 0.000000
vt 0.500000 0.136781 0.000000
vt 0.000000 0.209262 0.000000
vt 0.500000 0.209262 0.000000
vt 0.000000 0.281742 0.000000
vt 0.500000 0.281742 0.000000
vt 0.000000 0.354222 0.000000
vt 0.500000 0.354222 0.000000
vt 0.000000 0.426703 0.000000
vt 0.500000 0.426703 0.000000
vt 0.000000 0.499183 0.000000
vt 0.500000 0.499183 0.000000
vt 0.000000 0.571663 0.000000
vt 0.500000 0.571663 0.000000
vt 0.000000 0.644144 0.000000
vt 0.500000 0.644144 0.000000
vt 0.000000 0.716624 0.000000
vt 0.500000 0.716624 0.000000
vt 0.000000 0.789104 0.000000
vt 0.500000 0.789104 0.000000
vt 0.000000 0.861584 0.000000
vt 0.500000 0.861584 0.000000
vt 0.000000 0.934065 0.000000
vt 0.500000 0.934065 0.000000
vt 0.000000 1.006545 0.000000
vt 0.500000 1.006545 0.000000
vt 0.000000 1.079025 0.000000
vt 0.500000 1.079025 0.000000
vt -0.000000 1.151506 0.000000
vt 0.500000 1.151506 0.000000
vt -0.000000 1.223986 0.000000
vt 0.500000 1.223986 0.000000
vt -0.000000 1.296466 0.000000
vt 0.500000 1.296466 0.000000
vt -0.000000 1.368946 0.000000
vt 0.500000 1.368946 0.000000
vt 0.000000 1.441427 0.000000
vt 0.500000 1.441427 0.000000
vt -0.000000 1.513907 0.000000
vt 0.500000 1.513907 0.000000
vt 0.000000 1.586387 0.000000
vt 0.500000 1.586387 0.000000
vt -0.000000 1.658868 0.000000
vt 0.500000 1.658868 0.000000
vt 0.000000 1.731348 0.000000
vt 0.500000 1.731348 0.000000
vt -0.000000 1.803828 0.000000
vt 0.500000 1.803828 0.000000
vt 0.000000 1.876308 0.000000
vt 0.500000 1.876308 0.000000
vt -0.000000 1.948789 0.000000
vt 0.500000 1.948789 0.000000
vt -0.000000 2.021269 0.000000
vt 0.500000 2.021269 0.000000
vt 0.000000 2.093749 0.000000
vt 0.500000 2.093749 0.000000
vt 0.000000 2.166230 0.000000
vt 0.500000 2.166230 0.000000
vt 0.000000 2.238710 0.000000
vt 0.500000 2.238710 0.000000
vt -8.775948 2.358200 0.000000
vt -9.800000 2.358200 0.000000
vt -8.775948 0.200000 0.000000
vt -9.800000 0.200000 0.000000
vt -0.291800 0.100000 0.000000
vt -2.550000 0.100000 0.000000
vt -0.291800 -0.100000 0.000000
vt -2.550000 -0.100000 0.000000
vt 2.258200 0.200000 0.000000
vt 2.258200 0.300000 0.000000
vt 2.158200 0.200000 0.000000
vt 0.000000 0.300000 0.000000
vt 0.000000 0.000000 0.000000
vt 2.158200 0.000000 0.000000
vt -6.799999 2.358200 0.000000
vt -8.575948 2.358200 0.000000
vt -6.799999 0.200000 0.000000
vt -8.575948 0.200000 0.000000
vt -0.441800 0.100000 0.000000
vt -2.400000 0.100000 0.000000
vt -0.441800 -0.100000 0.000000
vt -2.400000 -0.100000 0.000000
vt 1.724507 2.258200 0.000000
vt 1.624507 2.258200 0.000000
vt 1.724507 2.158200 0.000000
vt 1.624507 0.300000 0.000000
vt 1.924507 2.158200 0.000000
vt 1.924507 0.000000 0.000000
vt 0.000000 0.000000 0.000000
vt 0.000000 0.300000 0.000000
vt -3.399999 2.358200 0.000000
vt -6.599999 2.358200 0.000000
vt -3.399999 0.200000 0.000000
vt -6.599999 0.200000 0.000000
vt 0.799958 0.008179 0.000000
vt 0.796863 -0.070779 0.000000
vt 0.909963 0.008179 0.000000
vt 0.906995 -0.073888 0.000000
vt 0.785993 -0.149047 0.000000
vt 0.896641 -0.155354 0.000000
vt 0.767455 -0.225860 0.000000
vt 0.878985 -0.235554 0.000000
vt 0.741429 -0.300470 0.000000
vt 0.854170 -0.313836 0.000000
vt 0.708170 -0.372149 0.000000
vt 0.822400 -0.389562 0.000000
vt 0.668002 -0.440197 0.000000
vt 0.783931 -0.462116 0.000000
vt 0.621317 -0.503950 0.000000
vt 0.739079 -0.530907 0.000000
vt 0.568570 -0.562786 0.000000
vt 0.688208 -0.595373 0.000000
vt 0.510276 -0.616132 0.000000
vt 0.631732 -0.654992 0.000000
vt 0.447003 -0.663467 0.000000
vt 0.570112 -0.709276 0.000000
vt 0.379370 -0.704329 0.000000
vt 0.503849 -0.757784 0.000000
vt 0.433482 -0.800121 0.000000
vt 0.308035 -0.738319 0.000000
vt 0.359586 -0.835941 0.000000
vt 0.233695 -0.765106 0.000000
vt 0.282761 -0.864955 0.000000
vt 0.157075 -0.784428 0.000000
vt 0.203633 -0.886924 0.000000
vt 0.078922 -0.796098 0.000000
vt 0.122847 -0.901670 0.000000
vt 0.041060 -0.909073 0.000000
vt -0.000000 -0.800000 0.000000
vt -0.041060 -0.909073 0.000000
vt -0.078922 -0.796098 0.000000
vt -0.122847 -0.901670 0.000000
vt -0.203633 -0.886924 0.000000
vt -0.157075 -0.784428 0.000000
vt -0.282761 -0.864955 0.000000
vt -0.233695 -0.765106 0.000000
vt -0.359586 -0.835941 0.000000
vt -0.308035 -0.738319 0.000000
vt -0.433482 -0.800121 0.000000
vt -0.379370 -0.704329 0.000000
vt -0.503849 -0.757784 0.000000
vt -0.570112 -0.709276 0.000000
vt -0.447003 -0.663467 0.000000
vt -0.631732 -0.654992 0.000000
vt -0.510276 -0.616132 0.000000
vt -0.688208 -0.595373 0.000000
vt -0.568570 -0.562786 0.000000
vt -0.739079 -0.530907 0.000000
vt -0.621317 -0.503950 0.000000
vt -0.783931 -0.462116 0.000000
vt -0.668002 -0.440197 0.000000
vt -0.822400 -0.389562 0.000000
vt -0.708170 -0.372149 0.000000
vt -0.854170 -0.313836 0.000000
vt -0.741429 -0.300470 0.000000
vt -0.878985 -0.235554 0.000000
vt -0.767455 -0.225860 0.000000
vt -0.896641 -0.155354 0.000000
vt -0.785993 -0.149047 0.000000
vt -0.906995 -0.073888 0.000000
vt -0.796863 -0.070779 0.000000
vt -0.909963 0.008179 0.000000
vt -0.799958 0.008179 0.000000
vt 0.000000 0.642342 0.000000
vt 0.150000 0.642342 0.000000
vt -0.000000 0.721092 0.000000
vt 0.150000 0.721092 0.000000
vt -0.000000 0.799843 0.000000
vt 0.150000 0.799843 0.000000
vt 0.000000 0.878593 0.000000
vt 0.150000 0.878593 0.000000
vt 0.000000 0.957343 0.000000
vt 0.150000 0.957343 0.000000
vt 0.000000 1.036094 0.000000
vt 0.150000 1.036094 0.000000
vt -0.000000 1.114844 0.000000
vt 0.150000 1.114844 0.000000
vt -0.000000 1.193595 0.000000
vt 0.150000 1.193595 0.000000
vt 0.000000 1.272345 0.000000
vt 0.150000 1.272345 0.000000
vt 0.000000 1.351095 0.000000
vt 0.150000 1.351095 0.000000
vt 0.000000 1.429846 0.000000
vt 0.150000 1.429846 0.000000
vt 0.000000 1.508596 0.000000
vt 0.150000 1.508596 0.000000
vt 0.000000 1.587347 0.000000
vt 0.150000 1.587347 0.000000
vt 0.000000 1.666097 0.000000
vt 0.150000 1.666097 0.000000
vt 0.000000 1.744847 0.000000
vt 0.150000 1.744847 0.000000
vt 0.000000 1.823598 0.000000
vt 0.150000 1.823598 0.000000
vt 0.000000 1.902348 0.000000
vt 0.150000 1.902348 0.000000
vt -2.458200 -1.070924 0.000000
vt -1.818486 -1.070924 0.000000
vt -2.458200 -0.200000 0.000000
vt -0.200000 -0.200000 0.000000
vt -0.500000 -3.200001 0.000000
vt -0.200000 -3.200001 0.000000
vt -0.500000 -3.400001 0.000000
vt -1.818486 -5.775965 0.000000
vt -0.200000 -5.775965 0.000000
vt -0.200000 -3.400001 0.000000
vt -0.799958 0.008179 0.000000
vt -0.909963 0.008179 0.000000
vt -0.796863 -0.070779 0.000000
vt -0.906995 -0.073888 0.000000
vt -0.785993 -0.149047 0.000000
vt -0.896641 -0.155354 0.000000
vt -0.767455 -0.225860 0.000000
vt -0.878985 -0.235554 0.000000
vt -0.741429 -0.300470 0.000000
vt -0.854170 -0.313836 0.000000
vt -0.708170 -0.372149 0.000000
vt -0.822400 -0.389562 0.000000
vt -0.668002 -0.440197 0.000000
vt -0.783931 -0.462116 0.000000
vt -0.621317 -0.503950 0.000000
vt -0.739079 -0.530907 0.000000
vt -0.568570 -0.562786 0.000000
vt -0.688208 -0.595373 0.000000
vt -0.510276 -0.616132 0.000000
vt -0.631732 -0.654992 0.000000
vt -0.447003 -0.663467 0.000000
vt -0.570112 -0.709276 0.000000
vt -0.379370 -0.704329 0.000000
vt -0.503849 -0.757784 0.000000
vt -0.433482 -0.800121 0.000000
vt -0.308035 -0.738319 0.000000
vt -0.359586 -0.835941 0.000000
vt -0.233695 -0.765106 0.000000
vt -0.282761 -0.864955 0.000000
vt -0.157075 -0.784428 0.000000
vt -0.203633 -0.886924 0.000000
vt -0.078922 -0.796098 0.000000
vt -0.122847 -0.901670 0.000000
vt -0.041060 -0.909073 0.000000
vt -0.000000 -0.800000 0.000000
vt 0.041060 -0.909073 0.000000
vt 0.078922 -0.796098 0.000000
vt 0.122847 -0.901670 0.000000
vt 0.203633 -0.886924 0.000000
vt 0.157075 -0.784428 0.000000
vt 0.282761 -0.864955 0.000000
vt 0.233695 -0.765106 0.000000
vt 0.359586 -0.835941 0.000000
vt 0.308035 -0.738319 0.000000
vt 0.433482 -0.800121 0.000000
vt 0.379370 -0.704329 0.000000
vt 0.503849 -0.757784 0.000000
vt 0.570112 -0.709276 0.000000
vt 0.447003 -0.663467 0.000000
vt 0.631732 -0.654992 0.000000
vt 0.510276 -0.616132 0.000000
vt 0.688208 -0.595373 0.000000
vt 0.568570 -0.562786 0.000000
vt 0.739079 -0.530907 0.000000
vt 0.621317 -0.503950 0.000000
vt 0.783931 -0.462116 0.000000
vt 0.668002 -0.440197 0.000000
vt 0.822400 -0.389562 0.000000
vt 0.708170 -0.372149 0.000000
vt 0.854170 -0.313836 0.000000
vt 0.741429 -0.300470 0.000000
vt 0.878985 -0.235554 0.000000
vt 0.767455 -0.225860 0.000000
vt 0.896641 -0.155354 0.000000
vt 0.785993 -0.149047 0.000000
vt 0.906995 -0.073888 0.000000
vt 0.796863 -0.070779 0.000000
vt 0.909963 0.008179 0.000000
vt 0.799958 0.008179 0.000000
vt 0.000000 -0.008179 0.000000
vt 0.600000 -0.008179 0.000000
vt 0.000000 0.070872 0.000000
vt 0.600000 0.070872 0.000000
vt 0.000000 0.149923 0.000000
vt 0.600000 0.149923 0.000000
vt 0.000000 0.228974 0.000000
vt 0.600000 0.228974 0.000000
vt -0.000000 0.308025 0.000000
vt 0.600000 0.308025 0.000000
vt -0.000000 0.387076 0.000000
vt 0.600000 0.387076 0.000000
vt -0.000000 0.466127 0.000000
vt 0.600000 0.466127 0.000000
vt -0.000000 0.545178 0.000000
vt 0.600000 0.545178 0.000000
vt 0.000000 0.624229 0.000000
vt 0.600000 0.624229 0.000000
vt 0.000000 0.703280 0.000000
vt 0.600000 0.703280 0.000000
vt 0.000000 0.782331 0.000000
vt 0.600000 0.782331 0.000000
vt -0.000000 0.861382 0.000000
vt 0.600000 0.861382 0.000000
vt 0.000000 0.940433 0.000000
vt 0.600000 0.940433 0.000000
vt -0.000000 1.019484 0.000000
vt 0.600000 1.019484 0.000000
vt 0.000000 1.098535 0.000000
vt 0.600000 1.098535 0.000000
vt 0.000000 1.177586 0.000000
vt 0.600000 1.177586 0.000000
vt 0.000000 1.256637 0.000000
vt 0.600000 1.256637 0.000000
vt -0.000000 1.335688 0.000000
vt 0.600000 1.335688 0.000000
vt -0.000000 1.414739 0.000000
vt 0.600000 1.414739 0.000000
vt -0.000000 1.493790 0.000000
vt 0.600000 1.493790 0.000000
vt -0.000000 1.572841 0.000000
vt 0.600000 1.572841 0.000000
vt -0.000000 1.651892 0.000000
vt 0.600000 1.651892 0.000000
vt -0.000000 1.730943 0.000000
vt 0.600000 1.730943 0.000000
vt -0.000000 1.809994 0.000000
vt 0.600000 1.809994 0.000000
vt -0.000000 1.889045 0.000000
vt 0.600000 1.889045 0.000000
vt -0.000000 1.968096 0.000000
vt 0.600000 1.968096 0.000000
vt -0.000000 2.047147 0.000000
vt 0.600000 2.047147 0.000000
vt -0.000000 2.126198 0.000000
vt 0.600000 2.126198 0.000000
vt -0.000000 2.205249 0.000000
vt 0.600000 2.205249 0.000000
vt -0.000000 2.284300 0.000000
vt 0.600000 2.284300 0.000000
vt -0.000000 2.363351 0.000000
vt 0.600000 2.363351 0.000000
vt -0.000000 2.442402 0.000000
vt 0.600000 2.442402 0.000000
vt 0.000000 2.521453 0.000000
vt 0.600000 2.521453 0.000000
vt -0.709953 0.008179 0.000000
vt -0.799958 0.008179 0.000000
vt -0.707090 -0.064213 0.000000
vt -0.796863 -0.070779 0.000000
vt -0.696865 -0.135937 0.000000
vt -0.785993 -0.149047 0.000000
vt -0.679384 -0.206245 0.000000
vt -0.767455 -0.225860 0.000000
vt -0.654829 -0.274406 0.000000
vt -0.741429 -0.300470 0.000000
vt -0.623456 -0.339709 0.000000
vt -0.708170 -0.372149 0.000000
vt -0.585591 -0.401476 0.000000
vt -0.668002 -0.440197 0.000000
vt -0.541629 -0.459062 0.000000
vt -0.621317 -0.503950 0.000000
vt -0.492027 -0.511868 0.000000
vt -0.568570 -0.562786 0.000000
vt -0.437302 -0.559345 0.000000
vt -0.510276 -0.616132 0.000000
vt -0.378024 -0.600997 0.000000
vt -0.447003 -0.663467 0.000000
vt -0.314810 -0.636392 0.000000
vt -0.379370 -0.704329 0.000000
vt -0.248318 -0.665160 0.000000
vt -0.308035 -0.738319 0.000000
vt -0.179240 -0.687003 0.000000
vt -0.233695 -0.765106 0.000000
vt -0.108296 -0.701692 0.000000
vt -0.157075 -0.784428 0.000000
vt -0.078922 -0.796098 0.000000
vt -0.036224 -0.709075 0.000000
vt -0.000000 -0.800000 0.000000
vt 0.036224 -0.709075 0.000000
vt 0.078922 -0.796098 0.000000
vt 0.108296 -0.701692 0.000000
vt 0.157075 -0.784428 0.000000
vt 0.233695 -0.765106 0.000000
vt 0.179240 -0.687003 0.000000
vt 0.308035 -0.738319 0.000000
vt 0.248318 -0.665160 0.000000
vt 0.379370 -0.704329 0.000000
vt 0.314810 -0.636392 0.000000
vt 0.447003 -0.663467 0.000000
vt 0.378024 -0.600997 0.000000
vt 0.510276 -0.616132 0.000000
vt 0.437302 -0.559345 0.000000
vt 0.568570 -0.562786 0.000000
vt 0.492027 -0.511868 0.000000
vt 0.621317 -0.503950 0.000000
vt 0.541629 -0.459062 0.000000
vt 0.668002 -0.440197 0.000000
vt 0.585591 -0.401476 0.000000
vt 0.708170 -0.372149 0.000000
vt 0.623456 -0.339709 0.000000
vt 0.741429 -0.300470 0.000000
vt 0.654829 -0.274406 0.000000
vt 0.767455 -0.225860 0.000000
vt 0.679384 -0.206245 0.000000
vt 0.785993 -0.149047 0.000000
vt 0.696865 -0.135937 0.000000
vt 0.796863 -0.070779 0.000000
vt 0.707090 -0.064213 0.000000
vt 0.799958 0.008179 0.000000
vt 0.709953 0.008179 0.000000
vt 0.000000 -0.008179 0.000000
vt 0.500000 -0.008179 0.000000
vt 0.000000 0.064301 0.000000
vt 0.500000 0.064301 0.000000
vt 0.000000 0.136781 0.000000
vt 0.500000 0.136781 0.000000
vt 0.000000 0.209262 0.000000
vt 0.500000 0.209262 0.000000
vt 0.000000 0.281742 0.000000
vt 0.500000 0.281742 0.000000
vt 0.000000 0.354222 0.000000
vt 0.500000 0.354222 0.000000
vt 0.000000 0.426703 0.000000
vt 0.500000 0.426703 0.000000
vt 0.000000 0.499183 0.000000
vt 0.500000 0.499183 0.000000
vt 0.000000 0.571663 0.000000
vt 0.500000 0.571663 0.000000
vt 0.000000 0.644144 0.000000
vt 0.500000 0.644144 0.000000
vt 0.000000 0.716624 0.000000
vt 0.500000 0.716624 0.000000
vt 0.000000 0.789104 0.000000
vt 0.500000 0.789104 0.000000
vt 0.000000 0.861584 0.000000
vt 0.500000 0.861584 0.000000
vt 0.000000 0.934065 0.000000
vt 0.500000 0.934065 0.000000
vt 0.000000 1.006545 0.000000
vt 0.500000 1.006545 0.000000
vt 0.000000 1.079025 0.000000
vt 0.500000 1.079025 0.000000
vt -0.000000 1.151506 0.000000
vt 0.500000 1.151506 0.000000
vt 0.000000 1.223986 0.000000
vt 0.500000 1.223986 0.000000
vt -0.000000 1.296466 0.000000
vt 0.500000 1.296466 0.000000
vt -0.000000 1.368946 0.000000
vt 0.500000 1.368946 0.000000
vt -0.000000 1.441427 0.000000
vt 0.500000 1.441427 0.000000
vt -0.000000 1.513907 0.000000
vt 0.500000 1.513907 0.000000
vt -0.000000 1.586387 0.000000
vt 0.500000 1.586387 0.000000
vt -0.000000 1.658868 0.000000
vt 0.500000 1.658868 0.000000
vt -0.000000 1.731348 0.000000
vt 0.500000 1.731348 0.000000
vt -0.000000 1.803828 0.000000
vt 0.500000 1.803828 0.000000
vt -0.000000 1.876308 0.000000
vt 0.500000 1.876308 0.000000
vt -0.000000 1.948789 0.000000
vt 0.500000 1.948789 0.000000
vt -0.000000 2.021269 0.000000
vt 0.500000 2.021269 0.000000
vt -0.000000 2.093749 0.000000
vt 0.500000 2.093749 0.000000
vt -0.000000 2.166230 0.000000
vt 0.500000 2.166230 0.000000
vt 0.000000 2.238710 0.000000
vt 0.500000 2.238710 0.000000
vt 0.778890 7.350000 0.000000
vt 2.202135 7.350000 0.000000
vt 0.778890 7.500000 0.000000
vt 2.202135 7.500000 0.000000
vt 0.778890 7.700000 0.000000
vt 2.202135 7.700000 0.000000
vt -0.357865 7.500000 0.000000
vt -0.357865 7.700000 0.000000
vt -3.934344 7.350000 0.000000
vt -5.200000 7.700000 0.000000
vt -4.800000 7.300000 0.000000
vt -5.200000 4.063301 0.000000
vt -4.800000 3.863290 0.000000
vt -5.300000 3.953296 0.000000
vt -5.300000 3.863290 0.000000
vt -5.900000 4.063301 0.000000
vt -5.900000 3.953296 0.000000
vt -3.934344 7.300000 0.000000
vt -0.357865 7.350000 0.000000
vt -5.900000 -4.236699 0.000000
vt -5.300000 -4.346704 0.000000
vt -5.200000 -4.236699 0.000000
vt -5.300000 -4.436710 0.000000
vt -4.800000 -4.436710 0.000000
vt -5.900000 -4.346704 0.000000
vt -5.200000 2.243374 0.000000
vt -4.800000 2.443385 0.000000
vt -5.300000 2.443385 0.000000
vt -5.300000 2.353379 0.000000
vt -5.900000 2.243374 0.000000
vt -5.900000 2.353379 0.000000
vt 5.900000 3.953296 0.000000
vt 5.900000 4.063301 0.000000
vt 5.300000 3.953296 0.000000
vt 5.200000 4.063301 0.000000
vt 5.300000 3.863290 0.000000
vt 4.800000 3.863290 0.000000
vt 4.800000 7.300000 0.000000
vt 5.200000 7.700000 0.000000
vt 3.929076 7.350000 0.000000
vt 3.338890 7.700000 0.000000
vt 3.338890 7.500000 0.000000
vt 3.338890 7.350000 0.000000
vt 3.929076 7.300000 0.000000
vt 5.300000 2.443385 0.000000
vt 4.800000 2.443385 0.000000
vt 5.200000 2.243374 0.000000
vt 4.800000 -4.436710 0.000000
vt 5.200000 -4.236699 0.000000
vt 5.300000 -4.436710 0.000000
vt 5.300000 -4.346704 0.000000
vt 5.900000 -4.346704 0.000000
vt 5.900000 -4.236699 0.000000
vt 5.300000 2.353379 0.000000
vt 5.900000 2.243374 0.000000
vt 5.900000 2.353379 0.000000
vt 5.900000 -6.056626 0.000000
vt 5.300000 -5.946621 0.000000
vt 5.200000 -6.056626 0.000000
vt 4.800000 -5.856615 0.000000
vt 4.800000 -7.100000 0.000000
vt 5.900000 -5.946621 0.000000
vt 5.300000 -5.856615 0.000000
vt 5.200000 -7.700000 0.000000
vt 3.775948 -7.100000 0.000000
vt 3.575948 -7.100000 0.000000
vt 3.575948 -7.000000 0.000000
vt 3.775948 -7.000000 0.000000
vt 1.799999 -7.100000 0.000000
vt 1.599999 -7.100000 0.000000
vt -5.200000 -7.700000 0.000000
vt -1.600001 -7.100000 0.000000
vt -1.800001 -7.100000 0.000000
vt -1.800001 -7.000000 0.000000
vt -1.600001 -7.000000 0.000000
vt 1.799999 -7.000000 0.000000
vt 1.599999 -7.000000 0.000000
vt -3.990892 -7.100000 0.000000
vt -4.190892 -7.100000 0.000000
vt -4.800000 -7.100000 0.000000
vt -3.990892 -7.000000 0.000000
vt -4.190892 -7.000000 0.000000
vt -5.200000 -6.056626 0.000000
vt -4.800000 -5.856615 0.000000
vt -5.300000 -5.946621 0.000000
vt -5.300000 -5.856615 0.000000
vt -5.900000 -5.946621 0.000000
vt -5.900000 -6.056626 0.000000
vt -0.040000 -3.190000 0.000000
vt 0.040000 -3.190000 0.000000
vt -0.040000 3.190000 0.000000
vt 0.040000 3.190000 0.000000
vt -0.080000 0.270000 0.000000
vt -0.000000 0.270000 0.000000
vt -0.080000 0.300000 0.000000
vt -0.000000 0.300000 0.000000
vt -6.380000 0.270000 0.000000
vt -0.000000 0.270000 0.000000
vt -6.380000 0.300000 0.000000
vt -0.000000 0.300000 0.000000
vt -0.040000 -3.190000 0.000000
vt 0.040000 -3.190000 0.000000
vt -0.040000 3.190000 0.000000
vt 0.040000 3.190000 0.000000
vt -6.380000 0.270000 0.000000
vt -0.000000 0.270000 0.000000
vt -6.380000 0.300000 0.000000
vt -0.000000 0.300000 0.000000
vt -0.080000 0.270000 0.000000
vt -0.000000 0.270000 0.000000
vt -0.080000 0.300000 0.000000
vt -0.000000 0.300000 0.000000
vt 0.050000 0.576669 0.000000
vt -0.050000 0.576669 0.000000
vt 0.050000 -0.576669 0.000000
vt -0.050000 -0.576669 0.000000
vt -1.153338 0.270000 0.000000
vt -0.000000 0.270000 0.000000
vt -1.153338 0.300000 0.000000
vt -0.000000 0.300000 0.000000
vt -0.100000 0.270000 0.000000
vt -0.000000 0.270000 0.000000
vt -0.100000 0.300000 0.000000
vt -0.000000 0.300000 0.000000
vt -0.050000 -0.576669 0.000000
vt 0.050000 -0.576669 0.000000
vt -0.050000 0.576669 0.000000
vt 0.050000 0.576669 0.000000
vt -0.100000 0.270000 0.000000
vt -0.000000 0.270000 0.000000
vt -0.100000 0.300000 0.000000
vt -0.000000 0.300000 0.000000
vt -1.153338 0.270000 0.000000
vt -0.000000 0.270000 0.000000
vt -1.153338 0.300000 0.000000
vt -0.000000 0.300000 0.000000
vt -0.040000 -1.563331 0.000000
vt 0.040000 -1.563331 0.000000
vt -0.040000 1.563331 0.000000
vt 0.040000 1.563331 0.000000
vt -0.080000 0.270000 0.000000
vt -0.000000 0.270000 0.000000
vt -0.080000 0.300000 0.000000
vt -0.000000 0.300000 0.000000
vt -3.126662 0.270000 0.000000
vt -0.000000 0.270000 0.000000
vt -3.126662 0.300000 0.000000
vt -0.000000 0.300000 0.000000
vt -0.040000 -1.563331 0.000000
vt 0.040000 -1.563331 0.000000
vt -0.040000 1.563331 0.000000
vt 0.040000 1.563331 0.000000
vt -3.126662 0.270000 0.000000
vt -0.000000 0.270000 0.000000
vt -3.126662 0.300000 0.000000
vt -0.000000 0.300000 0.000000
vt -0.080000 0.270000 0.000000
vt -0.000000 0.270000 0.000000
vt -0.080000 0.300000 0.000000
vt -0.000000 0.300000 0.000000
vt -0.080000 0.270000 0.000000
vt 0.000000 0.270000 0.000000
vt -0.080000 0.300000 0.000000
vt 0.000000 0.300000 0.000000
vt -6.380000 0.270000 0.000000
vt -0.000000 0.270000 0.000000
vt -6.380000 0.300000 0.000000
vt -0.000000 0.300000 0.000000
vt -0.040000 -3.190000 0.000000
vt 0.040000 -3.190000 0.000000
vt -0.040000 3.190000 0.000000
vt 0.040000 3.190000 0.000000
vt -6.380000 0.270000 0.000000
vt -0.000000 0.270000 0.000000
vt -6.380000 0.300000 0.000000
vt -0.000000 0.300000 0.000000
vt -0.080000 0.270000 0.000000
vt -0.000000 0.270000 0.000000
vt -0.080000 0.300000 0.000000
vt -0.000000 0.300000 0.000000
vt -0.040000 -3.190000 0.000000
vt 0.040000 -3.190000 0.000000
vt -0.040000 3.190000 0.000000
vt 0.040000 3.190000 0.000000
vt -3.126662 0.270000 0.000000
vt -0.000000 0.270000 0.000000
vt -3.126662 0.300000 0.000000
vt -0.000000 0.300000 0.000000
vt -0.080000 0.270000 0.000000
vt -0.000000 0.270000 0.000000
vt -0.080000 0.300000 0.000000
vt -0.000000 0.300000 0.000000
vt -0.040000 -1.563331 0.000000
vt 0.040000 -1.563331 0.000000
vt -0.040000 1.563331 0.000000
vt 0.040000 1.563331 0.000000
vt -0.080000 0.270000 0.000000
vt -0.000000 0.270000 0.000000
vt -0.080000 0.300000 0.000000
vt -0.000000 0.300000 0.000000
vt -3.126662 0.270000 0.000000
vt -0.000000 0.270000 0.000000
vt -3.126662 0.300000 0.000000
vt -0.000000 0.300000 0.000000
vt 0.040000 1.563331 0.000000
vt -0.040000 1.563331 0.000000
vt 0.040000 -1.563331 0.000000
vt -0.040000 -1.563331 0.000000
vt -0.080000 0.270000 0.000000
vt -0.000000 0.270000 0.000000
vt -0.080000 0.300000 0.000000
vt -0.000000 0.300000 0.000000
vt -1.133338 0.270000 0.000000
vt -0.000000 0.270000 0.000000
vt -1.133338 0.300000 0.000000
vt -0.000000 0.300000 0.000000
vt -0.040000 -0.566669 0.000000
vt 0.040000 -0.566669 0.000000
vt -0.040000 0.566669 0.000000
vt 0.040000 0.566669 0.000000
vt -1.133338 0.270000 0.000000
vt -0.000000 0.270000 0.000000
vt -1.133338 0.300000 0.000000
vt -0.000000 0.300000 0.000000
vt -0.080000 0.270000 0.000000
vt -0.000000 0.270000 0.000000
vt -0.080000 0.300000 0.000000
vt -0.000000 0.300000 0.000000
vt -0.040000 -0.566669 0.000000
vt 0.040000 -0.566669 0.000000
vt -0.040000 0.566669 0.000000
vt 0.040000 0.566669 0.000000
vn -0.100000 0.000000 0.000000
vn -0.100000 0.000000 0.000000
vn -0.100000 0.000000 0.000000
vn -0.100000 0.000000 0.000000
vn 0.000000 0.100000 0.000000
vn 0.000000 0.100000 0.000000
vn 0.000000 0.100000 0.000000
vn 0.000000 0.100000 0.000000
vn -0.100000 0.000000 0.000000
vn -0.100000 0.000000 0.000000
vn -0.100000 0.000000 0.000000
vn -0.100000 0.000000 0.000000
vn 0.100000 -0.000000 0.000000
vn 0.100000 -0.000000 0.000000
vn 0.100000 -0.000000 0.000000
vn 0.100000 -0.000000 0.000000
vn 0.000000 0.000000 -0.100000
vn 0.000000 0.000000 -0.100000
vn 0.000000 0.000000 -0.100000
vn 0.000000 0.000000 -0.100000
vn 0.100000 -0.000000 0.000000
vn 0.100000 -0.000000 0.000000
vn 0.100000 -0.000000 0.000000
vn 0.100000 -0.000000 0.000000
vn 0.100000 0.000000 0.000000
vn 0.100000 0.000000 0.000000
vn 0.100000 0.000000 0.000000
vn 0.100000 0.000000 0.000000
vn 0.100000 0.000000 0.000000
vn 0.100000 0.000000 0.000000
vn 0.100000 0.000000 0.000000
vn 0.000000 -0.100000 0.000000
vn 0.000000 -0.100000 0.000000
vn 0.000000 -0.100000 0.000000
vn 0.000000 -0.100000 0.000000
vn 0.000000 0.100000 0.000000
vn 0.000000 0.100000 0.000000
vn 0.000000 0.100000 0.000000
vn 0.000000 0.100000 0.000000
vn 0.000000 0.000000 -0.100000
vn 0.000000 0.000000 -0.100000
vn 0.000000 0.000000 -0.100000
vn 0.000000 0.000000 -0.100000
vn 0.000000 0.000000 -0.100000
vn 0.000000 0.000000 -0.100000
vn 0.000000 0.100000 0.000000
vn 0.000000 0.100000 0.000000
vn 0.000000 0.100000 0.000000
vn 0.000000 0.100000 0.000000
vn 0.000000 0.100000 0.000000
vn 0.000000 0.100000 0.000000
vn 0.000000 0.100000 0.000000
vn 0.000000 0.100000 0.000000
vn 0.000000 0.100000 0.000000
vn 0.000000 0.100000 0.000000
vn 0.000000 0.100000 0.000000
vn 0.000000 0.100000 0.000000
vn 0.000000 0.100000 0.000000
vn 0.000000 0.100000 0.000000
vn 0.000000 0.100000 0.000000
vn 0.000000 0.100000 0.000000
vn 0.000000 0.100000 0.000000
vn 0.000000 0.100000 0.000000
vn 0.000000 0.100000 0.000000
vn 0.000000 0.100000 0.000000
vn 0.000000 0.100000 0.000000
vn 0.000000 0.100000 0.000000
vn 0.000000 0.100000 0.000000
vn 0.000000 0.100000 0.000000
vn 0.000000 0.100000 0.000000
vn 0.000000 0.100000 0.000000
vn 0.000000 0.100000 0.000000
vn 0.000000 0.100000 0.000000
vn 0.000000 0.100000 0.000000
vn 0.000000 0.100000 0.000000
vn 0.000000 0.100000 0.000000
vn 0.000000 0.100000 0.000000
vn 0.000000 0.100000 0.000000
vn 0.000000 0.100000 0.000000
vn 0.000000 0.100000 0.000000
vn 0.000000 0.100000 0.000000
vn 0.000000 0.100000 0.000000
vn 0.000000 0.100000 0.000000
vn 0.000000 0.100000 0.000000
vn 0.000000 0.100000 0.000000
vn 0.000000 0.100000 0.000000
vn 0.000000 0.100000 0.000000
vn 0.100000 0.000000 0.000000
vn 0.100000 0.000000 0.000000
vn 0.100000 0.000000 0.000000
vn 0.100000 0.000000 0.000000
vn 0.100000 0.000000 0.000000
vn 0.100000 0.000000 0.000000
vn 0.100000 0.000000 0.000000
vn 0.100000 0.000000 0.000000
vn 0.100000 0.000000 0.000000
vn 0.100000 0.000000 0.000000
vn 0.100000 0.000000 0.000000
vn 0.100000 0.000000 0.000000
vn 0.100000 0.000000 0.000000
vn 0.100000 0.000000 0.000000
vn 0.100000 0.000000 0.000000
vn 0.100000 0.000000 0.000000
vn 0.100000 0.000000 0.000000
vn 0.100000 0.000000 0.000000
vn 0.100000 0.000000 0.000000
vn 0.100000 0.000000 0.000000
vn 0.100000 0.000000 0.000000
vn 0.100000 0.000000 0.000000
vn 0.100000 0.000000 0.000000
vn 0.100000 0.000000 0.000000
vn 0.100000 0.000000 0.000000
vn 0.100000 0.000000 0.000000
vn 0.100000 0.000000 0.000000
vn 0.100000 0.000000 0.000000
vn 0.100000 0.000000 0.000000
vn 0.100000 0.000000 0.000000
vn 0.100000 0.000000 0.000000
vn 0.100000 0.000000 0.000000
vn 0.100000 0.000000 0.000000
vn 0.100000 0.000000 0.000000
vn 0.100000 0.000000 0.000000
vn 0.100000 0.000000 0.000000
vn 0.100000 0.000000 0.000000
vn 0.100000 0.000000 0.000000
vn 0.100000 0.000000 0.000000
vn 0.100000 0.000000 0.000000
vn 0.100000 0.000000 0.000000
vn 0.100000 0.000000 0.000000
vn 0.100000 0.000000 0.000000
vn 0.100000 0.000000 0.000000
vn 0.100000 0.000000 0.000000
vn 0.100000 0.000000 0.000000
vn 0.100000 0.000000 0.000000
vn 0.100000 0.000000 0.000000
vn 0.100000 0.000000 0.000000
vn 0.100000 0.000000 0.000000
vn 0.100000 0.000000 0.000000
vn 0.100000 0.000000 0.000000
vn 0.100000 0.000000 0.000000
vn 0.100000 0.000000 0.000000
vn 0.100000 0.000000 0.000000
vn 0.100000 0.000000 0.000000
vn 0.100000 0.000000 0.000000
vn 0.100000 0.000000 0.000000
vn 0.100000 0.000000 0.000000
vn 0.100000 0.000000 0.000000
vn 0.100000 0.000000 0.000000
vn 0.100000 0.000000 0.000000
vn 0.100000 0.000000 0.000000
vn 0.100000 0.000000 0.000000
vn 0.100000 0.000000 0.000000
vn 0.100000 0.000000 0.000000
vn 0.100000 0.000000 0.000000
vn 0.100000 0.000000 0.000000
vn 0.100000 0.000000 0.000000
vn 0.100000 0.000000 0.000000
vn 0.100000 0.000000 0.000000
vn 0.100000 0.000000 0.000000
vn 0.100000 0.000000 0.000000
vn 0.100000 0.000000 0.000000
vn 0.100000 0.000000 0.000000
vn 0.100000 0.000000 0.000000
vn 0.100000 0.000000 0.000000
vn 0.100000 0.000000 0.000000
vn 0.000000 0.100000 0.000000
vn 0.000000 0.100000 0.000000
vn 0.000000 0.100000 0.000000
vn 0.000000 0.100000 0.000000
vn -0.100000 0.000000 0.000000
vn -0.100000 0.000000 0.000000
vn -0.100000 0.000000 0.000000
vn -0.100000 0.000000 0.000000
vn -0.100000 0.000000 0.000000
vn -0.100000 0.000000 0.000000
vn -0.100000 0.000000 0.000000
vn 0.000000 -0.100000 0.000000
vn 0.000000 -0.100000 0.000000
vn 0.000000 -0.100000 0.000000
vn 0.000000 -0.100000 0.000000
vn 0.000000 0.000000 -0.100000
vn 0.000000 0.000000 -0.100000
vn 0.000000 0.000000 -0.100000
vn 0.000000 0.000000 -0.100000
vn 0.000000 0.000000 -0.100000
vn 0.000000 0.000000 -0.100000
vn 0.000000 0.099996 0.000899
vn 0.000000 0.100000 0.000300
vn 0.000000 0.099996 0.000899
vn -0.000000 0.100000 -0.000300
vn -0.000000 0.099996 -0.000899
vn -0.000000 0.099670 -0.008120
vn -0.000000 0.099996 -0.000899
vn -0.000000 0.099492 -0.010069
vn -0.000000 0.098532 -0.017072
vn -0.000000 0.098148 -0.019154
vn -0.000000 0.096592 -0.025885
vn -0.000000 0.095977 -0.028077
vn -0.000000 0.093865 -0.034487
vn -0.000000 0.092997 -0.036764
vn -0.000000 0.090374 -0.042809
vn -0.000000 0.089232 -0.045141
vn -0.000000 0.086146 -0.050782
vn -0.000000 0.084714 -0.053137
vn -0.000000 0.081218 -0.058341
vn -0.000000 0.079482 -0.060685
vn -0.000000 0.075627 -0.065426
vn -0.000000 0.073579 -0.067720
vn -0.000000 0.069421 -0.071977
vn -0.000000 0.067056 -0.074185
vn -0.000000 0.062650 -0.077942
vn -0.000000 0.059968 -0.080024
vn -0.000000 0.055368 -0.083273
vn -0.000000 0.052373 -0.085188
vn -0.000000 0.047635 -0.087925
vn -0.000000 0.044337 -0.089634
vn -0.000000 0.039515 -0.091862
vn -0.000000 0.035927 -0.093323
vn -0.000000 0.031073 -0.095050
vn -0.000000 0.027214 -0.096226
vn -0.000000 0.022377 -0.097464
vn -0.000000 0.018271 -0.098317
vn -0.000000 0.013500 -0.099085
vn -0.000000 0.009174 -0.099578
vn -0.000000 0.004512 -0.099898
vn 0.000000 -0.000000 -0.100000
vn 0.000000 -0.004512 -0.099898
vn 0.000000 -0.009174 -0.099578
vn 0.000000 -0.013500 -0.099085
vn 0.000000 -0.018271 -0.098317
vn 0.000000 -0.022377 -0.097464
vn 0.000000 -0.027214 -0.096226
vn 0.000000 -0.031073 -0.095050
vn 0.000000 -0.035927 -0.093323
vn 0.000000 -0.039515 -0.091862
vn 0.000000 -0.044337 -0.089634
vn 0.000000 -0.047635 -0.087925
vn 0.000000 -0.052373 -0.085188
vn 0.000000 -0.055368 -0.083273
vn 0.000000 -0.059968 -0.080024
vn 0.000000 -0.062650 -0.077942
vn 0.000000 -0.067056 -0.074185
vn 0.000000 -0.069421 -0.071977
vn 0.000000 -0.073579 -0.067720
vn 0.000000 -0.075627 -0.065426
vn 0.000000 -0.079482 -0.060685
vn 0.000000 -0.081218 -0.058341
vn 0.000000 -0.084714 -0.053137
vn 0.000000 -0.086146 -0.050782
vn 0.000000 -0.089232 -0.045141
vn 0.000000 -0.090374 -0.042809
vn 0.000000 -0.092997 -0.036764
vn 0.000000 -0.093865 -0.034487
vn 0.000000 -0.095977 -0.028077
vn 0.000000 -0.096592 -0.025885
vn 0.000000 -0.098148 -0.019154
vn 0.000000 -0.098532 -0.017072
vn 0.000000 -0.099492 -0.010069
vn 0.000000 -0.099670 -0.008120
vn 0.000000 -0.099996 -0.000899
vn 0.000000 -0.099996 -0.000899
vn 0.000000 -0.099996 0.000899
vn 0.000000 -0.100000 -0.000300
vn 0.000000 -0.100000 0.000300
vn 0.000000 -0.099996 0.000899
vn -0.100000 0.000000 0.000000
vn -0.100000 0.000000 0.000000
vn -0.100000 0.000000 0.000000
vn -0.100000 0.000000 0.000000
vn -0.100000 0.000000 0.000000
vn -0.100000 0.000000 0.000000
vn -0.100000 0.000000 0.000000
vn -0.100000 0.000000 0.000000
vn -0.100000 0.000000 0.000000
vn -0.100000 0.000000 0.000000
vn 0.000000 0.100000 0.000000
vn 0.000000 0.100000 0.000000
vn 0.000000 0.100000 0.000000
vn 0.000000 0.100000 0.000000
vn 0.000000 -0.100000 0.000000
vn 0.000000 -0.100000 0.000000
vn 0.000000 -0.100000 0.000000
vn 0.000000 -0.100000 0.000000
vn 0.000000 0.000000 -0.100000
vn 0.000000 0.000000 -0.100000
vn 0.000000 0.000000 -0.100000
vn 0.000000 0.000000 -0.100000
vn -0.100000 0.000000 0.000000
vn -0.100000 0.000000 0.000000
vn -0.100000 0.000000 0.000000
vn -0.100000 0.000000 0.000000
vn -0.100000 0.000000 0.000000
vn -0.100000 0.000000 0.000000
vn -0.100000 0.000000 0.000000
vn -0.100000 0.000000 0.000000
vn -0.100000 0.000000 0.000000
vn -0.100000 0.000000 0.000000
vn -0.100000 0.000000 0.000000
vn -0.100000 0.000000 0.000000
vn -0.100000 0.000000 0.000000
vn -0.100000 0.000000 0.000000
vn -0.100000 0.000000 0.000000
vn -0.100000 0.000000 0.000000
vn -0.100000 0.000000 0.000000
vn -0.100000 0.000000 0.000000
vn -0.100000 0.000000 0.000000
vn -0.100000 0.000000 0.000000
vn -0.100000 0.000000 0.000000
vn -0.100000 0.000000 0.000000
vn -0.100000 0.000000 0.000000
vn -0.100000 0.000000 0.000000
vn -0.100000 0.000000 0.000000
vn -0.100000 0.000000 0.000000
vn -0.100000 0.000000 0.000000
vn -0.100000 0.000000 0.000000
vn -0.100000 0.000000 0.000000
vn -0.100000 0.000000 0.000000
vn -0.100000 0.000000 0.000000
vn -0.100000 0.000000 0.000000
vn -0.100000 0.000000 0.000000
vn -0.100000 0.000000 0.000000
vn -0.100000 0.000000 0.000000
vn -0.100000 0.000000 0.000000
vn -0.100000 0.000000 0.000000
vn -0.100000 0.000000 0.000000
vn -0.100000 0.000000 0.000000
vn -0.100000 0.000000 0.000000
vn -0.100000 0.000000 0.000000
vn -0.100000 0.000000 0.000000
vn -0.100000 0.000000 0.000000
vn -0.100000 0.000000 0.000000
vn -0.100000 0.000000 0.000000
vn -0.100000 0.000000 0.000000
vn -0.100000 0.000000 0.000000
vn -0.100000 0.000000 0.000000
vn -0.100000 0.000000 0.000000
vn -0.100000 0.000000 0.000000
vn -0.100000 0.000000 0.000000
vn -0.100000 0.000000 0.000000
vn -0.100000 0.000000 0.000000
vn -0.100000 0.000000 0.000000
vn -0.100000 0.000000 0.000000
vn -0.100000 0.000000 0.000000
vn -0.100000 0.000000 0.000000
vn -0.100000 0.000000 0.000000
vn -0.100000 0.000000 0.000000
vn -0.100000 0.000000 0.000000
vn -0.100000 0.000000 0.000000
vn -0.100000 0.000000 0.000000
vn -0.100000 0.000000 0.000000
vn -0.100000 0.000000 0.000000
vn -0.100000 0.000000 0.000000
vn -0.100000 0.000000 0.000000
vn -0.100000 0.000000 0.000000
vn -0.100000 0.000000 0.000000
vn -0.100000 0.000000 0.000000
vn -0.100000 0.000000 0.000000
vn -0.100000 0.000000 0.000000
vn -0.100000 0.000000 0.000000
vn -0.100000 0.000000 0.000000
vn -0.100000 0.000000 0.000000
vn -0.100000 0.000000 0.000000
vn -0.100000 0.000000 0.000000
vn -0.100000 0.000000 0.000000
vn -0.100000 0.000000 0.000000
vn 0.000000 -0.100000 0.000000
vn 0.000000 -0.100000 0.000000
vn 0.000000 -0.100000 0.000000
vn 0.000000 -0.100000 0.000000
vn 0.100000 0.000000 0.000000
vn 0.100000 0.000000 0.000000
vn 0.100000 0.000000 0.000000
vn 0.100000 0.000000 0.000000
vn 0.100000 0.000000 0.000000
vn 0.100000 0.000000 0.000000
vn 0.100000 0.000000 0.000000
vn 0.100000 0.000000 0.000000
vn 0.100000 0.000000 0.000000
vn 0.100000 0.000000 0.000000
vn -0.000000 0.100000 0.000000
vn -0.000000 0.100000 0.000000
vn -0.000000 0.100000 0.000000
vn -0.000000 0.100000 0.000000
vn 0.000000 0.000000 -0.100000
vn 0.000000 0.000000 -0.100000
vn 0.000000 0.000000 -0.100000
vn 0.000000 0.000000 -0.100000
vn -0.000000 0.100000 -0.000300
vn 0.000000 0.099996 0.000899
vn -0.000000 0.099996 -0.000899
vn -0.000000 0.099670 -0.008120
vn -0.000000 0.099996 -0.000899
vn -0.000000 0.099492 -0.010069
vn -0.000000 0.098532 -0.017072
vn -0.000000 0.098148 -0.019154
vn -0.000000 0.096592 -0.025885
vn -0.000000 0.095977 -0.028077
vn -0.000000 0.093865 -0.034487
vn -0.000000 0.092997 -0.036764
vn -0.000000 0.090374 -0.042809
vn -0.000000 0.089232 -0.045141
vn -0.000000 0.086146 -0.050782
vn -0.000000 0.084714 -0.053137
vn -0.000000 0.081218 -0.058341
vn -0.000000 0.079482 -0.060685
vn -0.000000 0.075627 -0.065426
vn -0.000000 0.073579 -0.067720
vn -0.000000 0.069421 -0.071977
vn -0.000000 0.067056 -0.074185
vn -0.000000 0.062650 -0.077942
vn -0.000000 0.059968 -0.080024
vn -0.000000 0.055368 -0.083273
vn -0.000000 0.052373 -0.085188
vn -0.000000 0.047635 -0.087925
vn -0.000000 0.044337 -0.089634
vn -0.000000 0.039515 -0.091862
vn -0.000000 0.035927 -0.093323
vn -0.000000 0.031073 -0.095050
vn -0.000000 0.027214 -0.096226
vn -0.000000 0.022377 -0.097464
vn -0.000000 0.018271 -0.098317
vn -0.000000 0.013500 -0.099085
vn -0.000000 0.009174 -0.099578
vn -0.000000 0.004512 -0.099898
vn 0.000000 -0.000000 -0.100000
vn 0.000000 -0.004512 -0.099898
vn 0.000000 -0.009174 -0.099578
vn 0.000000 -0.013500 -0.099085
vn 0.000000 -0.018271 -0.098317
vn 0.000000 -0.022377 -0.097464
vn 0.000000 -0.027214 -0.096226
vn 0.000000 -0.031073 -0.095050
vn 0.000000 -0.035927 -0.093323
vn 0.000000 -0.039515 -0.091862
vn 0.000000 -0.044337 -0.089634
vn 0.000000 -0.047635 -0.087925
vn 0.000000 -0.052373 -0.085188
vn 0.000000 -0.055368 -0.083273
vn 0.000000 -0.059968 -0.080024
vn 0.000000 -0.062650 -0.077942
vn 0.000000 -0.067056 -0.074185
vn 0.000000 -0.069421 -0.071977
vn 0.000000 -0.073579 -0.067720
vn 0.000000 -0.075627 -0.065426
vn 0.000000 -0.079482 -0.060685
vn 0.000000 -0.081218 -0.058341
vn 0.000000 -0.084714 -0.053137
vn 0.000000 -0.086146 -0.050782
vn 0.000000 -0.089232 -0.045141
vn 0.000000 -0.090374 -0.042809
vn 0.000000 -0.092997 -0.036764
vn 0.000000 -0.093865 -0.034487
vn 0.000000 -0.095977 -0.028077
vn 0.000000 -0.096592 -0.025885
vn 0.000000 -0.098148 -0.019154
vn 0.000000 -0.098532 -0.017072
vn 0.000000 -0.099492 -0.010069
vn 0.000000 -0.099670 -0.008120
vn 0.000000 -0.099996 -0.000899
vn 0.000000 -0.099996 -0.000899
vn 0.000000 -0.099996 0.000899
vn 0.000000 -0.100000 -0.000300
vn 0.000000 -0.100000 0.000300
vn 0.000000 -0.099996 0.000899
vn 0.000000 0.100000 0.000300
vn 0.000000 0.099996 0.000899
vn 0.000000 0.100000 0.000000
vn 0.000000 0.100000 0.000000
vn 0.000000 0.100000 0.000000
vn 0.000000 0.100000 0.000000
vn 0.000000 0.100000 0.000000
vn 0.000000 0.100000 0.000000
vn 0.000000 0.100000 0.000000
vn 0.000000 0.100000 0.000000
vn 0.000000 0.100000 0.000000
vn 0.000000 0.100000 0.000000
vn 0.000000 0.100000 0.000000
vn 0.000000 0.100000 0.000000
vn 0.000000 0.000000 -0.100000
vn 0.000000 0.000000 -0.100000
vn 0.000000 0.000000 -0.100000
vn 0.000000 0.000000 -0.100000
vn 0.100000 0.000000 0.000000
vn 0.100000 0.000000 0.000000
vn 0.100000 0.000000 0.000000
vn 0.100000 0.000000 0.000000
vn 0.100000 0.000000 0.000000
vn 0.100000 0.000000 0.000000
vn 0.100000 0.000000 0.000000
vn 0.100000 0.000000 0.000000
vn 0.100000 0.000000 0.000000
vn 0.100000 0.000000 0.000000
vn 0.100000 0.000000 0.000000
vn 0.100000 0.000000 0.000000
vn 0.100000 0.000000 0.000000
vn 0.100000 0.000000 0.000000
vn 0.100000 0.000000 0.000000
vn 0.100000 0.000000 0.000000
vn 0.100000 0.000000 0.000000
vn 0.100000 0.000000 0.000000
vn 0.100000 0.000000 0.000000
vn 0.100000 0.000000 0.000000
vn 0.100000 0.000000 0.000000
vn 0.100000 0.000000 0.000000
vn 0.100000 0.000000 0.000000
vn 0.100000 0.000000 0.000000
vn 0.100000 0.000000 0.000000
vn 0.100000 0.000000 0.000000
vn 0.100000 0.000000 0.000000
vn 0.100000 0.000000 0.000000
vn 0.100000 0.000000 0.000000
vn 0.100000 0.000000 0.000000
vn 0.100000 0.000000 0.000000
vn 0.100000 0.000000 0.000000
vn 0.100000 0.000000 0.000000
vn 0.100000 0.000000 0.000000
vn 0.100000 0.000000 0.000000
vn 0.100000 0.000000 0.000000
vn 0.100000 0.000000 0.000000
vn 0.100000 0.000000 0.000000
vn 0.100000 0.000000 0.000000
vn 0.100000 0.000000 0.000000
vn 0.100000 0.000000 0.000000
vn 0.100000 0.000000 0.000000
vn 0.100000 0.000000 0.000000
vn 0.100000 0.000000 0.000000
vn 0.100000 0.000000 0.000000
vn 0.100000 0.000000 0.000000
vn 0.100000 0.000000 0.000000
vn 0.100000 0.000000 0.000000
vn 0.100000 0.000000 0.000000
vn 0.100000 0.000000 0.000000
vn 0.100000 0.000000 0.000000
vn 0.100000 0.000000 0.000000
vn 0.100000 0.000000 0.000000
vn 0.100000 0.000000 0.000000
vn 0.100000 0.000000 0.000000
vn 0.100000 0.000000 0.000000
vn 0.100000 0.000000 0.000000
vn 0.100000 0.000000 0.000000
vn 0.100000 0.000000 0.000000
vn 0.100000 0.000000 0.000000
vn 0.100000 0.000000 0.000000
vn 0.100000 0.000000 0.000000
vn 0.100000 0.000000 0.000000
vn 0.100000 0.000000 0.000000
vn 0.100000 0.000000 0.000000
vn 0.100000 0.000000 0.000000
vn 0.100000 0.000000 0.000000
vn 0.100000 0.000000 0.000000
vn 0.100000 0.000000 0.000000
vn 0.100000 0.000000 0.000000
vn 0.100000 0.000000 0.000000
vn 0.100000 0.000000 0.000000
vn 0.100000 0.000000 0.000000
vn 0.100000 0.000000 0.000000
vn 0.100000 0.000000 0.000000
vn 0.100000 0.000000 0.000000
vn 0.100000 0.000000 0.000000
vn 0.100000 0.000000 0.000000
vn 0.000000 0.100000 0.000000
vn 0.000000 0.100000 0.000000
vn 0.000000 0.100000 0.000000
vn 0.000000 0.100000 0.000000
vn 0.000000 0.000000 -0.100000
vn 0.000000 0.000000 -0.100000
vn 0.000000 0.000000 -0.100000
vn 0.000000 0.000000 -0.100000
vn 0.100000 0.000000 0.000000
vn 0.100000 0.000000 0.000000
vn 0.100000 0.000000 0.000000
vn 0.100000 0.000000 0.000000
vn 0.100000 0.000000 0.000000
vn 0.100000 0.000000 0.000000
vn 0.100000 0.000000 0.000000
vn 0.100000 0.000000 0.000000
vn 0.000000 0.100000 0.000000
vn 0.000000 0.100000 0.000000
vn 0.000000 0.100000 0.000000
vn 0.000000 0.100000 0.000000
vn 0.000000 0.000000 -0.100000
vn 0.000000 0.000000 -0.100000
vn 0.000000 0.000000 -0.100000
vn 0.000000 0.000000 -0.100000
vn 0.100000 0.000000 0.000000
vn 0.100000 0.000000 0.000000
vn 0.100000 0.000000 0.000000
vn 0.100000 0.000000 0.000000
vn 0.100000 0.000000 0.000000
vn 0.100000 0.000000 0.000000
vn 0.000000 0.100000 0.000000
vn 0.000000 0.100000 0.000000
vn 0.000000 0.100000 0.000000
vn 0.000000 0.100000 0.000000
vn 0.000000 0.000000 -0.100000
vn 0.000000 0.000000 -0.100000
vn 0.000000 0.000000 -0.100000
vn 0.000000 0.000000 -0.100000
vn 0.100000 0.000000 0.000000
vn 0.100000 0.000000 0.000000
vn 0.100000 0.000000 0.000000
vn 0.100000 0.000000 0.000000
vn 0.100000 0.000000 0.000000
vn 0.100000 0.000000 0.000000
vn 0.100000 0.000000 0.000000
vn 0.100000 0.000000 0.000000
vn 0.000000 0.100000 0.000000
vn 0.000000 0.100000 0.000000
vn 0.000000 0.100000 0.000000
vn 0.000000 0.100000 0.000000
vn 0.000000 0.000000 -0.100000
vn 0.000000 0.000000 -0.100000
vn 0.000000 0.000000 -0.100000
vn 0.000000 0.000000 -0.100000
vn 0.100000 0.000000 0.000000
vn 0.100000 0.000000 0.000000
vn 0.100000 0.000000 0.000000
vn 0.100000 0.000000 0.000000
vn 0.100000 0.000000 0.000000
vn 0.100000 0.000000 0.000000
vn -0.100000 0.000000 0.000000
vn -0.100000 0.000000 0.000000
vn -0.100000 0.000000 0.000000
vn -0.100000 0.000000 0.000000
vn -0.100000 0.000000 0.000000
vn -0.100000 0.000000 0.000000
vn -0.100000 0.000000 0.000000
vn 0.000000 -0.100000 0.000000
vn 0.000000 -0.100000 0.000000
vn 0.000000 -0.100000 0.000000
vn 0.000000 -0.100000 0.000000
vn 0.100000 0.000000 0.000000
vn 0.100000 0.000000 0.000000
vn 0.100000 0.000000 0.000000
vn 0.100000 0.000000 0.000000
vn 0.100000 0.000000 0.000000
vn 0.100000 0.000000 0.000000
vn 0.100000 0.000000 0.000000
vn 0.000000 0.000000 -0.100000
vn 0.000000 0.000000 -0.100000
vn 0.000000 0.000000 -0.100000
vn 0.000000 0.000000 -0.100000
vn 0.000000 0.000000 -0.100000
vn 0.000000 0.000000 -0.100000
vn 0.000000 0.000000 -0.100000
vn 0.000000 0.000000 -0.100000
vn -0.000000 0.000000 -0.100000
vn -0.000000 0.000000 -0.100000
vn -0.000000 0.000000 -0.100000
vn -0.000000 0.000000 -0.100000
vn 0.100000 0.000000 0.000000
vn 0.100000 0.000000 0.000000
vn 0.100000 0.000000 0.000000
vn 0.100000 0.000000 0.000000
vn 0.100000 0.000000 0.000000
vn 0.100000 0.000000 0.000000
vn 0.100000 0.000000 0.000000
vn 0.100000 0.000000 0.000000
vn 0.100000 0.000000 0.000000
vn 0.100000 0.000000 0.000000
vn 0.100000 0.000000 0.000000
vn 0.100000 0.000000 0.000000
vn 0.100000 0.000000 0.000000
vn 0.100000 0.000000 0.000000
vn 0.100000 0.000000 0.000000
vn 0.100000 0.000000 0.000000
vn 0.100000 0.000000 0.000000
vn 0.100000 0.000000 0.000000
vn 0.100000 0.000000 0.000000
vn 0.100000 0.000000 0.000000
vn 0.100000 0.000000 0.000000
vn 0.100000 0.000000 0.000000
vn 0.100000 0.000000 0.000000
vn 0.100000 0.000000 0.000000
vn 0.100000 0.000000 0.000000
vn 0.100000 0.000000 0.000000
vn 0.100000 0.000000 0.000000
vn 0.100000 0.000000 0.000000
vn 0.100000 0.000000 0.000000
vn 0.100000 0.000000 0.000000
vn 0.100000 0.000000 0.000000
vn 0.100000 0.000000 0.000000
vn 0.100000 0.000000 0.000000
vn 0.100000 0.000000 0.000000
vn 0.100000 0.000000 0.000000
vn 0.100000 0.000000 0.000000
vn 0.100000 0.000000 0.000000
vn 0.100000 0.000000 0.000000
vn 0.100000 0.000000 0.000000
vn 0.100000 0.000000 0.000000
vn 0.100000 0.000000 0.000000
vn 0.100000 0.000000 0.000000
vn 0.100000 0.000000 0.000000
vn 0.100000 0.000000 0.000000
vn 0.100000 0.000000 0.000000
vn 0.100000 0.000000 0.000000
vn 0.100000 0.000000 0.000000
vn 0.100000 0.000000 0.000000
vn 0.100000 0.000000 0.000000
vn 0.100000 0.000000 0.000000
vn 0.100000 0.000000 0.000000
vn 0.100000 0.000000 0.000000
vn 0.100000 0.000000 0.000000
vn 0.100000 0.000000 0.000000
vn 0.100000 0.000000 0.000000
vn 0.100000 0.000000 0.000000
vn 0.100000 0.000000 0.000000
vn 0.100000 0.000000 0.000000
vn 0.100000 0.000000 0.000000
vn 0.100000 0.000000 0.000000
vn 0.100000 0.000000 0.000000
vn 0.100000 0.000000 0.000000
vn 0.100000 0.000000 0.000000
vn 0.100000 0.000000 0.000000
vn 0.100000 0.000000 0.000000
vn 0.000000 -0.099993 -0.001152
vn 0.000000 -0.099993 -0.001152
vn 0.000000 -0.099590 0.009044
vn 0.000000 -0.099590 0.009044
vn 0.000000 -0.098150 0.019146
vn 0.000000 -0.098150 0.019146
vn 0.000000 -0.095688 0.029049
vn 0.000000 -0.095688 0.029049
vn 0.000000 -0.092229 0.038649
vn 0.000000 -0.092229 0.038649
vn 0.000000 -0.087811 0.047846
vn 0.000000 -0.087811 0.047846
vn 0.000000 -0.082478 0.056546
vn 0.000000 -0.082478 0.056546
vn 0.000000 -0.076286 0.064657
vn 0.000000 -0.076286 0.064657
vn 0.000000 -0.069300 0.072094
vn 0.000000 -0.069300 0.072094
vn 0.000000 -0.061592 0.078781
vn 0.000000 -0.061592 0.078781
vn 0.000000 -0.053243 0.084647
vn 0.000000 -0.053243 0.084647
vn 0.000000 -0.044339 0.089633
vn 0.000000 -0.044339 0.089633
vn 0.000000 -0.034974 0.093685
vn 0.000000 -0.034974 0.093685
vn 0.000000 -0.025245 0.096761
vn 0.000000 -0.025245 0.096761
vn 0.000000 -0.015253 0.098830
vn 0.000000 -0.015253 0.098830
vn 0.000000 -0.005102 0.099870
vn 0.000000 -0.005102 0.099870
vn 0.000000 0.005102 0.099870
vn 0.000000 0.005102 0.099870
vn 0.000000 0.015253 0.098830
vn 0.000000 0.015253 0.098830
vn 0.000000 0.025245 0.096761
vn 0.000000 0.025245 0.096761
vn 0.000000 0.034974 0.093685
vn 0.000000 0.034974 0.093685
vn 0.000000 0.044339 0.089633
vn 0.000000 0.044339 0.089633
vn 0.000000 0.053243 0.084647
vn 0.000000 0.053243 0.084647
vn 0.000000 0.061592 0.078781
vn 0.000000 0.061592 0.078781
vn 0.000000 0.069300 0.072094
vn 0.000000 0.069300 0.072094
vn 0.000000 0.076286 0.064657
vn 0.000000 0.076286 0.064657
vn 0.000000 0.082478 0.056546
vn 0.000000 0.082478 0.056546
vn 0.000000 0.087811 0.047846
vn 0.000000 0.087811 0.047846
vn 0.000000 0.092229 0.038649
vn 0.000000 0.092229 0.038649
vn 0.000000 0.095688 0.029049
vn 0.000000 0.095688 0.029049
vn 0.000000 0.098150 0.019146
vn 0.000000 0.098150 0.019146
vn 0.000000 0.099590 0.009044
vn 0.000000 0.099590 0.009044
vn 0.000000 0.099993 -0.001152
vn 0.000000 0.099993 -0.001152
vn 0.000000 -0.100000 0.000000
vn 0.000000 -0.100000 0.000000
vn 0.000000 -0.100000 0.000000
vn 0.000000 -0.100000 0.000000
vn -0.100000 0.000000 0.000000
vn -0.100000 0.000000 0.000000
vn -0.100000 0.000000 0.000000
vn -0.100000 0.000000 0.000000
vn -0.100000 0.000000 0.000000
vn -0.100000 0.000000 0.000000
vn -0.100000 0.000000 0.000000
vn -0.100000 0.000000 0.000000
vn -0.100000 0.000000 0.000000
vn -0.100000 0.000000 0.000000
vn -0.100000 0.000000 0.000000
vn -0.100000 0.000000 0.000000
vn -0.100000 0.000000 0.000000
vn -0.100000 0.000000 0.000000
vn -0.100000 0.000000 0.000000
vn -0.100000 0.000000 0.000000
vn -0.100000 0.000000 0.000000
vn -0.100000 0.000000 0.000000
vn -0.100000 0.000000 0.000000
vn -0.100000 0.000000 0.000000
vn -0.100000 0.000000 0.000000
vn -0.100000 0.000000 0.000000
vn -0.100000 0.000000 0.000000
vn -0.100000 0.000000 0.000000
vn -0.100000 0.000000 0.000000
vn -0.100000 0.000000 0.000000
vn -0.100000 0.000000 0.000000
vn -0.100000 0.000000 0.000000
vn -0.100000 0.000000 0.000000
vn -0.100000 0.000000 0.000000
vn -0.100000 0.000000 0.000000
vn -0.100000 0.000000 0.000000
vn -0.100000 0.000000 0.000000
vn -0.100000 0.000000 0.000000
vn -0.100000 0.000000 0.000000
vn -0.100000 0.000000 0.000000
vn -0.100000 0.000000 0.000000
vn -0.100000 0.000000 0.000000
vn -0.100000 0.000000 0.000000
vn -0.100000 0.000000 0.000000
vn -0.100000 0.000000 0.000000
vn -0.100000 0.000000 0.000000
vn -0.100000 0.000000 0.000000
vn -0.100000 0.000000 0.000000
vn -0.100000 0.000000 0.000000
vn -0.100000 0.000000 0.000000
vn -0.100000 0.000000 0.000000
vn -0.100000 0.000000 0.000000
vn -0.100000 0.000000 0.000000
vn -0.100000 0.000000 0.000000
vn -0.100000 0.000000 0.000000
vn -0.100000 0.000000 0.000000
vn -0.100000 0.000000 0.000000
vn -0.100000 0.000000 0.000000
vn -0.100000 0.000000 0.000000
vn -0.100000 0.000000 0.000000
vn -0.100000 0.000000 0.000000
vn -0.100000 0.000000 0.000000
vn -0.100000 0.000000 0.000000
vn -0.100000 0.000000 0.000000
vn -0.100000 0.000000 0.000000
vn -0.100000 0.000000 0.000000
vn -0.100000 0.000000 0.000000
vn -0.100000 0.000000 0.000000
vn -0.100000 0.000000 0.000000
vn -0.100000 0.000000 0.000000
vn -0.100000 0.000000 0.000000
vn -0.100000 0.000000 0.000000
vn -0.100000 0.000000 0.000000
vn -0.100000 0.000000 0.000000
vn -0.100000 0.000000 0.000000
vn -0.100000 0.000000 0.000000
vn -0.100000 0.000000 0.000000
vn -0.100000 0.000000 0.000000
vn -0.100000 0.000000 0.000000
vn -0.100000 0.000000 0.000000
vn -0.100000 0.000000 0.000000
vn -0.100000 0.000000 0.000000
vn 0.000000 -0.099995 -0.001022
vn 0.000000 -0.099995 -0.001022
vn 0.000000 -0.099608 0.008847
vn 0.000000 -0.099608 0.008847
vn 0.000000 -0.098249 0.018631
vn 0.000000 -0.098249 0.018631
vn 0.000000 -0.095932 0.028233
vn 0.000000 -0.095932 0.028233
vn 0.000000 -0.092679 0.037559
vn 0.000000 -0.092679 0.037559
vn 0.000000 -0.088521 0.046519
vn 0.000000 -0.088521 0.046519
vn 0.000000 -0.083500 0.055025
vn 0.000000 -0.083500 0.055025
vn 0.000000 -0.077665 0.062994
vn 0.000000 -0.077665 0.062994
vn 0.000000 -0.071071 0.070348
vn 0.000000 -0.071071 0.070348
vn 0.000000 -0.063784 0.077017
vn 0.000000 -0.063784 0.077017
vn 0.000000 -0.055875 0.082933
vn 0.000000 -0.055875 0.082933
vn 0.000000 -0.047421 0.088041
vn 0.000000 -0.047421 0.088041
vn 0.000000 -0.038504 0.092290
vn 0.000000 -0.038504 0.092290
vn 0.000000 -0.029212 0.095638
vn 0.000000 -0.029212 0.095638
vn 0.000000 -0.019634 0.098054
vn 0.000000 -0.019634 0.098054
vn 0.000000 -0.009865 0.099512
vn 0.000000 -0.009865 0.099512
vn 0.000000 -0.000000 0.100000
vn 0.000000 -0.000000 0.100000
vn 0.000000 0.009865 0.099512
vn 0.000000 0.009865 0.099512
vn 0.000000 0.019634 0.098054
vn 0.000000 0.019634 0.098054
vn 0.000000 0.029212 0.095638
vn 0.000000 0.029212 0.095638
vn 0.000000 0.038504 0.092290
vn 0.000000 0.038504 0.092290
vn 0.000000 0.047421 0.088041
vn 0.000000 0.047421 0.088041
vn 0.000000 0.055875 0.082933
vn 0.000000 0.055875 0.082933
vn 0.000000 0.063784 0.077017
vn 0.000000 0.063784 0.077017
vn 0.000000 0.071071 0.070348
vn 0.000000 0.071071 0.070348
vn 0.000000 0.077665 0.062994
vn 0.000000 0.077665 0.062994
vn 0.000000 0.083500 0.055025
vn 0.000000 0.083500 0.055025
vn 0.000000 0.088521 0.046519
vn 0.000000 0.088521 0.046519
vn 0.000000 0.092679 0.037559
vn 0.000000 0.092679 0.037559
vn 0.000000 0.095932 0.028233
vn 0.000000 0.095932 0.028233
vn 0.000000 0.098249 0.018631
vn 0.000000 0.098249 0.018631
vn 0.000000 0.099608 0.008847
vn 0.000000 0.099608 0.008847
vn 0.000000 0.099995 -0.001022
vn 0.000000 0.099995 -0.001022
vn -0.100000 0.000000 0.000000
vn -0.100000 0.000000 0.000000
vn -0.100000 0.000000 0.000000
vn -0.100000 0.000000 0.000000
vn -0.100000 0.000000 0.000000
vn -0.100000 0.000000 0.000000
vn 0.000000 0.100000 0.000000
vn 0.000000 0.100000 0.000000
vn 0.000000 0.100000 0.000000
vn 0.000000 0.100000 0.000000
vn 0.000000 0.000000 0.100000
vn 0.000000 0.000000 0.100000
vn 0.000000 0.000000 0.100000
vn 0.000000 0.000000 0.100000
vn 0.000000 0.000000 0.100000
vn 0.000000 0.000000 0.100000
vn 0.000000 0.000000 0.100000
vn 0.000000 0.000000 0.100000
vn -0.000000 0.100000 -0.000000
vn -0.000000 0.100000 -0.000000
vn -0.000000 0.100000 -0.000000
vn -0.000000 0.100000 -0.000000
vn 0.000000 0.100000 0.000000
vn 0.000000 0.100000 0.000000
vn 0.000000 0.100000 0.000000
vn 0.000000 0.100000 0.000000
vn -0.100000 0.000000 0.000000
vn -0.100000 0.000000 0.000000
vn -0.100000 0.000000 0.000000
vn -0.100000 0.000000 0.000000
vn -0.100000 0.000000 0.000000
vn -0.100000 0.000000 0.000000
vn -0.100000 0.000000 0.000000
vn -0.100000 0.000000 0.000000
vn -0.000000 0.100000 -0.000000
vn -0.000000 0.100000 -0.000000
vn -0.000000 0.100000 -0.000000
vn -0.000000 0.100000 -0.000000
vn 0.000000 -0.100000 0.000000
vn 0.000000 -0.100000 0.000000
vn 0.000000 -0.100000 0.000000
vn 0.000000 -0.100000 0.000000
vn 0.000000 -0.100000 0.000000
vn 0.000000 -0.100000 0.000000
vn 0.000000 -0.100000 0.000000
vn 0.000000 -0.100000 0.000000
vn 0.000000 0.000000 0.100000
vn 0.000000 0.000000 0.100000
vn 0.000000 0.000000 0.100000
vn 0.000000 0.000000 0.100000
vn 0.000000 0.000000 0.100000
vn 0.000000 0.000000 0.100000
vn 0.000000 0.000000 0.100000
vn 0.000000 0.000000 0.100000
vn 0.000000 -0.100000 0.000000
vn 0.000000 -0.100000 0.000000
vn 0.000000 -0.100000 0.000000
vn 0.000000 -0.100000 0.000000
vn 0.000000 0.000000 0.100000
vn 0.000000 0.000000 0.100000
vn 0.000000 0.000000 0.100000
vn 0.000000 0.000000 0.100000
vn 0.000000 0.000000 0.100000
vn 0.000000 0.000000 0.100000
vn 0.000000 0.000000 0.100000
vn 0.000000 0.000000 0.100000
vn 0.000000 0.000000 0.100000
vn 0.000000 0.000000 0.100000
vn 0.000000 0.000000 0.100000
vn 0.000000 0.000000 0.100000
vn 0.000000 0.000000 0.100000
vn 0.000000 0.000000 0.100000
vn 0.000000 0.000000 0.100000
vn 0.000000 0.000000 0.100000
vn 0.000000 0.000000 0.100000
vn 0.000000 0.000000 0.100000
vn 0.000000 0.000000 0.100000
vn 0.000000 0.000000 0.100000
vn 0.000000 0.000000 0.100000
vn 0.000000 0.000000 0.100000
vn 0.000000 0.000000 0.100000
vn 0.000000 0.000000 0.100000
vn 0.000000 0.000000 0.100000
vn 0.000000 0.000000 0.100000
vn 0.000000 0.000000 0.100000
vn 0.000000 0.000000 0.100000
vn 0.000000 0.000000 0.100000
vn 0.000000 0.000000 0.100000
vn 0.000000 0.000000 0.100000
vn 0.000000 0.000000 0.100000
vn 0.000000 -0.100000 0.000000
vn 0.000000 -0.100000 0.000000
vn 0.000000 -0.100000 0.000000
vn 0.000000 -0.100000 0.000000
vn 0.000000 0.000000 0.100000
vn 0.000000 0.000000 0.100000
vn 0.000000 0.000000 0.100000
vn 0.000000 0.000000 0.100000
vn 0.000000 0.100000 0.000000
vn 0.000000 0.100000 0.000000
vn 0.000000 0.100000 0.000000
vn 0.000000 0.100000 0.000000
vn 0.000000 0.000000 0.100000
vn 0.000000 0.000000 0.100000
vn 0.000000 0.000000 0.100000
vn 0.000000 0.000000 0.100000
vn 0.000000 -0.100000 0.000000
vn 0.000000 -0.100000 0.000000
vn 0.000000 -0.100000 0.000000
vn 0.000000 -0.100000 0.000000
vn 0.000000 0.100000 0.000000
vn 0.000000 0.100000 0.000000
vn 0.000000 0.100000 0.000000
vn 0.000000 0.100000 0.000000
vn 0.000000 0.000000 0.100000
vn 0.000000 0.000000 0.100000
vn 0.000000 0.000000 0.100000
vn 0.000000 0.000000 0.100000
vn 0.000000 0.000000 0.100000
vn 0.000000 0.000000 0.100000
vn 0.100000 0.000000 0.000000
vn 0.100000 0.000000 0.000000
vn 0.100000 0.000000 0.000000
vn 0.100000 0.000000 0.000000
vn 0.100000 0.000000 0.000000
vn 0.100000 0.000000 0.000000
vn -0.100000 0.000000 -0.000000
vn -0.100000 0.000000 -0.000000
vn -0.100000 0.000000 -0.000000
vn -0.100000 0.000000 -0.000000
vn 0.000000 0.000000 0.100000
vn 0.000000 0.000000 0.100000
vn 0.000000 0.000000 0.100000
vn 0.000000 0.000000 0.100000
vn -0.100000 0.000000 -0.000000
vn -0.100000 0.000000 -0.000000
vn -0.100000 0.000000 -0.000000
vn -0.100000 0.000000 -0.000000
vn -0.100000 0.000000 -0.000000
vn -0.100000 0.000000 -0.000000
vn -0.100000 0.000000 -0.000000
vn 0.000000 0.000000 0.100000
vn 0.000000 0.000000 0.100000
vn 0.000000 0.000000 0.100000
vn 0.000000 0.000000 0.100000
vn 0.000000 0.000000 0.100000
vn 0.000000 0.000000 0.100000
vn 0.000000 0.000000 0.100000
vn -0.100000 0.000000 0.000000
vn -0.100000 0.000000 0.000000
vn -0.100000 0.000000 0.000000
vn -0.100000 0.000000 0.000000
vn 0.100000 0.000000 0.000000
vn 0.100000 0.000000 0.000000
vn 0.100000 0.000000 0.000000
vn 0.100000 0.000000 0.000000
vn 0.000000 0.000000 0.100000
vn 0.000000 0.000000 0.100000
vn 0.000000 0.000000 0.100000
vn 0.000000 0.000000 0.100000
vn 0.000000 0.100000 0.000000
vn 0.000000 0.100000 0.000000
vn 0.000000 0.100000 0.000000
vn 0.000000 0.100000 0.000000
vn 0.000000 -0.100000 0.000000
vn 0.000000 -0.100000 0.000000
vn 0.000000 -0.100000 0.000000
vn 0.000000 -0.100000 0.000000
vn 0.000000 0.000000 0.100000
vn 0.000000 0.000000 0.100000
vn 0.000000 0.000000 0.100000
vn 0.000000 0.000000 0.100000
vn 0.000000 0.100000 0.000000
vn 0.000000 0.100000 0.000000
vn 0.000000 0.100000 0.000000
vn 0.000000 0.100000 0.000000
vn 0.100000 0.000000 0.000000
vn 0.100000 0.000000 0.000000
vn 0.100000 0.000000 0.000000
vn 0.100000 0.000000 0.000000
vn 0.000000 0.100000 0.000000
vn 0.000000 0.100000 0.000000
vn 0.000000 0.100000 0.000000
vn 0.000000 0.100000 0.000000
vn 0.100000 0.000000 0.000000
vn 0.100000 0.000000 0.000000
vn 0.100000 0.000000 0.000000
vn 0.100000 0.000000 0.000000
vn -0.000000 0.100000 -0.000000
vn -0.000000 0.100000 -0.000000
vn -0.000000 0.100000 -0.000000
vn -0.000000 0.100000 -0.000000
vn -0.000000 0.100000 -0.000000
vn -0.000000 0.100000 -0.000000
vn -0.000000 0.100000 -0.000000
vn -0.000000 0.100000 -0.000000
vn -0.000000 0.100000 -0.000000
vn -0.000000 0.100000 -0.000000
vn -0.100000 0.000000 0.000000
vn -0.100000 0.000000 0.000000
vn -0.100000 0.000000 0.000000
vn -0.100000 0.000000 0.000000
vn -0.100000 0.000000 0.000000
vn -0.100000 0.000000 0.000000
vn -0.100000 0.000000 0.000000
vn -0.100000 0.000000 0.000000
vn -0.100000 0.000000 0.000000
vn -0.100000 0.000000 0.000000
vn -0.100000 0.000000 0.000000
vn -0.100000 0.000000 0.000000
vn 0.000000 0.100000 0.000000
vn 0.000000 0.100000 0.000000
vn 0.000000 0.100000 0.000000
vn 0.000000 0.100000 0.000000
vn 0.100000 0.000000 0.000000
vn 0.100000 0.000000 0.000000
vn 0.100000 0.000000 0.000000
vn 0.100000 0.000000 0.000000
vn 0.000000 -0.100000 0.000000
vn 0.000000 -0.100000 0.000000
vn 0.000000 -0.100000 0.000000
vn 0.000000 -0.100000 0.000000
vn 0.000000 0.000000 0.100000
vn 0.000000 0.000000 0.100000
vn 0.000000 0.000000 0.100000
vn 0.000000 0.000000 0.100000
vn 0.000000 -0.100000 0.000000
vn 0.000000 -0.100000 0.000000
vn 0.000000 -0.100000 0.000000
vn 0.000000 -0.100000 0.000000
vn 0.000000 -0.100000 0.000000
vn 0.000000 -0.100000 0.000000
vn 0.000000 -0.100000 0.000000
vn 0.000000 -0.100000 0.000000
vn 0.000000 -0.100000 0.000000
vn 0.000000 -0.100000 0.000000
vn 0.000000 -0.100000 0.000000
vn 0.000000 -0.100000 0.000000
vn 0.000000 -0.100000 0.000000
vn 0.000000 -0.100000 0.000000
vn 0.000000 -0.100000 0.000000
vn 0.000000 -0.100000 0.000000
vn 0.000000 -0.100000 0.000000
vn 0.000000 -0.100000 0.000000
vn 0.000000 -0.100000 0.000000
vn 0.000000 -0.100000 0.000000
vn 0.000000 -0.100000 0.000000
vn 0.000000 -0.100000 0.000000
vn 0.000000 -0.100000 0.000000
vn 0.000000 -0.100000 0.000000
vn 0.000000 -0.100000 0.000000
vn 0.000000 -0.100000 0.000000
vn 0.000000 -0.100000 0.000000
vn 0.000000 -0.100000 0.000000
vn 0.000000 -0.100000 0.000000
vn 0.000000 -0.100000 0.000000
vn 0.000000 -0.100000 0.000000
vn 0.000000 -0.100000 0.000000
vn 0.000000 -0.100000 0.000000
vn 0.000000 -0.100000 0.000000
vn 0.000000 -0.100000 0.000000
vn 0.000000 -0.100000 0.000000
vn 0.000000 -0.100000 0.000000
vn 0.000000 -0.100000 0.000000
vn 0.000000 -0.100000 0.000000
vn 0.000000 -0.100000 0.000000
vn 0.000000 0.100000 0.000000
vn 0.000000 0.100000 0.000000
vn 0.000000 0.100000 0.000000
vn 0.000000 0.100000 0.000000
vn 0.000000 0.000000 -0.100000
vn 0.000000 0.000000 -0.100000
vn 0.000000 0.000000 -0.100000
vn 0.000000 0.000000 -0.100000
vn -0.100000 0.000000 0.000000
vn -0.100000 0.000000 0.000000
vn -0.100000 0.000000 0.000000
vn -0.100000 0.000000 0.000000
vn 0.000000 0.000000 0.100000
vn 0.000000 0.000000 0.100000
vn 0.000000 0.000000 0.100000
vn 0.000000 0.000000 0.100000
vn -0.070170 0.000000 0.071247
vn -0.070170 0.000000 0.071247
vn -0.062923 0.000000 0.077722
vn -0.062923 0.000000 0.077722
vn -0.055081 0.000000 0.083463
vn -0.055081 0.000000 0.083463
vn -0.046719 0.000000 0.088416
vn -0.046719 0.000000 0.088416
vn -0.037916 0.000000 0.092533
vn -0.037916 0.000000 0.092533
vn -0.028755 0.000000 0.095777
vn -0.028755 0.000000 0.095777
vn -0.019322 0.000000 0.098115
vn -0.019322 0.000000 0.098115
vn -0.009707 0.000000 0.099528
vn -0.009707 0.000000 0.099528
vn 0.000000 0.000000 0.100000
vn 0.000000 0.000000 0.100000
vn 0.009707 0.000000 0.099528
vn 0.009707 0.000000 0.099528
vn 0.019322 0.000000 0.098115
vn 0.019322 0.000000 0.098115
vn 0.028755 0.000000 0.095777
vn 0.028755 0.000000 0.095777
vn 0.037916 0.000000 0.092533
vn 0.037916 0.000000 0.092533
vn 0.046719 0.000000 0.088416
vn 0.046719 0.000000 0.088416
vn 0.055081 0.000000 0.083463
vn 0.055081 0.000000 0.083463
vn 0.062923 0.000000 0.077722
vn 0.062923 0.000000 0.077722
vn 0.070170 0.000000 0.071247
vn 0.070170 0.000000 0.071247
vn -0.000000 0.100000 -0.000300
vn 0.000000 0.099996 0.000899
vn -0.000000 0.099996 -0.000899
vn -0.000000 0.099670 -0.008120
vn -0.000000 0.099996 -0.000899
vn -0.000000 0.099492 -0.010069
vn -0.000000 0.098532 -0.017072
vn -0.000000 0.098148 -0.019154
vn -0.000000 0.096592 -0.025885
vn -0.000000 0.095977 -0.028077
vn -0.000000 0.093865 -0.034487
vn -0.000000 0.092997 -0.036764
vn -0.000000 0.090374 -0.042809
vn -0.000000 0.089232 -0.045141
vn -0.000000 0.086146 -0.050782
vn -0.000000 0.084714 -0.053137
vn -0.000000 0.081218 -0.058341
vn -0.000000 0.079482 -0.060685
vn -0.000000 0.075627 -0.065426
vn -0.000000 0.073579 -0.067720
vn -0.000000 0.069421 -0.071977
vn -0.000000 0.067056 -0.074185
vn -0.000000 0.062650 -0.077942
vn -0.000000 0.059968 -0.080024
vn -0.000000 0.055368 -0.083273
vn -0.000000 0.052373 -0.085188
vn -0.000000 0.047635 -0.087925
vn -0.000000 0.044337 -0.089634
vn -0.000000 0.039515 -0.091862
vn -0.000000 0.035927 -0.093323
vn -0.000000 0.031073 -0.095050
vn -0.000000 0.027214 -0.096226
vn -0.000000 0.022377 -0.097464
vn -0.000000 0.018271 -0.098317
vn -0.000000 0.013500 -0.099085
vn -0.000000 0.009174 -0.099578
vn -0.000000 0.004512 -0.099898
vn -0.000000 0.000000 -0.100000
vn 0.000000 -0.004512 -0.099898
vn 0.000000 -0.009174 -0.099578
vn 0.000000 -0.013500 -0.099085
vn 0.000000 -0.018271 -0.098317
vn 0.000000 -0.022377 -0.097464
vn 0.000000 -0.027214 -0.096226
vn 0.000000 -0.031073 -0.095050
vn 0.000000 -0.035927 -0.093323
vn 0.000000 -0.039515 -0.091862
vn 0.000000 -0.044337 -0.089634
vn 0.000000 -0.047635 -0.087925
vn 0.000000 -0.052373 -0.085188
vn 0.000000 -0.055368 -0.083273
vn 0.000000 -0.059968 -0.080024
vn 0.000000 -0.062650 -0.077942
vn 0.000000 -0.067056 -0.074185
vn 0.000000 -0.069421 -0.071977
vn 0.000000 -0.073579 -0.067720
vn 0.000000 -0.075627 -0.065426
vn 0.000000 -0.079482 -0.060685
vn 0.000000 -0.081218 -0.058341
vn 0.000000 -0.084714 -0.053137
vn 0.000000 -0.086146 -0.050782
vn 0.000000 -0.089232 -0.045141
vn 0.000000 -0.090374 -0.042809
vn 0.000000 -0.092997 -0.036764
vn 0.000000 -0.093865 -0.034487
vn 0.000000 -0.095977 -0.028077
vn 0.000000 -0.096592 -0.025885
vn 0.000000 -0.098148 -0.019154
vn 0.000000 -0.098532 -0.017072
vn 0.000000 -0.099492 -0.010069
vn 0.000000 -0.099670 -0.008120
vn 0.000000 -0.099996 -0.000899
vn 0.000000 -0.099996 -0.000899
vn 0.000000 -0.099996 0.000899
vn 0.000000 -0.100000 -0.000300
vn 0.000000 -0.100000 0.000300
vn 0.000000 -0.099996 0.000899
vn 0.000000 0.100000 0.000300
vn 0.000000 0.099996 0.000899
vn 0.100000 0.000000 0.000000
vn 0.100000 0.000000 0.000000
vn 0.100000 0.000000 0.000000
vn 0.100000 0.000000 0.000000
vn 0.100000 0.000000 0.000000
vn 0.100000 0.000000 0.000000
vn 0.100000 0.000000 0.000000
vn 0.100000 0.000000 0.000000
vn 0.100000 0.000000 0.000000
vn 0.100000 0.000000 0.000000
vn 0.100000 0.000000 0.000000
vn 0.100000 0.000000 0.000000
vn 0.100000 0.000000 0.000000
vn 0.100000 0.000000 0.000000
vn 0.100000 0.000000 0.000000
vn 0.100000 0.000000 0.000000
vn 0.100000 0.000000 0.000000
vn 0.100000 0.000000 0.000000
vn 0.100000 0.000000 0.000000
vn 0.100000 0.000000 0.000000
vn 0.100000 0.000000 0.000000
vn 0.100000 0.000000 0.000000
vn 0.100000 0.000000 0.000000
vn 0.100000 0.000000 0.000000
vn 0.100000 0.000000 0.000000
vn 0.100000 0.000000 0.000000
vn 0.100000 0.000000 0.000000
vn 0.100000 0.000000 0.000000
vn 0.100000 0.000000 0.000000
vn 0.100000 0.000000 0.000000
vn 0.100000 0.000000 0.000000
vn 0.100000 0.000000 0.000000
vn 0.100000 0.000000 0.000000
vn 0.100000 0.000000 0.000000
vn 0.100000 0.000000 0.000000
vn 0.100000 0.000000 0.000000
vn 0.100000 0.000000 0.000000
vn 0.100000 0.000000 0.000000
vn 0.100000 0.000000 0.000000
vn 0.100000 0.000000 0.000000
vn 0.100000 0.000000 0.000000
vn 0.100000 0.000000 0.000000
vn 0.100000 0.000000 0.000000
vn 0.100000 0.000000 0.000000
vn 0.100000 0.000000 0.000000
vn 0.100000 0.000000 0.000000
vn 0.100000 0.000000 0.000000
vn 0.100000 0.000000 0.000000
vn 0.100000 0.000000 0.000000
vn 0.100000 0.000000 0.000000
vn 0.100000 0.000000 0.000000
vn 0.100000 0.000000 0.000000
vn 0.100000 0.000000 0.000000
vn 0.100000 0.000000 0.000000
vn 0.100000 0.000000 0.000000
vn 0.100000 0.000000 0.000000
vn 0.100000 0.000000 0.000000
vn 0.100000 0.000000 0.000000
vn 0.100000 0.000000 0.000000
vn 0.100000 0.000000 0.000000
vn 0.100000 0.000000 0.000000
vn 0.100000 0.000000 0.000000
vn 0.100000 0.000000 0.000000
vn 0.100000 0.000000 0.000000
vn 0.100000 0.000000 0.000000
vn 0.100000 0.000000 0.000000
vn 0.100000 0.000000 0.000000
vn 0.100000 0.000000 0.000000
vn 0.100000 0.000000 0.000000
vn -0.000000 0.099996 -0.000899
vn -0.000000 0.099670 -0.008120
vn -0.000000 0.099996 -0.000899
vn 0.000000 0.099996 0.000899
vn -0.000000 0.100000 -0.000300
vn 0.000000 0.100000 0.000300
vn 0.000000 0.099996 0.000899
vn -0.000000 0.099492 -0.010069
vn -0.000000 0.098532 -0.017072
vn -0.000000 0.098148 -0.019154
vn -0.000000 0.096592 -0.025885
vn -0.000000 0.095977 -0.028077
vn -0.000000 0.093865 -0.034487
vn -0.000000 0.092997 -0.036764
vn -0.000000 0.090374 -0.042809
vn -0.000000 0.089232 -0.045141
vn -0.000000 0.086146 -0.050782
vn -0.000000 0.084714 -0.053137
vn -0.000000 0.081218 -0.058341
vn -0.000000 0.079482 -0.060685
vn -0.000000 0.075627 -0.065426
vn -0.000000 0.073579 -0.067720
vn -0.000000 0.069421 -0.071977
vn -0.000000 0.067056 -0.074185
vn -0.000000 0.062650 -0.077942
vn -0.000000 0.059968 -0.080024
vn -0.000000 0.055368 -0.083273
vn -0.000000 0.052373 -0.085188
vn -0.000000 0.047635 -0.087925
vn -0.000000 0.044337 -0.089634
vn -0.000000 0.039515 -0.091862
vn -0.000000 0.035927 -0.093323
vn -0.000000 0.031073 -0.095050
vn -0.000000 0.027214 -0.096226
vn -0.000000 0.022377 -0.097464
vn -0.000000 0.018271 -0.098317
vn -0.000000 0.013500 -0.099085
vn -0.000000 0.009174 -0.099578
vn -0.000000 0.004512 -0.099898
vn -0.000000 0.000000 -0.100000
vn 0.000000 -0.004512 -0.099898
vn 0.000000 -0.009174 -0.099578
vn 0.000000 -0.013500 -0.099085
vn 0.000000 -0.018271 -0.098317
vn 0.000000 -0.022377 -0.097464
vn 0.000000 -0.027214 -0.096226
vn 0.000000 -0.031073 -0.095050
vn 0.000000 -0.035927 -0.093323
vn 0.000000 -0.039515 -0.091862
vn 0.000000 -0.044337 -0.089634
vn 0.000000 -0.047635 -0.087925
vn 0.000000 -0.052373 -0.085188
vn 0.000000 -0.055368 -0.083273
vn 0.000000 -0.059968 -0.080024
vn 0.000000 -0.062650 -0.077942
vn 0.000000 -0.067056 -0.074185
vn 0.000000 -0.069421 -0.071977
vn 0.000000 -0.073579 -0.067720
vn 0.000000 -0.075627 -0.065426
vn 0.000000 -0.079482 -0.060685
vn 0.000000 -0.081218 -0.058341
vn 0.000000 -0.084714 -0.053137
vn 0.000000 -0.086146 -0.050782
vn 0.000000 -0.089232 -0.045141
vn 0.000000 -0.090374 -0.042809
vn 0.000000 -0.092997 -0.036764
vn 0.000000 -0.093865 -0.034487
vn 0.000000 -0.095977 -0.028077
vn 0.000000 -0.096592 -0.025885
vn 0.000000 -0.098148 -0.019154
vn 0.000000 -0.098532 -0.017072
vn 0.000000 -0.099492 -0.010069
vn 0.000000 -0.099670 -0.008120
vn 0.000000 -0.099996 -0.000899
vn 0.000000 -0.099996 -0.000899
vn 0.000000 -0.099996 0.000899
vn 0.000000 -0.100000 -0.000300
vn 0.000000 -0.100000 0.000300
vn 0.000000 -0.099996 0.000899
vn 0.000000 -0.099995 -0.001022
vn 0.000000 -0.099995 -0.001022
vn 0.000000 -0.099608 0.008847
vn 0.000000 -0.099608 0.008847
vn 0.000000 -0.098249 0.018631
vn 0.000000 -0.098249 0.018631
vn 0.000000 -0.095932 0.028233
vn 0.000000 -0.095932 0.028233
vn 0.000000 -0.092679 0.037559
vn 0.000000 -0.092679 0.037559
vn 0.000000 -0.088521 0.046519
vn 0.000000 -0.088521 0.046519
vn 0.000000 -0.083500 0.055025
vn 0.000000 -0.083500 0.055025
vn 0.000000 -0.077665 0.062994
vn 0.000000 -0.077665 0.062994
vn 0.000000 -0.071071 0.070348
vn 0.000000 -0.071071 0.070348
vn 0.000000 -0.063784 0.077017
vn 0.000000 -0.063784 0.077017
vn 0.000000 -0.055875 0.082933
vn 0.000000 -0.055875 0.082933
vn 0.000000 -0.047421 0.088041
vn 0.000000 -0.047421 0.088041
vn 0.000000 -0.038504 0.092290
vn 0.000000 -0.038504 0.092290
vn 0.000000 -0.029212 0.095638
vn 0.000000 -0.029212 0.095638
vn 0.000000 -0.019634 0.098054
vn 0.000000 -0.019634 0.098054
vn 0.000000 -0.009865 0.099512
vn 0.000000 -0.009865 0.099512
vn 0.000000 -0.000000 0.100000
vn 0.000000 -0.000000 0.100000
vn 0.000000 0.009865 0.099512
vn 0.000000 0.009865 0.099512
vn 0.000000 0.019634 0.098054
vn 0.000000 0.019634 0.098054
vn 0.000000 0.029212 0.095638
vn 0.000000 0.029212 0.095638
vn 0.000000 0.038504 0.092290
vn 0.000000 0.038504 0.092290
vn 0.000000 0.047421 0.088041
vn 0.000000 0.047421 0.088041
vn 0.000000 0.055875 0.082933
vn 0.000000 0.055875 0.082933
vn 0.000000 0.063784 0.077017
vn 0.000000 0.063784 0.077017
vn 0.000000 0.071071 0.070348
vn 0.000000 0.071071 0.070348
vn 0.000000 0.077665 0.062994
vn 0.000000 0.077665 0.062994
vn 0.000000 0.083500 0.055025
vn 0.000000 0.083500 0.055025
vn 0.000000 0.088521 0.046519
vn 0.000000 0.088521 0.046519
vn 0.000000 0.092679 0.037559
vn 0.000000 0.092679 0.037559
vn 0.000000 0.095932 0.028233
vn 0.000000 0.095932 0.028233
vn 0.000000 0.098249 0.018631
vn 0.000000 0.098249 0.018631
vn 0.000000 0.099608 0.008847
vn 0.000000 0.099608 0.008847
vn 0.000000 0.099995 -0.001022
vn 0.000000 0.099995 -0.001022
vn -0.100000 0.000000 0.000000
vn -0.100000 0.000000 0.000000
vn -0.100000 0.000000 0.000000
vn -0.100000 0.000000 0.000000
vn -0.100000 0.000000 0.000000
vn -0.100000 0.000000 0.000000
vn -0.100000 0.000000 0.000000
vn -0.100000 0.000000 0.000000
vn -0.100000 0.000000 0.000000
vn -0.100000 0.000000 0.000000
vn -0.100000 0.000000 0.000000
vn -0.100000 0.000000 0.000000
vn -0.100000 0.000000 0.000000
vn -0.100000 0.000000 0.000000
vn -0.100000 0.000000 0.000000
vn -0.100000 0.000000 0.000000
vn -0.100000 0.000000 0.000000
vn -0.100000 0.000000 0.000000
vn -0.100000 0.000000 0.000000
vn -0.100000 0.000000 0.000000
vn -0.100000 0.000000 0.000000
vn -0.100000 0.000000 0.000000
vn -0.100000 0.000000 0.000000
vn -0.100000 0.000000 0.000000
vn -0.100000 0.000000 0.000000
vn -0.100000 0.000000 0.000000
vn -0.100000 0.000000 0.000000
vn -0.100000 0.000000 0.000000
vn -0.100000 0.000000 0.000000
vn -0.100000 0.000000 0.000000
vn -0.100000 0.000000 0.000000
vn -0.100000 0.000000 0.000000
vn -0.100000 0.000000 0.000000
vn -0.100000 0.000000 0.000000
vn -0.100000 0.000000 0.000000
vn -0.100000 0.000000 0.000000
vn -0.100000 0.000000 0.000000
vn -0.100000 0.000000 0.000000
vn -0.100000 0.000000 0.000000
vn -0.100000 0.000000 0.000000
vn -0.100000 0.000000 0.000000
vn -0.100000 0.000000 0.000000
vn -0.100000 0.000000 0.000000
vn -0.100000 0.000000 0.000000
vn -0.100000 0.000000 0.000000
vn -0.100000 0.000000 0.000000
vn -0.100000 0.000000 0.000000
vn -0.100000 0.000000 0.000000
vn -0.100000 0.000000 0.000000
vn -0.100000 0.000000 0.000000
vn -0.100000 0.000000 0.000000
vn -0.100000 0.000000 0.000000
vn -0.100000 0.000000 0.000000
vn -0.100000 0.000000 0.000000
vn -0.100000 0.000000 0.000000
vn -0.100000 0.000000 0.000000
vn -0.100000 0.000000 0.000000
vn -0.100000 0.000000 0.000000
vn -0.100000 0.000000 0.000000
vn -0.100000 0.000000 0.000000
vn -0.100000 0.000000 0.000000
vn -0.100000 0.000000 0.000000
vn -0.100000 0.000000 0.000000
vn -0.100000 0.000000 0.000000
vn -0.100000 0.000000 0.000000
vn -0.100000 0.000000 0.000000
vn -0.100000 0.000000 0.000000
vn -0.100000 0.000000 0.000000
vn -0.100000 0.000000 0.000000
vn 0.100000 0.000000 0.000000
vn 0.100000 0.000000 0.000000
vn 0.100000 0.000000 0.000000
vn 0.100000 0.000000 0.000000
vn 0.100000 0.000000 0.000000
vn 0.100000 0.000000 0.000000
vn 0.100000 0.000000 0.000000
vn 0.100000 0.000000 0.000000
vn 0.100000 0.000000 0.000000
vn 0.100000 0.000000 0.000000
vn 0.100000 0.000000 0.000000
vn 0.100000 0.000000 0.000000
vn 0.100000 0.000000 0.000000
vn 0.100000 0.000000 0.000000
vn 0.100000 0.000000 0.000000
vn 0.100000 0.000000 0.000000
vn 0.100000 0.000000 0.000000
vn 0.100000 0.000000 0.000000
vn 0.100000 0.000000 0.000000
vn 0.100000 0.000000 0.000000
vn 0.100000 0.000000 0.000000
vn 0.100000 0.000000 0.000000
vn 0.100000 0.000000 0.000000
vn 0.100000 0.000000 0.000000
vn 0.100000 0.000000 0.000000
vn 0.100000 0.000000 0.000000
vn 0.100000 0.000000 0.000000
vn 0.100000 0.000000 0.000000
vn 0.100000 0.000000 0.000000
vn 0.100000 0.000000 0.000000
vn 0.100000 0.000000 0.000000
vn 0.100000 0.000000 0.000000
vn 0.100000 0.000000 0.000000
vn 0.100000 0.000000 0.000000
vn 0.100000 0.000000 0.000000
vn 0.100000 0.000000 0.000000
vn 0.100000 0.000000 0.000000
vn 0.100000 0.000000 0.000000
vn 0.100000 0.000000 0.000000
vn 0.100000 0.000000 0.000000
vn 0.100000 0.000000 0.000000
vn 0.100000 0.000000 0.000000
vn 0.100000 0.000000 0.000000
vn 0.100000 0.000000 0.000000
vn 0.100000 0.000000 0.000000
vn 0.100000 0.000000 0.000000
vn 0.100000 0.000000 0.000000
vn 0.100000 0.000000 0.000000
vn 0.100000 0.000000 0.000000
vn 0.100000 0.000000 0.000000
vn 0.100000 0.000000 0.000000
vn 0.100000 0.000000 0.000000
vn 0.100000 0.000000 0.000000
vn 0.100000 0.000000 0.000000
vn 0.100000 0.000000 0.000000
vn 0.100000 0.000000 0.000000
vn 0.100000 0.000000 0.000000
vn 0.100000 0.000000 0.000000
vn 0.100000 0.000000 0.000000
vn 0.100000 0.000000 0.000000
vn 0.100000 0.000000 0.000000
vn 0.100000 0.000000 0.000000
vn 0.100000 0.000000 0.000000
vn 0.100000 0.000000 0.000000
vn 0.100000 0.000000 0.000000
vn 0.000000 -0.099995 -0.001022
vn 0.000000 -0.099995 -0.001022
vn 0.000000 -0.099608 0.008847
vn 0.000000 -0.099608 0.008847
vn 0.000000 -0.098249 0.018631
vn 0.000000 -0.098249 0.018631
vn 0.000000 -0.095932 0.028233
vn 0.000000 -0.095932 0.028233
vn 0.000000 -0.092679 0.037559
vn 0.000000 -0.092679 0.037559
vn 0.000000 -0.088521 0.046519
vn 0.000000 -0.088521 0.046519
vn 0.000000 -0.083500 0.055025
vn 0.000000 -0.083500 0.055025
vn 0.000000 -0.077665 0.062994
vn 0.000000 -0.077665 0.062994
vn 0.000000 -0.071071 0.070348
vn 0.000000 -0.071071 0.070348
vn 0.000000 -0.063784 0.077017
vn 0.000000 -0.063784 0.077017
vn 0.000000 -0.055875 0.082933
vn 0.000000 -0.055875 0.082933
vn 0.000000 -0.047421 0.088041
vn 0.000000 -0.047421 0.088041
vn 0.000000 -0.038504 0.092290
vn 0.000000 -0.038504 0.092290
vn 0.000000 -0.029212 0.095638
vn 0.000000 -0.029212 0.095638
vn 0.000000 -0.019634 0.098054
vn 0.000000 -0.019634 0.098054
vn 0.000000 -0.009865 0.099512
vn 0.000000 -0.009865 0.099512
vn 0.000000 -0.000000 0.100000
vn 0.000000 -0.000000 0.100000
vn 0.000000 0.009865 0.099512
vn 0.000000 0.009865 0.099512
vn 0.000000 0.019634 0.098054
vn 0.000000 0.019634 0.098054
vn 0.000000 0.029212 0.095638
vn 0.000000 0.029212 0.095638
vn 0.000000 0.038504 0.092290
vn 0.000000 0.038504 0.092290
vn 0.000000 0.047421 0.088041
vn 0.000000 0.047421 0.088041
vn 0.000000 0.055875 0.082933
vn 0.000000 0.055875 0.082933
vn 0.000000 0.063784 0.077017
vn 0.000000 0.063784 0.077017
vn 0.000000 0.071071 0.070348
vn 0.000000 0.071071 0.070348
vn 0.000000 0.077665 0.062994
vn 0.000000 0.077665 0.062994
vn 0.000000 0.083500 0.055025
vn 0.000000 0.083500 0.055025
vn 0.000000 0.088521 0.046519
vn 0.000000 0.088521 0.046519
vn 0.000000 0.092679 0.037559
vn 0.000000 0.092679 0.037559
vn 0.000000 0.095932 0.028233
vn 0.000000 0.095932 0.028233
vn 0.000000 0.098249 0.018631
vn 0.000000 0.098249 0.018631
vn 0.000000 0.099608 0.008847
vn 0.000000 0.099608 0.008847
vn 0.000000 0.099995 -0.001022
vn 0.000000 0.099995 -0.001022
vn 0.000000 -0.099993 -0.001152
vn 0.000000 -0.099993 -0.001152
vn 0.000000 -0.099590 0.009044
vn 0.000000 -0.099590 0.009044
vn 0.000000 -0.098150 0.019146
vn 0.000000 -0.098150 0.019146
vn 0.000000 -0.095688 0.029049
vn 0.000000 -0.095688 0.029049
vn 0.000000 -0.092229 0.038649
vn 0.000000 -0.092229 0.038649
vn 0.000000 -0.087811 0.047846
vn 0.000000 -0.087811 0.047846
vn 0.000000 -0.082478 0.056546
vn 0.000000 -0.082478 0.056546
vn 0.000000 -0.076286 0.064657
vn 0.000000 -0.076286 0.064657
vn 0.000000 -0.069300 0.072094
vn 0.000000 -0.069300 0.072094
vn 0.000000 -0.061592 0.078781
vn 0.000000 -0.061592 0.078781
vn 0.000000 -0.053243 0.084647
vn 0.000000 -0.053243 0.084647
vn 0.000000 -0.044339 0.089633
vn 0.000000 -0.044339 0.089633
vn 0.000000 -0.034974 0.093685
vn 0.000000 -0.034974 0.093685
vn 0.000000 -0.025245 0.096761
vn 0.000000 -0.025245 0.096761
vn 0.000000 -0.015253 0.098830
vn 0.000000 -0.015253 0.098830
vn 0.000000 -0.005102 0.099870
vn 0.000000 -0.005102 0.099870
vn 0.000000 0.005102 0.099870
vn 0.000000 0.005102 0.099870
vn 0.000000 0.015253 0.098830
vn 0.000000 0.015253 0.098830
vn 0.000000 0.025245 0.096761
vn 0.000000 0.025245 0.096761
vn 0.000000 0.034974 0.093685
vn 0.000000 0.034974 0.093685
vn 0.000000 0.044339 0.089633
vn 0.000000 0.044339 0.089633
vn 0.000000 0.053243 0.084647
vn 0.000000 0.053243 0.084647
vn 0.000000 0.061592 0.078781
vn 0.000000 0.061592 0.078781
vn 0.000000 0.069300 0.072094
vn 0.000000 0.069300 0.072094
vn 0.000000 0.076286 0.064657
vn 0.000000 0.076286 0.064657
vn 0.000000 0.082478 0.056546
vn 0.000000 0.082478 0.056546
vn 0.000000 0.087811 0.047846
vn 0.000000 0.087811 0.047846
vn 0.000000 0.092229 0.038649
vn 0.000000 0.092229 0.038649
vn 0.000000 0.095688 0.029049
vn 0.000000 0.095688 0.029049
vn 0.000000 0.098150 0.019146
vn 0.000000 0.098150 0.019146
vn 0.000000 0.099590 0.009044
vn 0.000000 0.099590 0.009044
vn 0.000000 0.099993 -0.001152
vn 0.000000 0.099993 -0.001152
vn -0.100000 0.000000 0.000000
vn -0.100000 0.000000 0.000000
vn -0.100000 0.000000 0.000000
vn -0.100000 0.000000 0.000000
vn -0.100000 0.000000 0.000000
vn -0.100000 0.000000 0.000000
vn -0.100000 0.000000 0.000000
vn -0.100000 0.000000 0.000000
vn -0.100000 0.000000 0.000000
vn -0.100000 0.000000 0.000000
vn -0.100000 0.000000 0.000000
vn -0.100000 0.000000 0.000000
vn -0.100000 0.000000 0.000000
vn -0.100000 0.000000 0.000000
vn -0.100000 0.000000 0.000000
vn -0.100000 0.000000 0.000000
vn -0.100000 0.000000 0.000000
vn -0.100000 0.000000 0.000000
vn -0.100000 0.000000 0.000000
vn -0.100000 0.000000 0.000000
vn -0.100000 0.000000 0.000000
vn -0.100000 0.000000 0.000000
vn -0.100000 0.000000 0.000000
vn -0.100000 0.000000 0.000000
vn -0.100000 0.000000 0.000000
vn -0.100000 0.000000 0.000000
vn -0.100000 0.000000 0.000000
vn -0.100000 0.000000 0.000000
vn -0.100000 0.000000 0.000000
vn -0.100000 0.000000 0.000000
vn -0.100000 0.000000 0.000000
vn -0.100000 0.000000 0.000000
vn -0.100000 0.000000 0.000000
vn -0.100000 0.000000 0.000000
vn -0.100000 0.000000 0.000000
vn -0.100000 0.000000 0.000000
vn -0.100000 0.000000 0.000000
vn -0.100000 0.000000 0.000000
vn -0.100000 0.000000 0.000000
vn -0.100000 0.000000 0.000000
vn -0.100000 0.000000 0.000000
vn -0.100000 0.000000 0.000000
vn -0.100000 0.000000 0.000000
vn -0.100000 0.000000 0.000000
vn -0.100000 0.000000 0.000000
vn -0.100000 0.000000 0.000000
vn -0.100000 0.000000 0.000000
vn -0.100000 0.000000 0.000000
vn -0.100000 0.000000 0.000000
vn -0.100000 0.000000 0.000000
vn -0.100000 0.000000 0.000000
vn -0.100000 0.000000 0.000000
vn -0.100000 0.000000 0.000000
vn -0.100000 0.000000 0.000000
vn -0.100000 0.000000 0.000000
vn -0.100000 0.000000 0.000000
vn -0.100000 0.000000 0.000000
vn -0.100000 0.000000 0.000000
vn -0.100000 0.000000 0.000000
vn -0.100000 0.000000 0.000000
vn -0.100000 0.000000 0.000000
vn -0.100000 0.000000 0.000000
vn -0.100000 0.000000 0.000000
vn -0.100000 0.000000 0.000000
vn -0.100000 0.000000 0.000000
vn 0.000000 -0.099993 -0.001152
vn 0.000000 -0.099993 -0.001152
vn 0.000000 -0.099590 0.009044
vn 0.000000 -0.099590 0.009044
vn 0.000000 -0.098150 0.019146
vn 0.000000 -0.098150 0.019146
vn 0.000000 -0.095688 0.029049
vn 0.000000 -0.095688 0.029049
vn 0.000000 -0.092229 0.038649
vn 0.000000 -0.092229 0.038649
vn 0.000000 -0.087811 0.047846
vn 0.000000 -0.087811 0.047846
vn 0.000000 -0.082478 0.056546
vn 0.000000 -0.082478 0.056546
vn 0.000000 -0.076286 0.064657
vn 0.000000 -0.076286 0.064657
vn 0.000000 -0.069300 0.072094
vn 0.000000 -0.069300 0.072094
vn 0.000000 -0.061592 0.078781
vn 0.000000 -0.061592 0.078781
vn 0.000000 -0.053243 0.084647
vn 0.000000 -0.053243 0.084647
vn 0.000000 -0.044339 0.089633
vn 0.000000 -0.044339 0.089633
vn 0.000000 -0.034974 0.093685
vn 0.000000 -0.034974 0.093685
vn 0.000000 -0.025245 0.096761
vn 0.000000 -0.025245 0.096761
vn 0.000000 -0.015253 0.098830
vn 0.000000 -0.015253 0.098830
vn 0.000000 -0.005102 0.099870
vn 0.000000 -0.005102 0.099870
vn 0.000000 0.005102 0.099870
vn 0.000000 0.005102 0.099870
vn 0.000000 0.015253 0.098830
vn 0.000000 0.015253 0.098830
vn 0.000000 0.025245 0.096761
vn 0.000000 0.025245 0.096761
vn 0.000000 0.034974 0.093685
vn 0.000000 0.034974 0.093685
vn 0.000000 0.044339 0.089633
vn 0.000000 0.044339 0.089633
vn 0.000000 0.053243 0.084647
vn 0.000000 0.053243 0.084647
vn 0.000000 0.061592 0.078781
vn 0.000000 0.061592 0.078781
vn 0.000000 0.069300 0.072094
vn 0.000000 0.069300 0.072094
vn 0.000000 0.076286 0.064657
vn 0.000000 0.076286 0.064657
vn 0.000000 0.082478 0.056546
vn 0.000000 0.082478 0.056546
vn 0.000000 0.087811 0.047846
vn 0.000000 0.087811 0.047846
vn 0.000000 0.092229 0.038649
vn 0.000000 0.092229 0.038649
vn 0.000000 0.095688 0.029049
vn 0.000000 0.095688 0.029049
vn 0.000000 0.098150 0.019146
vn 0.000000 0.098150 0.019146
vn 0.000000 0.099590 0.009044
vn 0.000000 0.099590 0.009044
vn 0.000000 0.099993 -0.001152
vn 0.000000 0.099993 -0.001152
vn -0.000000 0.100000 -0.000000
vn -0.000000 0.100000 -0.000000
vn -0.000000 0.100000 -0.000000
vn -0.000000 0.100000 -0.000000
vn 0.000000 0.100000 0.000000
vn 0.000000 0.100000 0.000000
vn 0.000000 0.100000 0.000000
vn 0.000000 0.100000 0.000000
vn -0.100000 0.000000 0.000000
vn -0.100000 0.000000 0.000000
vn -0.100000 0.000000 0.000000
vn -0.100000 0.000000 0.000000
vn -0.100000 0.000000 0.000000
vn -0.100000 0.000000 0.000000
vn -0.000000 0.100000 -0.000000
vn -0.000000 0.100000 -0.000000
vn -0.000000 0.100000 -0.000000
vn -0.000000 0.100000 -0.000000
vn 0.000000 0.100000 0.000000
vn 0.000000 0.100000 0.000000
vn 0.000000 0.100000 0.000000
vn 0.000000 0.100000 0.000000
vn -0.100000 0.000000 0.000000
vn -0.100000 0.000000 0.000000
vn -0.100000 0.000000 0.000000
vn -0.100000 0.000000 0.000000
vn -0.100000 0.000000 0.000000
vn -0.100000 0.000000 0.000000
vn -0.100000 0.000000 0.000000
vn -0.100000 0.000000 0.000000
vn -0.000000 0.100000 -0.000000
vn -0.000000 0.100000 -0.000000
vn -0.000000 0.100000 -0.000000
vn -0.000000 0.100000 -0.000000
vn 0.100000 0.000000 0.000000
vn 0.100000 0.000000 0.000000
vn 0.100000 0.000000 0.000000
vn 0.100000 0.000000 0.000000
vn 0.100000 0.000000 0.000000
vn 0.100000 0.000000 0.000000
vn 0.100000 0.000000 0.000000
vn 0.100000 0.000000 0.000000
vn 0.100000 0.000000 0.000000
vn 0.100000 0.000000 0.000000
vn 0.100000 0.000000 0.000000
vn 0.100000 0.000000 0.000000
vn 0.100000 0.000000 0.000000
vn 0.100000 0.000000 0.000000
vn 0.100000 0.000000 0.000000
vn 0.100000 0.000000 0.000000
vn 0.100000 0.000000 0.000000
vn 0.100000 0.000000 0.000000
vn 0.100000 0.000000 0.000000
vn 0.100000 0.000000 0.000000
vn 0.100000 0.000000 0.000000
vn 0.100000 0.000000 0.000000
vn 0.100000 0.000000 0.000000
vn 0.100000 0.000000 0.000000
vn 0.100000 0.000000 0.000000
vn 0.100000 0.000000 0.000000
vn 0.100000 0.000000 0.000000
vn 0.100000 0.000000 0.000000
vn 0.100000 0.000000 0.000000
vn 0.100000 0.000000 0.000000
vn 0.100000 0.000000 0.000000
vn 0.100000 0.000000 0.000000
vn 0.100000 0.000000 0.000000
vn 0.100000 0.000000 0.000000
vn 0.100000 0.000000 0.000000
vn 0.100000 0.000000 0.000000
vn 0.100000 0.000000 0.000000
vn 0.100000 0.000000 0.000000
vn 0.100000 0.000000 0.000000
vn 0.100000 0.000000 0.000000
vn 0.100000 0.000000 0.000000
vn 0.100000 0.000000 0.000000
vn 0.100000 0.000000 0.000000
vn 0.100000 0.000000 0.000000
vn 0.100000 0.000000 0.000000
vn 0.100000 0.000000 0.000000
vn 0.100000 0.000000 0.000000
vn 0.100000 0.000000 0.000000
vn 0.100000 0.000000 0.000000
vn 0.100000 0.000000 0.000000
vn 0.100000 0.000000 0.000000
vn 0.100000 0.000000 0.000000
vn 0.100000 0.000000 0.000000
vn 0.100000 0.000000 0.000000
vn 0.100000 0.000000 0.000000
vn 0.100000 0.000000 0.000000
vn 0.100000 0.000000 0.000000
vn 0.100000 0.000000 0.000000
vn 0.100000 0.000000 0.000000
vn 0.100000 0.000000 0.000000
vn 0.100000 0.000000 0.000000
vn 0.100000 0.000000 0.000000
vn 0.100000 0.000000 0.000000
vn 0.100000 0.000000 0.000000
vn 0.100000 0.000000 0.000000
vn 0.100000 0.000000 0.000000
vn 0.100000 0.000000 0.000000
vn 0.100000 0.000000 0.000000
vn 0.100000 0.000000 0.000000
vn 0.070170 0.000000 0.071247
vn 0.070170 0.000000 0.071247
vn 0.062923 0.000000 0.077722
vn 0.062923 0.000000 0.077722
vn 0.055081 0.000000 0.083463
vn 0.055081 0.000000 0.083463
vn 0.046719 0.000000 0.088416
vn 0.046719 0.000000 0.088416
vn 0.037916 0.000000 0.092533
vn 0.037916 0.000000 0.092533
vn 0.028755 0.000000 0.095777
vn 0.028755 0.000000 0.095777
vn 0.019322 0.000000 0.098115
vn 0.019322 0.000000 0.098115
vn 0.009707 0.000000 0.099528
vn 0.009707 0.000000 0.099528
vn 0.000000 0.000000 0.100000
vn 0.000000 0.000000 0.100000
vn -0.009707 0.000000 0.099528
vn -0.009707 0.000000 0.099528
vn -0.019322 0.000000 0.098115
vn -0.019322 0.000000 0.098115
vn -0.028755 0.000000 0.095777
vn -0.028755 0.000000 0.095777
vn -0.037916 0.000000 0.092533
vn -0.037916 0.000000 0.092533
vn -0.046719 0.000000 0.088416
vn -0.046719 0.000000 0.088416
vn -0.055081 0.000000 0.083463
vn -0.055081 0.000000 0.083463
vn -0.062923 0.000000 0.077722
vn -0.062923 0.000000 0.077722
vn -0.070170 0.000000 0.071247
vn -0.070170 0.000000 0.071247
vn 0.000000 -0.100000 0.000000
vn 0.000000 -0.100000 0.000000
vn 0.000000 -0.100000 0.000000
vn 0.000000 -0.100000 0.000000
vn 0.000000 -0.100000 0.000000
vn 0.000000 -0.100000 0.000000
vn 0.000000 -0.100000 0.000000
vn 0.000000 -0.100000 0.000000
vn 0.000000 -0.100000 0.000000
vn 0.000000 -0.100000 0.000000
vn -0.100000 0.000000 0.000000
vn -0.100000 0.000000 0.000000
vn -0.100000 0.000000 0.000000
vn -0.100000 0.000000 0.000000
vn -0.100000 0.000000 0.000000
vn -0.100000 0.000000 0.000000
vn -0.100000 0.000000 0.000000
vn -0.100000 0.000000 0.000000
vn -0.100000 0.000000 0.000000
vn -0.100000 0.000000 0.000000
vn -0.100000 0.000000 0.000000
vn -0.100000 0.000000 0.000000
vn -0.100000 0.000000 0.000000
vn -0.100000 0.000000 0.000000
vn -0.100000 0.000000 0.000000
vn -0.100000 0.000000 0.000000
vn -0.100000 0.000000 0.000000
vn -0.100000 0.000000 0.000000
vn -0.100000 0.000000 0.000000
vn -0.100000 0.000000 0.000000
vn -0.100000 0.000000 0.000000
vn -0.100000 0.000000 0.000000
vn -0.100000 0.000000 0.000000
vn -0.100000 0.000000 0.000000
vn -0.100000 0.000000 0.000000
vn -0.100000 0.000000 0.000000
vn -0.100000 0.000000 0.000000
vn -0.100000 0.000000 0.000000
vn -0.100000 0.000000 0.000000
vn -0.100000 0.000000 0.000000
vn -0.100000 0.000000 0.000000
vn -0.100000 0.000000 0.000000
vn -0.100000 0.000000 0.000000
vn -0.100000 0.000000 0.000000
vn -0.100000 0.000000 0.000000
vn -0.100000 0.000000 0.000000
vn -0.100000 0.000000 0.000000
vn -0.100000 0.000000 0.000000
vn -0.100000 0.000000 0.000000
vn -0.100000 0.000000 0.000000
vn -0.100000 0.000000 0.000000
vn -0.100000 0.000000 0.000000
vn -0.100000 0.000000 0.000000
vn -0.100000 0.000000 0.000000
vn -0.100000 0.000000 0.000000
vn -0.100000 0.000000 0.000000
vn -0.100000 0.000000 0.000000
vn -0.100000 0.000000 0.000000
vn -0.100000 0.000000 0.000000
vn -0.100000 0.000000 0.000000
vn -0.100000 0.000000 0.000000
vn -0.100000 0.000000 0.000000
vn -0.100000 0.000000 0.000000
vn -0.100000 0.000000 0.000000
vn -0.100000 0.000000 0.000000
vn -0.100000 0.000000 0.000000
vn -0.100000 0.000000 0.000000
vn -0.100000 0.000000 0.000000
vn -0.100000 0.000000 0.000000
vn -0.100000 0.000000 0.000000
vn -0.100000 0.000000 0.000000
vn -0.100000 0.000000 0.000000
vn -0.100000 0.000000 0.000000
vn -0.100000 0.000000 0.000000
vn -0.100000 0.000000 0.000000
vn -0.100000 0.000000 0.000000
vn -0.100000 0.000000 0.000000
vn -0.100000 0.000000 0.000000
vn -0.100000 0.000000 0.000000
vn 0.000000 -0.099995 -0.001022
vn 0.000000 -0.099995 -0.001022
vn 0.000000 -0.099608 0.008847
vn 0.000000 -0.099608 0.008847
vn 0.000000 -0.098249 0.018631
vn 0.000000 -0.098249 0.018631
vn 0.000000 -0.095932 0.028233
vn 0.000000 -0.095932 0.028233
vn 0.000000 -0.092679 0.037559
vn 0.000000 -0.092679 0.037559
vn 0.000000 -0.088521 0.046519
vn 0.000000 -0.088521 0.046519
vn 0.000000 -0.083500 0.055025
vn 0.000000 -0.083500 0.055025
vn 0.000000 -0.077665 0.062994
vn 0.000000 -0.077665 0.062994
vn 0.000000 -0.071071 0.070348
vn 0.000000 -0.071071 0.070348
vn 0.000000 -0.063784 0.077017
vn 0.000000 -0.063784 0.077017
vn 0.000000 -0.055875 0.082933
vn 0.000000 -0.055875 0.082933
vn 0.000000 -0.047421 0.088041
vn 0.000000 -0.047421 0.088041
vn 0.000000 -0.038504 0.092290
vn 0.000000 -0.038504 0.092290
vn 0.000000 -0.029212 0.095638
vn 0.000000 -0.029212 0.095638
vn 0.000000 -0.019634 0.098054
vn 0.000000 -0.019634 0.098054
vn 0.000000 -0.009865 0.099512
vn 0.000000 -0.009865 0.099512
vn 0.000000 -0.000000 0.100000
vn 0.000000 -0.000000 0.100000
vn 0.000000 0.009865 0.099512
vn 0.000000 0.009865 0.099512
vn 0.000000 0.019634 0.098054
vn 0.000000 0.019634 0.098054
vn 0.000000 0.029212 0.095638
vn 0.000000 0.029212 0.095638
vn 0.000000 0.038504 0.092290
vn 0.000000 0.038504 0.092290
vn 0.000000 0.047421 0.088041
vn 0.000000 0.047421 0.088041
vn 0.000000 0.055875 0.082933
vn 0.000000 0.055875 0.082933
vn 0.000000 0.063784 0.077017
vn 0.000000 0.063784 0.077017
vn 0.000000 0.071071 0.070348
vn 0.000000 0.071071 0.070348
vn 0.000000 0.077665 0.062994
vn 0.000000 0.077665 0.062994
vn 0.000000 0.083500 0.055025
vn 0.000000 0.083500 0.055025
vn 0.000000 0.088521 0.046519
vn 0.000000 0.088521 0.046519
vn 0.000000 0.092679 0.037559
vn 0.000000 0.092679 0.037559
vn 0.000000 0.095932 0.028233
vn 0.000000 0.095932 0.028233
vn 0.000000 0.098249 0.018631
vn 0.000000 0.098249 0.018631
vn 0.000000 0.099608 0.008847
vn 0.000000 0.099608 0.008847
vn 0.000000 0.099995 -0.001022
vn 0.000000 0.099995 -0.001022
vn -0.100000 0.000000 0.000000
vn -0.100000 0.000000 0.000000
vn -0.100000 0.000000 0.000000
vn -0.100000 0.000000 0.000000
vn -0.100000 0.000000 0.000000
vn -0.100000 0.000000 0.000000
vn -0.100000 0.000000 0.000000
vn -0.100000 0.000000 0.000000
vn -0.100000 0.000000 0.000000
vn -0.100000 0.000000 0.000000
vn -0.100000 0.000000 0.000000
vn -0.100000 0.000000 0.000000
vn -0.100000 0.000000 0.000000
vn -0.100000 0.000000 0.000000
vn -0.100000 0.000000 0.000000
vn -0.100000 0.000000 0.000000
vn -0.100000 0.000000 0.000000
vn -0.100000 0.000000 0.000000
vn -0.100000 0.000000 0.000000
vn -0.100000 0.000000 0.000000
vn -0.100000 0.000000 0.000000
vn -0.100000 0.000000 0.000000
vn -0.100000 0.000000 0.000000
vn -0.100000 0.000000 0.000000
vn -0.100000 0.000000 0.000000
vn -0.100000 0.000000 0.000000
vn -0.100000 0.000000 0.000000
vn -0.100000 0.000000 0.000000
vn -0.100000 0.000000 0.000000
vn -0.100000 0.000000 0.000000
vn -0.100000 0.000000 0.000000
vn -0.100000 0.000000 0.000000
vn -0.100000 0.000000 0.000000
vn -0.100000 0.000000 0.000000
vn -0.100000 0.000000 0.000000
vn -0.100000 0.000000 0.000000
vn -0.100000 0.000000 0.000000
vn -0.100000 0.000000 0.000000
vn -0.100000 0.000000 0.000000
vn -0.100000 0.000000 0.000000
vn -0.100000 0.000000 0.000000
vn -0.100000 0.000000 0.000000
vn -0.100000 0.000000 0.000000
vn -0.100000 0.000000 0.000000
vn -0.100000 0.000000 0.000000
vn -0.100000 0.000000 0.000000
vn -0.100000 0.000000 0.000000
vn -0.100000 0.000000 0.000000
vn -0.100000 0.000000 0.000000
vn -0.100000 0.000000 0.000000
vn -0.100000 0.000000 0.000000
vn -0.100000 0.000000 0.000000
vn -0.100000 0.000000 0.000000
vn -0.100000 0.000000 0.000000
vn -0.100000 0.000000 0.000000
vn -0.100000 0.000000 0.000000
vn -0.100000 0.000000 0.000000
vn -0.100000 0.000000 0.000000
vn -0.100000 0.000000 0.000000
vn -0.100000 0.000000 0.000000
vn -0.100000 0.000000 0.000000
vn -0.100000 0.000000 0.000000
vn -0.100000 0.000000 0.000000
vn -0.100000 0.000000 0.000000
vn -0.100000 0.000000 0.000000
vn 0.000000 -0.099993 -0.001152
vn 0.000000 -0.099993 -0.001152
vn 0.000000 -0.099590 0.009044
vn 0.000000 -0.099590 0.009044
vn 0.000000 -0.098150 0.019146
vn 0.000000 -0.098150 0.019146
vn 0.000000 -0.095688 0.029049
vn 0.000000 -0.095688 0.029049
vn 0.000000 -0.092229 0.038649
vn 0.000000 -0.092229 0.038649
vn 0.000000 -0.087811 0.047846
vn 0.000000 -0.087811 0.047846
vn 0.000000 -0.082478 0.056546
vn 0.000000 -0.082478 0.056546
vn 0.000000 -0.076286 0.064657
vn 0.000000 -0.076286 0.064657
vn 0.000000 -0.069300 0.072094
vn 0.000000 -0.069300 0.072094
vn 0.000000 -0.061592 0.078781
vn 0.000000 -0.061592 0.078781
vn 0.000000 -0.053243 0.084647
vn 0.000000 -0.053243 0.084647
vn 0.000000 -0.044339 0.089633
vn 0.000000 -0.044339 0.089633
vn 0.000000 -0.034974 0.093685
vn 0.000000 -0.034974 0.093685
vn 0.000000 -0.025245 0.096761
vn 0.000000 -0.025245 0.096761
vn 0.000000 -0.015253 0.098830
vn 0.000000 -0.015253 0.098830
vn 0.000000 -0.005102 0.099870
vn 0.000000 -0.005102 0.099870
vn 0.000000 0.005102 0.099870
vn 0.000000 0.005102 0.099870
vn 0.000000 0.015253 0.098830
vn 0.000000 0.015253 0.098830
vn 0.000000 0.025245 0.096761
vn 0.000000 0.025245 0.096761
vn 0.000000 0.034974 0.093685
vn 0.000000 0.034974 0.093685
vn 0.000000 0.044339 0.089633
vn 0.000000 0.044339 0.089633
vn 0.000000 0.053243 0.084647
vn 0.000000 0.053243 0.084647
vn 0.000000 0.061592 0.078781
vn 0.000000 0.061592 0.078781
vn 0.000000 0.069300 0.072094
vn 0.000000 0.069300 0.072094
vn 0.000000 0.076286 0.064657
vn 0.000000 0.076286 0.064657
vn 0.000000 0.082478 0.056546
vn 0.000000 0.082478 0.056546
vn 0.000000 0.087811 0.047846
vn 0.000000 0.087811 0.047846
vn 0.000000 0.092229 0.038649
vn 0.000000 0.092229 0.038649
vn 0.000000 0.095688 0.029049
vn 0.000000 0.095688 0.029049
vn 0.000000 0.098150 0.019146
vn 0.000000 0.098150 0.019146
vn 0.000000 0.099590 0.009044
vn 0.000000 0.099590 0.009044
vn 0.000000 0.099993 -0.001152
vn 0.000000 0.099993 -0.001152
vn 0.000000 0.000000 0.100000
vn 0.000000 0.000000 0.100000
vn 0.000000 0.000000 0.100000
vn 0.000000 0.000000 0.100000
vn 0.000000 0.000000 0.100000
vn 0.000000 0.000000 0.100000
vn 0.000000 0.000000 0.100000
vn 0.000000 0.000000 0.100000
vn 0.000000 0.000000 0.100000
vn 0.000000 0.000000 0.100000
vn 0.000000 0.000000 0.100000
vn 0.000000 0.000000 0.100000
vn 0.000000 0.000000 0.100000
vn 0.000000 0.000000 0.100000
vn 0.000000 0.000000 0.100000
vn 0.000000 0.000000 0.100000
vn 0.000000 0.000000 0.100000
vn 0.000000 0.000000 0.100000
vn 0.000000 0.000000 0.100000
vn 0.000000 0.000000 0.100000
vn 0.000000 0.000000 0.100000
vn 0.000000 0.000000 0.100000
vn 0.000000 0.000000 0.100000
vn 0.000000 0.000000 0.100000
vn 0.000000 0.000000 0.100000
vn 0.000000 0.000000 0.100000
vn 0.000000 0.000000 0.100000
vn 0.000000 0.000000 0.100000
vn 0.000000 0.000000 0.100000
vn 0.000000 0.000000 0.100000
vn 0.000000 0.000000 0.100000
vn 0.000000 0.000000 0.100000
vn 0.000000 0.000000 0.100000
vn 0.000000 0.000000 0.100000
vn 0.000000 0.000000 0.100000
vn 0.000000 0.000000 0.100000
vn 0.000000 0.000000 0.100000
vn 0.000000 0.000000 0.100000
vn 0.000000 0.000000 0.100000
vn 0.000000 0.000000 0.100000
vn 0.000000 0.000000 0.100000
vn 0.000000 0.000000 0.100000
vn 0.000000 0.000000 0.100000
vn 0.000000 0.000000 0.100000
vn 0.000000 0.000000 0.100000
vn 0.000000 0.000000 0.100000
vn 0.000000 0.000000 0.100000
vn 0.000000 0.000000 0.100000
vn 0.000000 0.000000 0.100000
vn 0.000000 0.000000 0.100000
vn 0.000000 0.000000 0.100000
vn 0.000000 0.000000 0.100000
vn 0.000000 0.000000 0.100000
vn 0.000000 0.000000 0.100000
vn 0.000000 0.000000 0.100000
vn 0.000000 0.000000 0.100000
vn 0.000000 0.000000 0.100000
vn 0.000000 0.000000 0.100000
vn 0.000000 0.000000 0.100000
vn 0.000000 0.000000 0.100000
vn 0.000000 0.000000 0.100000
vn 0.000000 0.000000 0.100000
vn 0.000000 0.000000 0.100000
vn 0.000000 0.000000 0.100000
vn 0.000000 0.000000 0.100000
vn 0.000000 0.000000 0.100000
vn 0.000000 0.000000 0.100000
vn 0.000000 0.000000 0.100000
vn 0.000000 0.000000 0.100000
vn 0.000000 0.000000 0.100000
vn 0.000000 0.000000 0.100000
vn 0.000000 0.000000 0.100000
vn 0.000000 0.000000 0.100000
vn 0.000000 0.000000 0.100000
vn 0.000000 0.000000 0.100000
vn 0.000000 0.000000 0.100000
vn 0.000000 0.000000 0.100000
vn 0.000000 0.000000 0.100000
vn 0.000000 0.000000 0.100000
vn 0.000000 0.000000 0.100000
vn 0.000000 0.000000 0.100000
vn 0.000000 0.000000 0.100000
vn 0.000000 0.000000 0.100000
vn 0.000000 0.000000 0.100000
vn 0.000000 0.000000 0.100000
vn 0.000000 0.000000 0.100000
vn 0.000000 0.000000 0.100000
vn 0.000000 0.000000 0.100000
vn 0.000000 0.000000 -0.100000
vn 0.000000 0.000000 -0.100000
vn 0.000000 0.000000 -0.100000
vn 0.000000 0.000000 -0.100000
vn -0.000000 0.100000 -0.000000
vn -0.000000 0.100000 -0.000000
vn -0.000000 0.100000 -0.000000
vn -0.000000 0.100000 -0.000000
vn -0.100000 0.000000 -0.000000
vn -0.100000 0.000000 -0.000000
vn -0.100000 0.000000 -0.000000
vn -0.100000 0.000000 -0.000000
vn 0.000000 0.000000 0.100000
vn 0.000000 0.000000 0.100000
vn 0.000000 0.000000 0.100000
vn 0.000000 0.000000 0.100000
vn 0.100000 0.000000 0.000000
vn 0.100000 0.000000 0.000000
vn 0.100000 0.000000 0.000000
vn 0.100000 0.000000 0.000000
vn 0.000000 -0.100000 0.000000
vn 0.000000 -0.100000 0.000000
vn 0.000000 -0.100000 0.000000
vn 0.000000 -0.100000 0.000000
vn 0.000000 0.000000 -0.100000
vn 0.000000 0.000000 -0.100000
vn 0.000000 0.000000 -0.100000
vn 0.000000 0.000000 -0.100000
vn 0.100000 0.000000 0.000000
vn 0.100000 0.000000 0.000000
vn 0.100000 0.000000 0.000000
vn 0.100000 0.000000 0.000000
vn 0.000000 0.100000 0.000000
vn 0.000000 0.100000 0.000000
vn 0.000000 0.100000 0.000000
vn 0.000000 0.100000 0.000000
vn 0.000000 0.000000 0.100000
vn 0.000000 0.000000 0.100000
vn 0.000000 0.000000 0.100000
vn 0.000000 0.000000 0.100000
vn 0.000000 -0.100000 0.000000
vn 0.000000 -0.100000 0.000000
vn 0.000000 -0.100000 0.000000
vn 0.000000 -0.100000 0.000000
vn -0.100000 0.000000 0.000000
vn -0.100000 0.000000 0.000000
vn -0.100000 0.000000 0.000000
vn -0.100000 0.000000 0.000000
vn 0.000000 0.000000 -0.100000
vn 0.000000 0.000000 -0.100000
vn 0.000000 0.000000 -0.100000
vn 0.000000 0.000000 -0.100000
vn -0.000000 0.100000 -0.000000
vn -0.000000 0.100000 -0.000000
vn -0.000000 0.100000 -0.000000
vn -0.000000 0.100000 -0.000000
vn -0.100000 0.000000 -0.000000
vn -0.100000 0.000000 -0.000000
vn -0.100000 0.000000 -0.000000
vn -0.100000 0.000000 -0.000000
vn 0.000000 0.000000 0.100000
vn 0.000000 0.000000 0.100000
vn 0.000000 0.000000 0.100000
vn 0.000000 0.000000 0.100000
vn 0.100000 0.000000 0.000000
vn 0.100000 0.000000 0.000000
vn 0.100000 0.000000 0.000000
vn 0.100000 0.000000 0.000000
vn 0.000000 -0.100000 0.000000
vn 0.000000 -0.100000 0.000000
vn 0.000000 -0.100000 0.000000
vn 0.000000 -0.100000 0.000000
vn 0.000000 -0.100000 0.000000
vn 0.000000 -0.100000 0.000000
vn 0.000000 -0.100000 0.000000
vn 0.000000 -0.100000 0.000000
vn 0.100000 0.000000 0.000000
vn 0.100000 0.000000 0.000000
vn 0.100000 0.000000 0.000000
vn 0.100000 0.000000 0.000000
vn 0.000000 0.000000 0.100000
vn 0.000000 0.000000 0.100000
vn 0.000000 0.000000 0.100000
vn 0.000000 0.000000 0.100000
vn -0.100000 0.000000 -0.000000
vn -0.100000 0.000000 -0.000000
vn -0.100000 0.000000 -0.000000
vn -0.100000 0.000000 -0.000000
vn -0.000000 0.100000 -0.000000
vn -0.000000 0.100000 -0.000000
vn -0.000000 0.100000 -0.000000
vn -0.000000 0.100000 -0.000000
vn 0.000000 0.000000 -0.100000
vn 0.000000 0.000000 -0.100000
vn 0.000000 0.000000 -0.100000
vn 0.000000 0.000000 -0.100000
vn -0.100000 0.000000 0.000000
vn -0.100000 0.000000 0.000000
vn -0.100000 0.000000 0.000000
vn -0.100000 0.000000 0.000000
vn 0.000000 -0.100000 0.000000
vn 0.000000 -0.100000 0.000000
vn 0.000000 -0.100000 0.000000
vn 0.000000 -0.100000 0.000000
vn 0.000000 0.000000 0.100000
vn 0.000000 0.000000 0.100000
vn 0.000000 0.000000 0.100000
vn 0.000000 0.000000 0.100000
vn 0.000000 0.100000 0.000000
vn 0.000000 0.100000 0.000000
vn 0.000000 0.100000 0.000000
vn 0.000000 0.100000 0.000000
vn 0.100000 0.000000 0.000000
vn 0.100000 0.000000 0.000000
vn 0.100000 0.000000 0.000000
vn 0.100000 0.000000 0.000000
vn 0.000000 0.000000 -0.100000
vn 0.000000 0.000000 -0.100000
vn 0.000000 0.000000 -0.100000
vn 0.000000 0.000000 -0.100000
vn 0.000000 -0.100000 0.000000
vn 0.000000 -0.100000 0.000000
vn 0.000000 -0.100000 0.000000
vn 0.000000 -0.100000 0.000000
vn 0.100000 0.000000 0.000000
vn 0.100000 0.000000 0.000000
vn 0.100000 0.000000 0.000000
vn 0.100000 0.000000 0.000000
vn 0.000000 0.000000 0.100000
vn 0.000000 0.000000 0.100000
vn 0.000000 0.000000 0.100000
vn 0.000000 0.000000 0.100000
vn -0.100000 0.000000 -0.000000
vn -0.100000 0.000000 -0.000000
vn -0.100000 0.000000 -0.000000
vn -0.100000 0.000000 -0.000000
vn -0.000000 0.100000 -0.000000
vn -0.000000 0.100000 -0.000000
vn -0.000000 0.100000 -0.000000
vn -0.000000 0.100000 -0.000000
vn 0.000000 0.000000 -0.100000
vn 0.000000 0.000000 -0.100000
vn 0.000000 0.000000 -0.100000
vn 0.000000 0.000000 -0.100000
usemtl Steel_-_Satin
f 1/1/1 2/2/2 4/3/3
f 4/3/3 2/2/2 3/4/4
f 5/5/5 6/6/6 8/7/7
f 8/7/7 6/6/6 7/8/8
f 9/9/9 5/10/10 10/11/11
f 10/11/11 5/10/10 8/12/12
f 6/13/13 11/14/14 7/15/15
f 7/15/15 11/14/14 12/16/16
f 12/17/17 10/18/18 7/19/19
f 7/19/19 10/18/18 8/20/20
f 13/21/21 14/22/22 16/23/23
f 16/23/23 14/22/22 15/24/24
f 17/25/25 18/26/26 23/27/27
f 23/27/27 18/26/26 19/28/28
f 23/27/27 19/28/28 20/29/29
f 21/30/30 22/31/31 20/29/29
f 20/29/29 22/31/31 23/27/27
f 20/32/32 24/33/33 21/34/34
f 21/34/34 24/33/33 25/35/35
f 2/36/36 23/37/37 3/38/38
f 3/38/38 23/37/37 22/39/39
f 4/40/40 3/41/41 26/42/42
f 26/42/42 3/41/41 22/43/43
f 26/42/42 22/43/43 21/44/44
f 21/44/44 25/45/45 26/42/42
f 26/46/46 56/47/47 4/48/48
f 4/48/48 56/47/47 57/49/49
f 4/48/48 57/49/49 58/50/50
f 27/51/51 53/52/52 26/46/46
f 26/46/46 53/52/52 54/53/53
f 26/46/46 54/53/53 55/54/54
f 28/55/55 37/56/56 27/51/51
f 27/51/51 37/56/56 38/57/57
f 27/51/51 38/57/57 51/58/58
f 51/58/58 38/57/57 50/59/59
f 50/59/59 38/57/57 39/60/60
f 50/59/59 39/60/60 49/61/61
f 49/61/61 39/60/60 40/62/62
f 49/61/61 40/62/62 48/63/63
f 48/63/63 40/62/62 41/64/64
f 48/63/63 41/64/64 12/65/65
f 12/65/65 41/64/64 10/66/66
f 10/66/66 41/64/64 42/67/67
f 10/66/66 42/67/67 43/68/68
f 29/69/69 35/70/70 28/55/55
f 28/55/55 35/70/70 36/71/71
f 28/55/55 36/71/71 37/56/56
f 35/70/70 29/69/69 34/72/72
f 34/72/72 29/69/69 15/73/73
f 34/72/72 15/73/73 33/74/74
f 33/74/74 15/73/73 32/75/75
f 32/75/75 15/73/73 31/76/76
f 31/76/76 15/73/73 30/77/77
f 30/77/77 15/73/73 14/78/78
f 43/68/68 44/79/79 10/66/66
f 10/66/66 44/79/79 9/80/80
f 11/81/81 45/82/82 12/65/65
f 12/65/65 45/82/82 46/83/83
f 12/65/65 46/83/83 47/84/84
f 47/84/84 48/63/63 12/65/65
f 51/58/58 52/85/85 27/51/51
f 27/51/51 52/85/85 53/52/52
f 55/54/54 56/47/47 26/46/46
f 58/50/50 59/86/86 4/48/48
f 4/48/48 59/86/86 1/87/87
f 25/88/88 61/89/89 26/90/90
f 26/90/90 61/89/89 62/91/91
f 26/90/90 62/91/91 63/92/92
f 24/93/93 60/94/94 25/88/88
f 25/88/88 60/94/94 61/89/89
f 63/92/92 64/95/95 26/90/90
f 26/90/90 64/95/95 65/96/96
f 26/90/90 65/96/96 66/97/97
f 66/97/97 67/98/98 26/90/90
f 26/90/90 67/98/98 68/99/99
f 26/90/90 68/99/99 69/100/100
f 69/100/100 70/101/101 26/90/90
f 26/90/90 70/101/101 71/102/102
f 26/90/90 71/102/102 27/103/103
f 27/103/103 71/102/102 72/104/104
f 27/103/103 72/104/104 73/105/105
f 73/105/105 74/106/106 27/103/103
f 27/103/103 74/106/106 75/107/107
f 27/103/103 75/107/107 76/108/108
f 76/108/108 77/109/109 27/103/103
f 27/103/103 77/109/109 133/110/110
f 133/110/110 77/109/109 112/111/111
f 133/110/110 112/111/111 113/112/112
f 112/111/111 77/109/109 111/113/113
f 111/113/113 77/109/109 78/114/114
f 111/113/113 78/114/114 110/115/115
f 110/115/115 78/114/114 79/116/116
f 110/115/115 79/116/116 109/117/117
f 109/117/117 79/116/116 80/118/118
f 109/117/117 80/118/118 108/119/119
f 108/119/119 80/118/118 81/120/120
f 108/119/119 81/120/120 107/121/121
f 107/121/121 81/120/120 82/122/122
f 107/121/121 82/122/122 106/123/123
f 106/123/123 82/122/122 83/124/124
f 106/123/123 83/124/124 105/125/125
f 105/125/125 83/124/124 84/126/126
f 105/125/125 84/126/126 104/127/127
f 104/127/127 84/126/126 85/128/128
f 104/127/127 85/128/128 103/129/129
f 103/129/129 85/128/128 86/130/130
f 103/129/129 86/130/130 102/131/131
f 102/131/131 86/130/130 87/132/132
f 102/131/131 87/132/132 101/133/133
f 101/133/133 87/132/132 88/134/134
f 101/133/133 88/134/134 100/135/135
f 100/135/135 88/134/134 89/136/136
f 100/135/135 89/136/136 99/137/137
f 99/137/137 89/136/136 90/138/138
f 99/137/137 90/138/138 98/139/139
f 98/139/139 90/138/138 91/140/140
f 98/139/139 91/140/140 95/141/141
f 95/141/141 91/140/140 94/142/142
f 94/142/142 91/140/140 92/143/143
f 94/142/142 92/143/143 93/144/144
f 96/145/145 97/146/146 95/141/141
f 95/141/141 97/146/146 98/139/139
f 113/112/112 114/147/147 133/110/110
f 133/110/110 114/147/147 115/148/148
f 133/110/110 115/148/148 116/149/149
f 116/149/149 117/150/150 133/110/110
f 133/110/110 117/150/150 118/151/151
f 133/110/110 118/151/151 119/152/152
f 133/110/110 119/152/152 132/153/153
f 132/153/153 119/152/152 120/154/154
f 132/153/153 120/154/154 121/155/155
f 121/155/155 122/156/156 132/153/153
f 132/153/153 122/156/156 123/157/157
f 132/153/153 123/157/157 124/158/158
f 124/158/158 125/159/159 132/153/153
f 132/153/153 125/159/159 126/160/160
f 132/153/153 126/160/160 127/161/161
f 127/161/161 128/162/162 132/153/153
f 132/153/153 128/162/162 131/163/163
f 131/163/163 128/162/162 129/164/164
f 131/163/163 129/164/164 130/165/165
f 134/166/166 13/167/167 135/168/168
f 135/168/168 13/167/167 16/169/169
f 137/170/170 134/171/171 136/172/172
f 136/172/172 134/171/171 135/173/173
f 136/172/172 135/173/173 140/174/174
f 137/170/170 138/175/175 134/171/171
f 134/171/171 138/175/175 139/176/176
f 141/177/177 136/178/178 142/179/179
f 142/179/179 136/178/178 140/180/180
f 142/181/181 140/182/182 29/183/183
f 29/183/183 140/182/182 135/184/184
f 29/183/183 135/184/184 16/185/185
f 16/185/185 15/186/186 29/183/183
f 139/187/187 138/188/188 216/189/189
f 216/189/189 138/188/188 137/190/190
f 216/189/189 137/190/190 136/191/191
f 216/189/189 136/191/191 215/192/192
f 215/192/192 136/191/191 141/193/193
f 215/192/192 141/193/193 143/194/194
f 215/192/192 143/194/194 214/195/195
f 214/195/195 143/194/194 144/196/196
f 214/195/195 144/196/196 213/197/197
f 213/197/197 144/196/196 145/198/198
f 213/197/197 145/198/198 212/199/199
f 212/199/199 145/198/198 146/200/200
f 212/199/199 146/200/200 211/201/201
f 211/201/201 146/200/200 147/202/202
f 211/201/201 147/202/202 210/203/203
f 210/203/203 147/202/202 148/204/204
f 210/203/203 148/204/204 209/205/205
f 209/205/205 148/204/204 149/206/206
f 209/205/205 149/206/206 208/207/207
f 208/207/207 149/206/206 150/208/208
f 208/207/207 150/208/208 207/209/209
f 207/209/209 150/208/208 151/210/210
f 207/209/209 151/210/210 206/211/211
f 206/211/211 151/210/210 152/212/212
f 206/211/211 152/212/212 205/213/213
f 205/213/213 152/212/212 153/214/214
f 205/213/213 153/214/214 204/215/215
f 204/215/215 153/214/214 154/216/216
f 204/215/215 154/216/216 203/217/217
f 203/217/217 154/216/216 155/218/218
f 203/217/217 155/218/218 202/219/219
f 202/219/219 155/218/218 156/220/220
f 202/219/219 156/220/220 201/221/221
f 201/221/221 156/220/220 157/222/222
f 201/221/221 157/222/222 200/223/223
f 200/223/223 157/222/222 158/224/224
f 200/223/223 158/224/224 199/225/225
f 199/225/225 158/224/224 159/226/226
f 199/225/225 159/226/226 198/227/227
f 198/227/227 159/226/226 160/228/228
f 198/227/227 160/228/228 197/229/229
f 197/229/229 160/228/228 161/230/230
f 197/229/229 161/230/230 196/231/231
f 196/231/231 161/230/230 162/232/232
f 196/231/231 162/232/232 195/233/233
f 195/233/233 162/232/232 163/234/234
f 195/233/233 163/234/234 194/235/235
f 194/235/235 163/234/234 164/236/236
f 194/235/235 164/236/236 193/237/237
f 193/237/237 164/236/236 165/238/238
f 193/237/237 165/238/238 192/239/239
f 192/239/239 165/238/238 166/240/240
f 192/239/239 166/240/240 191/241/241
f 191/241/241 166/240/240 167/242/242
f 191/241/241 167/242/242 190/243/243
f 190/243/243 167/242/242 168/244/244
f 190/243/243 168/244/244 189/245/245
f 189/245/245 168/244/244 169/246/246
f 189/245/245 169/246/246 188/247/247
f 188/247/247 169/246/246 170/248/248
f 188/247/247 170/248/248 187/249/249
f 187/249/249 170/248/248 171/250/250
f 187/249/249 171/250/250 186/251/251
f 186/251/251 171/250/250 172/252/252
f 186/251/251 172/252/252 185/253/253
f 185/253/253 172/252/252 173/254/254
f 185/253/253 173/254/254 184/255/255
f 184/255/255 173/254/254 174/256/256
f 184/255/255 174/256/256 183/257/257
f 183/257/257 174/256/256 175/258/258
f 183/257/257 175/258/258 182/259/259
f 182/259/259 175/258/258 176/260/260
f 182/259/259 176/260/260 177/261/261
f 182/259/259 177/261/261 181/262/262
f 181/262/262 177/261/261 178/263/263
f 181/262/262 178/263/263 179/264/264
f 179/264/264 180/265/265 181/262/262
f 218/266/266 178/267/267 217/268/268
f 217/268/268 178/267/267 177/269/269
f 217/268/268 177/269/269 222/270/270
f 222/270/270 177/269/269 221/271/271
f 178/267/267 218/266/266 179/272/272
f 179/272/272 218/266/266 219/273/273
f 179/272/272 219/273/273 180/274/274
f 180/274/274 219/273/273 220/275/275
f 177/276/276 176/277/277 221/278/278
f 221/278/278 176/277/277 223/279/279
f 224/280/280 217/281/281 225/282/282
f 225/282/282 217/281/281 222/283/283
f 221/284/284 223/285/285 222/286/286
f 222/286/286 223/285/285 225/287/287
f 29/288/288 144/289/289 142/290/290
f 142/290/290 144/289/289 143/291/291
f 142/290/290 143/291/291 141/292/292
f 28/293/293 154/294/294 29/288/288
f 29/288/288 154/294/294 153/295/295
f 29/288/288 153/295/295 152/296/296
f 226/297/297 160/298/298 28/293/293
f 28/293/293 160/298/298 159/299/299
f 28/293/293 159/299/299 158/300/300
f 227/301/301 240/302/302 226/297/297
f 226/297/297 240/302/302 241/303/303
f 226/297/297 241/303/303 242/304/304
f 228/305/305 231/306/306 227/301/301
f 227/301/301 231/306/306 232/307/307
f 227/301/301 232/307/307 233/308/308
f 229/309/309 230/310/310 228/305/305
f 228/305/305 230/310/310 231/306/306
f 233/308/308 234/311/311 227/301/301
f 227/301/301 234/311/311 235/312/312
f 227/301/301 235/312/312 236/313/313
f 236/313/313 237/314/314 227/301/301
f 227/301/301 237/314/314 238/315/315
f 227/301/301 238/315/315 239/316/316
f 239/316/316 240/302/302 227/301/301
f 242/304/304 243/317/317 226/297/297
f 226/297/297 243/317/317 244/318/318
f 226/297/297 244/318/318 245/319/319
f 245/319/319 246/320/320 226/297/297
f 226/297/297 246/320/320 247/321/321
f 226/297/297 247/321/321 160/298/298
f 160/298/298 247/321/321 161/322/322
f 161/322/322 247/321/321 248/323/323
f 161/322/322 248/323/323 162/324/324
f 162/324/324 248/323/323 249/325/325
f 162/324/324 249/325/325 163/326/326
f 163/326/326 249/325/325 250/327/327
f 163/326/326 250/327/327 164/328/328
f 164/328/328 250/327/327 251/329/329
f 164/328/328 251/329/329 165/330/330
f 165/330/330 251/329/329 252/331/331
f 165/330/330 252/331/331 166/332/332
f 166/332/332 252/331/331 253/333/333
f 166/332/332 253/333/333 167/334/334
f 167/334/334 253/333/333 254/335/335
f 167/334/334 254/335/335 168/336/336
f 168/336/336 254/335/335 255/337/337
f 168/336/336 255/337/337 169/338/338
f 169/338/338 255/337/337 256/339/339
f 169/338/338 256/339/339 170/340/340
f 170/340/340 256/339/339 257/341/341
f 170/340/340 257/341/341 171/342/342
f 171/342/342 257/341/341 258/343/343
f 171/342/342 258/343/343 172/344/344
f 172/344/344 258/343/343 259/345/345
f 172/344/344 259/345/345 173/346/346
f 173/346/346 259/345/345 260/347/347
f 173/346/346 260/347/347 174/348/348
f 174/348/348 260/347/347 261/349/349
f 174/348/348 261/349/349 223/350/350
f 223/350/350 261/349/349 225/351/351
f 225/351/351 261/349/349 262/352/352
f 225/351/351 262/352/352 224/353/353
f 176/354/354 175/355/355 223/350/350
f 223/350/350 175/355/355 174/348/348
f 158/300/300 157/356/356 28/293/293
f 28/293/293 157/356/356 156/357/357
f 28/293/293 156/357/357 155/358/358
f 155/358/358 154/294/294 28/293/293
f 152/296/296 151/359/359 29/288/288
f 29/288/288 151/359/359 150/360/360
f 29/288/288 150/360/360 149/361/361
f 149/361/361 148/362/362 29/288/288
f 29/288/288 148/362/362 147/363/363
f 29/288/288 147/363/363 146/364/364
f 146/364/364 145/365/365 29/288/288
f 29/288/288 145/365/365 144/289/289
f 263/366/366 96/367/367 264/368/368
f 264/368/368 96/367/367 95/369/369
f 272/370/370 265/371/371 271/372/372
f 271/372/372 265/371/371 266/373/373
f 271/372/372 266/373/373 270/374/374
f 270/374/374 266/373/373 267/375/375
f 270/374/374 267/375/375 269/376/376
f 269/376/376 267/375/375 263/377/377
f 269/376/376 263/377/377 268/378/378
f 268/378/378 263/377/377 264/379/379
f 93/380/380 269/381/381 94/382/382
f 94/382/382 269/381/381 268/383/383
f 94/384/384 268/385/385 95/386/386
f 95/386/386 268/385/385 264/387/387
f 19/388/388 273/389/389 20/390/390
f 20/390/390 273/389/389 274/391/391
f 20/390/390 274/391/391 24/392/392
f 24/392/392 274/391/391 60/393/393
f 60/393/393 274/391/391 275/394/394
f 60/393/393 275/394/394 61/395/395
f 61/395/395 275/394/394 276/396/396
f 61/395/395 276/396/396 62/397/397
f 62/397/397 276/396/396 277/398/398
f 62/397/397 277/398/398 63/399/399
f 63/399/399 277/398/398 278/400/400
f 63/399/399 278/400/400 64/401/401
f 64/401/401 278/400/400 279/402/402
f 64/401/401 279/402/402 65/403/403
f 65/403/403 279/402/402 280/404/404
f 65/403/403 280/404/404 66/405/405
f 66/405/405 280/404/404 281/406/406
f 66/405/405 281/406/406 67/407/407
f 67/407/407 281/406/406 282/408/408
f 67/407/407 282/408/408 68/409/409
f 68/409/409 282/408/408 283/410/410
f 68/409/409 283/410/410 69/411/411
f 69/411/411 283/410/410 284/412/412
f 69/411/411 284/412/412 70/413/413
f 70/413/413 284/412/412 285/414/414
f 70/413/413 285/414/414 71/415/415
f 71/415/415 285/414/414 286/416/416
f 71/415/415 286/416/416 72/417/417
f 72/417/417 286/416/416 287/418/418
f 72/417/417 287/418/418 73/419/419
f 73/419/419 287/418/418 288/420/420
f 73/419/419 288/420/420 74/421/421
f 74/421/421 288/420/420 289/422/422
f 74/421/421 289/422/422 75/423/423
f 75/423/423 289/422/422 290/424/424
f 75/423/423 290/424/424 76/425/425
f 76/425/425 290/424/424 291/426/426
f 76/425/425 291/426/426 77/427/427
f 77/427/427 291/426/426 292/428/428
f 77/427/427 292/428/428 78/429/429
f 78/429/429 292/428/428 293/430/430
f 78/429/429 293/430/430 79/431/431
f 79/431/431 293/430/430 294/432/432
f 79/431/431 294/432/432 80/433/433
f 80/433/433 294/432/432 295/434/434
f 80/433/433 295/434/434 81/435/435
f 81/435/435 295/434/434 296/436/436
f 81/435/435 296/436/436 82/437/437
f 82/437/437 296/436/436 297/438/438
f 82/437/437 297/438/438 83/439/439
f 83/439/439 297/438/438 298/440/440
f 83/439/439 298/440/440 84/441/441
f 84/441/441 298/440/440 299/442/442
f 84/441/441 299/442/442 85/443/443
f 85/443/443 299/442/442 300/444/444
f 85/443/443 300/444/444 86/445/445
f 86/445/445 300/444/444 301/446/446
f 86/445/445 301/446/446 87/447/447
f 87/447/447 301/446/446 302/448/448
f 87/447/447 302/448/448 88/449/449
f 88/449/449 302/448/448 303/450/450
f 88/449/449 303/450/450 89/451/451
f 89/451/451 303/450/450 304/452/452
f 89/451/451 304/452/452 90/453/453
f 90/453/453 304/452/452 305/454/454
f 90/453/453 305/454/454 91/455/455
f 91/455/455 305/454/454 306/456/456
f 91/455/455 306/456/456 92/457/457
f 92/457/457 306/456/456 307/458/458
f 92/457/457 307/458/458 93/459/459
f 93/459/459 307/458/458 269/460/460
f 269/460/460 307/458/458 308/461/461
f 269/460/460 308/461/461 270/462/462
f 270/462/462 308/461/461 271/463/463
f 271/463/463 308/461/461 272/464/464
f 19/388/388 18/465/465 273/389/389
f 273/389/389 18/465/465 17/466/466
f 130/467/467 309/468/468 131/469/469
f 131/469/469 309/468/468 310/470/470
f 311/471/471 229/472/472 312/473/473
f 312/473/473 229/472/472 228/474/474
f 313/475/475 314/476/476 316/477/477
f 316/477/477 314/476/476 315/478/478
f 317/479/479 318/480/480 315/481/481
f 315/481/481 318/480/480 316/482/482
f 393/483/483 313/484/484 392/485/485
f 392/485/485 313/484/484 316/486/486
f 392/485/485 316/486/486 391/487/487
f 391/487/487 316/486/486 390/488/488
f 390/488/488 316/486/486 389/489/489
f 389/489/489 316/486/486 318/490/490
f 389/489/489 318/490/490 388/491/491
f 388/491/491 318/490/490 387/492/492
f 387/492/492 318/490/490 386/493/493
f 386/493/493 318/490/490 385/494/494
f 385/494/494 318/490/490 384/495/495
f 384/495/495 318/490/490 383/496/496
f 383/496/496 318/490/490 382/497/497
f 382/497/497 318/490/490 319/498/498
f 382/497/497 319/498/498 381/499/499
f 381/499/499 319/498/498 380/500/500
f 380/500/500 319/498/498 321/501/501
f 380/500/500 321/501/501 379/502/502
f 379/502/502 321/501/501 378/503/503
f 378/503/503 321/501/501 322/504/504
f 378/503/503 322/504/504 377/505/505
f 377/505/505 322/504/504 376/506/506
f 376/506/506 322/504/504 325/507/507
f 376/506/506 325/507/507 347/508/508
f 347/508/508 325/507/507 346/509/509
f 346/509/509 325/507/507 326/510/510
f 346/509/509 326/510/510 345/511/511
f 345/511/511 326/510/510 344/512/512
f 344/512/512 326/510/510 328/513/513
f 344/512/512 328/513/513 343/514/514
f 343/514/514 328/513/513 342/515/515
f 342/515/515 328/513/513 329/516/516
f 342/515/515 329/516/516 341/517/517
f 341/517/517 329/516/516 340/518/518
f 340/518/518 329/516/516 339/519/519
f 339/519/519 329/516/516 338/520/520
f 338/520/520 329/516/516 337/521/521
f 337/521/521 329/516/516 336/522/522
f 336/522/522 329/516/516 335/523/523
f 335/523/523 329/516/516 334/524/524
f 334/524/524 329/516/516 333/525/525
f 333/525/525 329/516/516 332/526/526
f 332/526/526 329/516/516 331/527/527
f 331/527/527 329/516/516 330/528/528
f 319/498/498 320/529/529 321/501/501
f 323/530/530 324/531/531 322/504/504
f 322/504/504 324/531/531 325/507/507
f 326/510/510 327/532/532 328/513/513
f 376/506/506 347/508/508 375/533/533
f 375/533/533 347/508/508 348/534/534
f 375/533/533 348/534/534 374/535/535
f 374/535/535 348/534/534 349/536/536
f 374/535/535 349/536/536 373/537/537
f 373/537/537 349/536/536 350/538/538
f 373/537/537 350/538/538 372/539/539
f 372/539/539 350/538/538 351/540/540
f 372/539/539 351/540/540 371/541/541
f 371/541/541 351/540/540 352/542/542
f 371/541/541 352/542/542 370/543/543
f 370/543/543 352/542/542 353/544/544
f 370/543/543 353/544/544 369/545/545
f 369/545/545 353/544/544 354/546/546
f 369/545/545 354/546/546 368/547/547
f 368/547/547 354/546/546 355/548/548
f 368/547/547 355/548/548 367/549/549
f 367/549/549 355/548/548 356/550/550
f 367/549/549 356/550/550 366/551/551
f 366/551/551 356/550/550 357/552/552
f 366/551/551 357/552/552 365/553/553
f 365/553/553 357/552/552 358/554/554
f 365/553/553 358/554/554 364/555/555
f 364/555/555 358/554/554 359/556/556
f 364/555/555 359/556/556 363/557/557
f 363/557/557 359/556/556 360/558/558
f 363/557/557 360/558/558 362/559/559
f 362/559/559 360/558/558 361/560/560
f 394/561/561 395/562/562 397/563/563
f 397/563/563 395/562/562 396/564/564
f 398/565/565 399/566/566 396/567/567
f 396/567/567 399/566/566 397/568/568
f 394/569/569 397/570/570 404/571/571
f 404/571/571 397/570/570 403/572/572
f 403/572/572 397/570/570 399/573/573
f 403/572/572 399/573/573 400/574/574
f 400/574/574 401/575/575 403/572/572
f 403/572/572 401/575/575 402/576/576
f 405/577/577 406/578/578 408/579/579
f 408/579/579 406/578/578 407/580/580
f 409/581/581 410/582/582 407/583/583
f 407/583/583 410/582/582 408/584/584
f 405/585/585 408/586/586 413/587/587
f 413/587/587 408/586/586 412/588/588
f 412/588/588 408/586/586 411/589/589
f 411/589/589 408/586/586 410/590/590
f 414/591/591 415/592/592 417/593/593
f 417/593/593 415/592/592 416/594/594
f 418/595/595 419/596/596 416/597/597
f 416/597/597 419/596/596 417/598/598
f 414/599/599 417/600/600 424/601/601
f 424/601/601 417/600/600 423/602/602
f 423/602/602 417/600/600 419/603/603
f 423/602/602 419/603/603 420/604/604
f 420/604/604 421/605/605 423/602/602
f 423/602/602 421/605/605 422/606/606
f 425/607/607 426/608/608 428/609/609
f 428/609/609 426/608/608 427/610/610
f 429/611/611 430/612/612 427/613/613
f 427/613/613 430/612/612 428/614/614
f 425/615/615 428/616/616 433/617/617
f 433/617/617 428/616/616 432/618/618
f 432/618/618 428/616/616 431/619/619
f 431/619/619 428/616/616 430/620/620
f 435/621/621 436/622/622 434/623/623
f 434/623/623 436/622/622 437/624/624
f 434/623/623 437/624/624 311/625/625
f 312/626/626 438/627/627 311/625/625
f 311/625/625 438/627/627 434/623/623
f 439/628/628 434/629/629 440/630/630
f 440/630/630 434/629/629 438/631/631
f 441/632/632 439/633/633 443/634/634
f 443/634/634 439/633/633 442/635/635
f 442/635/635 439/633/633 309/636/636
f 309/636/636 439/633/633 440/637/637
f 309/636/636 440/637/637 310/638/638
f 131/639/639 310/640/640 132/641/641
f 132/641/641 310/640/640 440/642/642
f 132/641/641 440/642/642 438/643/643
f 132/641/641 438/643/643 227/644/644
f 227/644/644 438/643/643 312/645/645
f 227/644/644 312/645/645 228/646/646
f 28/647/647 27/648/648 226/649/649
f 226/649/649 27/648/648 133/650/650
f 445/651/651 446/652/652 444/653/653
f 444/653/653 446/652/652 508/654/654
f 508/654/654 446/652/652 447/655/655
f 508/654/654 447/655/655 507/656/656
f 507/656/656 447/655/655 448/657/657
f 507/656/656 448/657/657 506/658/658
f 506/658/658 448/657/657 449/659/659
f 506/658/658 449/659/659 505/660/660
f 505/660/660 449/659/659 450/661/661
f 505/660/660 450/661/661 504/662/662
f 504/662/662 450/661/661 451/663/663
f 504/662/662 451/663/663 503/664/664
f 503/664/664 451/663/663 452/665/665
f 503/664/664 452/665/665 502/666/666
f 502/666/666 452/665/665 453/667/667
f 502/666/666 453/667/667 501/668/668
f 501/668/668 453/667/667 454/669/669
f 501/668/668 454/669/669 500/670/670
f 500/670/670 454/669/669 455/671/671
f 500/670/670 455/671/671 499/672/672
f 499/672/672 455/671/671 456/673/673
f 499/672/672 456/673/673 498/674/674
f 498/674/674 456/673/673 457/675/675
f 498/674/674 457/675/675 497/676/676
f 497/676/676 457/675/675 458/677/677
f 497/676/676 458/677/677 496/678/678
f 496/678/678 458/677/677 459/679/679
f 496/678/678 459/679/679 495/680/680
f 495/680/680 459/679/679 494/681/681
f 494/681/681 459/679/679 460/682/682
f 494/681/681 460/682/682 493/683/683
f 493/683/683 460/682/682 461/684/684
f 493/683/683 461/684/684 492/685/685
f 492/685/685 461/684/684 462/686/686
f 492/685/685 462/686/686 491/687/687
f 491/687/687 462/686/686 490/688/688
f 490/688/688 462/686/686 463/689/689
f 490/688/688 463/689/689 489/690/690
f 489/690/690 463/689/689 464/691/691
f 489/690/690 464/691/691 488/692/692
f 488/692/692 464/691/691 465/693/693
f 488/692/692 465/693/693 487/694/694
f 487/694/694 465/693/693 466/695/695
f 487/694/694 466/695/695 486/696/696
f 486/696/696 466/695/695 467/697/697
f 486/696/696 467/697/697 485/698/698
f 485/698/698 467/697/697 468/699/699
f 485/698/698 468/699/699 484/700/700
f 484/700/700 468/699/699 469/701/701
f 484/700/700 469/701/701 483/702/702
f 483/702/702 469/701/701 470/703/703
f 483/702/702 470/703/703 482/704/704
f 482/704/704 470/703/703 471/705/705
f 482/704/704 471/705/705 481/706/706
f 481/706/706 471/705/705 472/707/707
f 481/706/706 472/707/707 480/708/708
f 480/708/708 472/707/707 473/709/709
f 480/708/708 473/709/709 479/710/710
f 479/710/710 473/709/709 474/711/711
f 479/710/710 474/711/711 478/712/712
f 478/712/712 474/711/711 475/713/713
f 478/712/712 475/713/713 477/714/714
f 477/714/714 475/713/713 476/715/715
f 445/716/716 509/717/717 446/718/718
f 446/718/718 509/717/717 510/719/719
f 446/718/718 510/719/719 447/720/720
f 447/720/720 510/719/719 511/721/721
f 447/720/720 511/721/721 448/722/722
f 448/722/722 511/721/721 512/723/723
f 448/722/722 512/723/723 449/724/724
f 449/724/724 512/723/723 513/725/725
f 449/724/724 513/725/725 450/726/726
f 450/726/726 513/725/725 514/727/727
f 450/726/726 514/727/727 451/728/728
f 451/728/728 514/727/727 515/729/729
f 451/728/728 515/729/729 452/730/730
f 452/730/730 515/729/729 516/731/731
f 452/730/730 516/731/731 453/732/732
f 453/732/732 516/731/731 517/733/733
f 453/732/732 517/733/733 454/734/734
f 454/734/734 517/733/733 518/735/735
f 454/734/734 518/735/735 455/736/736
f 455/736/736 518/735/735 519/737/737
f 455/736/736 519/737/737 456/738/738
f 456/738/738 519/737/737 520/739/739
f 456/738/738 520/739/739 457/740/740
f 457/740/740 520/739/739 521/741/741
f 457/740/740 521/741/741 458/742/742
f 458/742/742 521/741/741 522/743/743
f 458/742/742 522/743/743 459/744/744
f 459/744/744 522/743/743 523/745/745
f 459/744/744 523/745/745 460/746/746
f 460/746/746 523/745/745 524/747/747
f 460/746/746 524/747/747 461/748/748
f 461/748/748 524/747/747 525/749/749
f 461/748/748 525/749/749 462/750/750
f 462/750/750 525/749/749 526/751/751
f 462/750/750 526/751/751 463/752/752
f 463/752/752 526/751/751 527/753/753
f 463/752/752 527/753/753 464/754/754
f 464/754/754 527/753/753 528/755/755
f 464/754/754 528/755/755 465/756/756
f 465/756/756 528/755/755 529/757/757
f 465/756/756 529/757/757 466/758/758
f 466/758/758 529/757/757 530/759/759
f 466/758/758 530/759/759 467/760/760
f 467/760/760 530/759/759 531/761/761
f 467/760/760 531/761/761 468/762/762
f 468/762/762 531/761/761 532/763/763
f 468/762/762 532/763/763 469/764/764
f 469/764/764 532/763/763 533/765/765
f 469/764/764 533/765/765 470/766/766
f 470/766/766 533/765/765 534/767/767
f 470/766/766 534/767/767 471/768/768
f 471/768/768 534/767/767 535/769/769
f 471/768/768 535/769/769 472/770/770
f 472/770/770 535/769/769 536/771/771
f 472/770/770 536/771/771 473/772/772
f 473/772/772 536/771/771 537/773/773
f 473/772/772 537/773/773 474/774/774
f 474/774/774 537/773/773 538/775/775
f 474/774/774 538/775/775 475/776/776
f 475/776/776 538/775/775 539/777/777
f 475/776/776 539/777/777 476/778/778
f 476/778/778 539/777/777 540/779/779
f 227/780/780 226/781/781 132/782/782
f 132/782/782 226/781/781 133/783/783
f 426/784/784 542/785/785 427/786/786
f 427/786/786 542/785/785 543/787/787
f 427/786/786 543/787/787 544/788/788
f 426/784/784 541/789/789 542/785/785
f 544/788/788 545/790/790 427/786/786
f 427/786/786 545/790/790 429/791/791
f 429/791/791 545/790/790 546/792/792
f 429/791/791 546/792/792 547/793/793
f 547/793/793 548/794/794 429/791/791
f 429/791/791 548/794/794 549/795/795
f 429/791/791 549/795/795 550/796/796
f 550/796/796 551/797/797 429/791/791
f 429/791/791 551/797/797 552/798/798
f 429/791/791 552/798/798 583/799/799
f 583/799/799 552/798/798 553/800/800
f 583/799/799 553/800/800 554/801/801
f 583/799/799 554/801/801 581/802/802
f 581/802/802 554/801/801 555/803/803
f 581/802/802 555/803/803 556/804/804
f 581/802/802 556/804/804 580/805/805
f 580/805/805 556/804/804 557/806/806
f 580/805/805 557/806/806 558/807/807
f 559/808/808 527/809/809 558/807/807
f 558/807/807 527/809/809 526/810/810
f 558/807/807 526/810/810 577/811/811
f 577/811/811 526/810/810 525/812/812
f 577/811/811 525/812/812 576/813/813
f 576/813/813 525/812/812 524/814/814
f 576/813/813 524/814/814 523/815/815
f 527/809/809 559/808/808 528/816/816
f 528/816/816 559/808/808 560/817/817
f 528/816/816 560/817/817 529/818/818
f 529/818/818 560/817/817 561/819/819
f 529/818/818 561/819/819 530/820/820
f 530/820/820 561/819/819 562/821/821
f 530/820/820 562/821/821 531/822/822
f 531/822/822 562/821/821 563/823/823
f 531/822/822 563/823/823 532/824/824
f 532/824/824 563/823/823 564/825/825
f 532/824/824 564/825/825 533/826/826
f 533/826/826 564/825/825 565/827/827
f 533/826/826 565/827/827 534/828/828
f 534/828/828 565/827/827 566/829/829
f 534/828/828 566/829/829 535/830/830
f 535/830/830 566/829/829 567/831/831
f 535/830/830 567/831/831 536/832/832
f 536/832/832 567/831/831 568/833/833
f 536/832/832 568/833/833 537/834/834
f 537/834/834 568/833/833 569/835/835
f 537/834/834 569/835/835 538/836/836
f 538/836/836 569/835/835 570/837/837
f 538/836/836 570/837/837 539/838/838
f 539/838/838 570/837/837 571/839/839
f 539/838/838 571/839/839 540/840/840
f 540/840/840 571/839/839 572/841/841
f 576/813/813 523/815/815 574/842/842
f 574/842/842 523/815/815 522/843/843
f 574/842/842 522/843/843 521/844/844
f 574/842/842 521/844/844 573/845/845
f 573/845/845 521/844/844 520/846/846
f 573/845/845 520/846/846 519/847/847
f 519/847/847 518/848/848 573/845/845
f 573/845/845 518/848/848 517/849/849
f 573/845/845 517/849/849 516/850/850
f 516/850/850 515/851/851 573/845/845
f 573/845/845 515/851/851 514/852/852
f 573/845/845 514/852/852 513/853/853
f 513/853/853 512/854/854 573/845/845
f 573/845/845 512/854/854 511/855/855
f 573/845/845 511/855/855 510/856/856
f 510/856/856 509/857/857 573/845/845
f 574/842/842 575/858/858 576/813/813
f 578/859/859 579/860/860 577/811/811
f 577/811/811 579/860/860 580/805/805
f 577/811/811 580/805/805 558/807/807
f 581/802/802 582/861/861 583/799/799
f 584/862/862 444/863/863 616/864/864
f 616/864/864 444/863/863 508/865/865
f 616/864/864 508/865/865 615/866/866
f 615/866/866 508/865/865 507/867/867
f 615/866/866 507/867/867 614/868/868
f 614/868/868 507/867/867 506/869/869
f 614/868/868 506/869/869 613/870/870
f 613/870/870 506/869/869 505/871/871
f 613/870/870 505/871/871 612/872/872
f 612/872/872 505/871/871 504/873/873
f 612/872/872 504/873/873 611/874/874
f 611/874/874 504/873/873 503/875/875
f 611/874/874 503/875/875 610/876/876
f 610/876/876 503/875/875 502/877/877
f 610/876/876 502/877/877 609/878/878
f 609/878/878 502/877/877 501/879/879
f 609/878/878 501/879/879 608/880/880
f 608/880/880 501/879/879 500/881/881
f 608/880/880 500/881/881 607/882/882
f 607/882/882 500/881/881 499/883/883
f 607/882/882 499/883/883 606/884/884
f 606/884/884 499/883/883 498/885/885
f 606/884/884 498/885/885 605/886/886
f 605/886/886 498/885/885 497/887/887
f 605/886/886 497/887/887 604/888/888
f 604/888/888 497/887/887 496/889/889
f 604/888/888 496/889/889 603/890/890
f 603/890/890 496/889/889 495/891/891
f 603/890/890 495/891/891 602/892/892
f 602/892/892 495/891/891 494/893/893
f 602/892/892 494/893/893 601/894/894
f 601/894/894 494/893/893 493/895/895
f 601/894/894 493/895/895 600/896/896
f 600/896/896 493/895/895 492/897/897
f 600/896/896 492/897/897 599/898/898
f 599/898/898 492/897/897 491/899/899
f 599/898/898 491/899/899 598/900/900
f 598/900/900 491/899/899 490/901/901
f 598/900/900 490/901/901 597/902/902
f 597/902/902 490/901/901 489/903/903
f 597/902/902 489/903/903 596/904/904
f 596/904/904 489/903/903 488/905/905
f 596/904/904 488/905/905 595/906/906
f 595/906/906 488/905/905 487/907/907
f 595/906/906 487/907/907 594/908/908
f 594/908/908 487/907/907 486/909/909
f 594/908/908 486/909/909 593/910/910
f 593/910/910 486/909/909 485/911/911
f 593/910/910 485/911/911 592/912/912
f 592/912/912 485/911/911 484/913/913
f 592/912/912 484/913/913 591/914/914
f 591/914/914 484/913/913 483/915/915
f 591/914/914 483/915/915 590/916/916
f 590/916/916 483/915/915 482/917/917
f 590/916/916 482/917/917 589/918/918
f 589/918/918 482/917/917 481/919/919
f 589/918/918 481/919/919 588/920/920
f 588/920/920 481/919/919 480/921/921
f 588/920/920 480/921/921 587/922/922
f 587/922/922 480/921/921 479/923/923
f 587/922/922 479/923/923 586/924/924
f 586/924/924 479/923/923 478/925/925
f 586/924/924 478/925/925 585/926/926
f 585/926/926 478/925/925 477/927/927
f 314/928/928 617/929/929 315/930/930
f 315/930/930 617/929/929 618/931/931
f 315/930/930 618/931/931 619/932/932
f 619/932/932 317/933/933 315/930/930
f 413/934/934 412/935/935 617/936/936
f 617/936/936 412/935/935 618/937/937
f 411/938/938 620/939/939 412/940/940
f 412/940/940 620/939/939 621/941/941
f 412/940/940 621/941/941 320/942/942
f 412/940/940 320/942/942 618/943/943
f 618/943/943 320/942/942 319/944/944
f 618/943/943 319/944/944 619/945/945
f 318/946/946 317/947/947 319/948/948
f 319/948/948 317/947/947 619/949/949
f 424/950/950 423/951/951 622/952/952
f 622/952/952 423/951/951 623/953/953
f 406/954/954 622/955/955 407/956/956
f 407/956/956 622/955/955 623/957/957
f 407/956/956 623/957/957 409/958/958
f 409/958/958 623/957/957 620/959/959
f 620/959/959 623/957/957 621/960/960
f 621/960/960 623/957/957 624/961/961
f 410/962/962 409/963/963 411/964/964
f 411/964/964 409/963/963 620/965/965
f 320/966/966 621/967/967 321/968/968
f 321/968/968 621/967/967 624/969/969
f 329/970/970 328/971/971 625/972/972
f 625/972/972 328/971/971 626/973/973
f 431/974/974 583/975/975 432/976/976
f 432/976/976 583/975/975 582/977/977
f 432/976/976 582/977/977 628/978/978
f 628/978/978 582/977/977 401/979/979
f 628/978/978 401/979/979 400/980/980
f 400/980/980 627/981/981 628/978/978
f 401/982/982 582/983/983 402/984/984
f 402/984/984 582/983/983 581/985/985
f 623/986/986 423/987/987 624/988/988
f 624/988/988 423/987/987 422/989/989
f 624/988/988 422/989/989 642/990/990
f 642/990/990 422/989/989 645/991/991
f 642/990/990 645/991/991 641/992/992
f 641/992/992 645/991/991 646/993/993
f 641/992/992 646/993/993 640/994/994
f 640/994/994 646/993/993 637/995/995
f 640/994/994 637/995/995 639/996/996
f 639/996/996 637/995/995 638/997/997
f 422/989/989 629/998/998 645/991/991
f 645/991/991 629/998/998 644/999/999
f 644/999/999 629/998/998 402/1000/1000
f 644/999/999 402/1000/1000 631/1001/1001
f 631/1001/1001 402/1000/1000 581/1002/1002
f 631/1001/1001 581/1002/1002 580/1003/1003
f 630/1004/1004 403/1005/1005 629/998/998
f 629/998/998 403/1005/1005 402/1000/1000
f 644/999/999 631/1001/1001 643/1006/1006
f 643/1006/1006 631/1001/1001 632/1007/1007
f 643/1006/1006 632/1007/1007 636/1008/1008
f 636/1008/1008 632/1007/1007 633/1009/1009
f 636/1008/1008 633/1009/1009 635/1010/1010
f 635/1010/1010 633/1009/1009 634/1011/1011
f 632/1007/1007 577/1012/1012 633/1009/1009
f 633/1009/1009 577/1012/1012 576/1013/1013
f 636/1008/1008 637/995/995 643/1006/1006
f 643/1006/1006 637/995/995 646/993/993
f 640/994/994 326/1014/1014 641/992/992
f 641/992/992 326/1014/1014 325/1015/1015
f 642/990/990 322/1016/1016 624/988/988
f 624/988/988 322/1016/1016 321/1017/1017
f 421/1018/1018 647/1019/1019 422/1020/1020
f 422/1020/1020 647/1019/1019 629/1021/1021
f 647/1022/1022 421/1023/1023 648/1024/1024
f 648/1024/1024 421/1023/1023 420/1025/1025
f 649/1026/1026 323/1027/1027 642/1028/1028
f 642/1028/1028 323/1027/1027 322/1029/1029
f 650/1030/1030 324/1031/1031 649/1032/1032
f 649/1032/1032 324/1031/1031 323/1033/1033
f 324/1034/1034 650/1035/1035 325/1036/1036
f 325/1036/1036 650/1035/1035 641/1037/1037
f 651/1038/1038 327/1039/1039 640/1040/1040
f 640/1040/1040 327/1039/1039 326/1041/1041
f 626/1042/1042 328/1043/1043 652/1044/1044
f 652/1044/1044 328/1043/1043 327/1045/1045
f 652/1044/1044 327/1045/1045 651/1046/1046
f 651/1046/1046 653/1047/1047 652/1044/1044
f 625/1048/1048 626/1049/1049 654/1050/1050
f 654/1050/1050 626/1049/1049 656/1051/1051
f 656/1051/1051 626/1049/1049 655/1052/1052
f 655/1052/1052 626/1049/1049 652/1053/1053
f 658/1054/1054 659/1055/1055 657/1056/1056
f 657/1056/1056 659/1055/1055 660/1057/1057
f 661/1058/1058 660/1059/1059 662/1060/1060
f 662/1060/1060 660/1059/1059 659/1061/1061
f 664/1062/1062 665/1063/1063 663/1064/1064
f 663/1064/1064 665/1063/1063 666/1065/1065
f 663/1064/1064 666/1065/1065 667/1066/1066
f 661/1067/1067 662/1068/1068 664/1062/1062
f 664/1062/1062 662/1068/1068 665/1063/1063
f 668/1069/1069 669/1070/1070 664/1071/1071
f 664/1071/1071 669/1070/1070 673/1072/1072
f 673/1072/1072 669/1070/1070 672/1073/1073
f 672/1073/1073 669/1070/1070 671/1074/1074
f 671/1074/1074 669/1070/1070 670/1075/1075
f 636/1076/1076 635/1077/1077 672/1078/1078
f 672/1078/1078 635/1077/1077 673/1079/1079
f 674/1080/1080 675/1081/1081 633/1082/1082
f 633/1082/1082 675/1081/1081 634/1083/1083
f 574/1084/1084 675/1085/1085 575/1086/1086
f 575/1086/1086 675/1085/1085 674/1087/1087
f 575/1088/1088 674/1089/1089 576/1090/1090
f 576/1090/1090 674/1089/1089 633/1091/1091
f 676/1092/1092 578/1093/1093 632/1094/1094
f 632/1094/1094 578/1093/1093 577/1095/1095
f 578/1096/1096 676/1097/1097 579/1098/1098
f 579/1098/1098 676/1097/1097 677/1099/1099
f 631/1100/1100 580/1101/1101 677/1102/1102
f 677/1102/1102 580/1101/1101 579/1103/1103
f 677/1104/1104 676/1105/1105 631/1106/1106
f 631/1106/1106 676/1105/1105 632/1107/1107
f 672/1108/1108 671/1109/1109 636/1110/1110
f 636/1110/1110 671/1109/1109 637/1111/1111
f 638/1112/1112 637/1113/1113 670/1114/1114
f 670/1114/1114 637/1113/1113 671/1115/1115
f 639/1116/1116 670/1117/1117 653/1118/1118
f 653/1118/1118 670/1117/1117 666/1119/1119
f 653/1118/1118 666/1119/1119 655/1120/1120
f 639/1116/1116 638/1121/1121 670/1117/1117
f 669/1122/1122 678/1123/1123 670/1117/1117
f 670/1117/1117 678/1123/1123 666/1119/1119
f 678/1123/1123 667/1124/1124 666/1119/1119
f 655/1120/1120 652/1125/1125 653/1118/1118
f 653/1126/1126 651/1127/1127 639/1128/1128
f 639/1128/1128 651/1127/1127 640/1129/1129
f 650/1130/1130 649/1131/1131 641/1132/1132
f 641/1132/1132 649/1131/1131 642/1133/1133
f 679/1134/1134 680/1135/1135 643/1136/1136
f 643/1136/1136 680/1135/1135 644/1137/1137
f 680/1138/1138 681/1139/1139 644/1140/1140
f 644/1140/1140 681/1139/1139 645/1141/1141
f 681/1142/1142 682/1143/1143 645/1144/1144
f 645/1144/1144 682/1143/1143 646/1145/1145
f 643/1146/1146 646/1147/1147 679/1148/1148
f 679/1148/1148 646/1147/1147 682/1149/1149
f 655/1150/1150 666/1151/1151 656/1152/1152
f 656/1152/1152 666/1151/1151 665/1153/1153
f 684/1154/1154 685/1155/1155 683/1156/1156
f 683/1156/1156 685/1155/1155 716/1157/1157
f 716/1157/1157 685/1155/1155 686/1158/1158
f 716/1157/1157 686/1158/1158 715/1159/1159
f 715/1159/1159 686/1158/1158 687/1160/1160
f 715/1159/1159 687/1160/1160 714/1161/1161
f 714/1161/1161 687/1160/1160 688/1162/1162
f 714/1161/1161 688/1162/1162 713/1163/1163
f 713/1163/1163 688/1162/1162 712/1164/1164
f 712/1164/1164 688/1162/1162 689/1165/1165
f 712/1164/1164 689/1165/1165 711/1166/1166
f 711/1166/1166 689/1165/1165 690/1167/1167
f 711/1166/1166 690/1167/1167 662/1168/1168
f 662/1168/1168 690/1167/1167 691/1169/1169
f 662/1168/1168 691/1169/1169 692/1170/1170
f 692/1170/1170 693/1171/1171 662/1168/1168
f 662/1168/1168 693/1171/1171 694/1172/1172
f 662/1168/1168 694/1172/1172 695/1173/1173
f 695/1173/1173 696/1174/1174 662/1168/1168
f 662/1168/1168 696/1174/1174 697/1175/1175
f 662/1168/1168 697/1175/1175 698/1176/1176
f 698/1176/1176 699/1177/1177 662/1168/1168
f 662/1168/1168 699/1177/1177 654/1178/1178
f 662/1168/1168 654/1178/1178 656/1179/1179
f 699/1177/1177 700/1180/1180 654/1178/1178
f 656/1179/1179 665/1181/1181 662/1168/1168
f 711/1166/1166 662/1168/1168 710/1182/1182
f 710/1182/1182 662/1168/1168 659/1183/1183
f 710/1182/1182 659/1183/1183 709/1184/1184
f 709/1184/1184 659/1183/1183 708/1185/1185
f 708/1185/1185 659/1183/1183 707/1186/1186
f 707/1186/1186 659/1183/1183 706/1187/1187
f 706/1187/1187 659/1183/1183 705/1188/1188
f 705/1188/1188 659/1183/1183 704/1189/1189
f 704/1189/1189 659/1183/1183 658/1190/1190
f 704/1189/1189 658/1190/1190 703/1191/1191
f 703/1191/1191 658/1190/1190 702/1192/1192
f 702/1192/1192 658/1190/1190 701/1193/1193
f 664/1194/1194 663/1195/1195 668/1196/1196
f 668/1196/1196 663/1195/1195 717/1197/1197
f 667/1198/1198 678/1199/1199 663/1200/1200
f 663/1200/1200 678/1199/1199 717/1201/1201
f 669/1202/1202 668/1203/1203 678/1204/1204
f 678/1204/1204 668/1203/1203 717/1205/1205
f 679/1206/1206 682/1207/1207 680/1208/1208
f 680/1208/1208 682/1207/1207 681/1209/1209
f 684/1210/1210 9/1211/1211 685/1212/1212
f 685/1212/1212 9/1211/1211 44/1213/1213
f 685/1212/1212 44/1213/1213 686/1214/1214
f 686/1214/1214 44/1213/1213 43/1215/1215
f 686/1214/1214 43/1215/1215 687/1216/1216
f 687/1216/1216 43/1215/1215 42/1217/1217
f 687/1216/1216 42/1217/1217 688/1218/1218
f 688/1218/1218 42/1217/1217 41/1219/1219
f 688/1218/1218 41/1219/1219 689/1220/1220
f 689/1220/1220 41/1219/1219 40/1221/1221
f 689/1220/1220 40/1221/1221 690/1222/1222
f 690/1222/1222 40/1221/1221 39/1223/1223
f 690/1222/1222 39/1223/1223 691/1224/1224
f 691/1224/1224 39/1223/1223 38/1225/1225
f 691/1224/1224 38/1225/1225 692/1226/1226
f 692/1226/1226 38/1225/1225 37/1227/1227
f 692/1226/1226 37/1227/1227 693/1228/1228
f 693/1228/1228 37/1227/1227 36/1229/1229
f 693/1228/1228 36/1229/1229 694/1230/1230
f 694/1230/1230 36/1229/1229 35/1231/1231
f 694/1230/1230 35/1231/1231 695/1232/1232
f 695/1232/1232 35/1231/1231 34/1233/1233
f 695/1232/1232 34/1233/1233 696/1234/1234
f 696/1234/1234 34/1233/1233 33/1235/1235
f 696/1234/1234 33/1235/1235 697/1236/1236
f 697/1236/1236 33/1235/1235 32/1237/1237
f 697/1236/1236 32/1237/1237 698/1238/1238
f 698/1238/1238 32/1237/1237 31/1239/1239
f 698/1238/1238 31/1239/1239 699/1240/1240
f 699/1240/1240 31/1239/1239 30/1241/1241
f 699/1240/1240 30/1241/1241 700/1242/1242
f 700/1242/1242 30/1241/1241 14/1243/1243
f 267/1244/1244 718/1245/1245 263/1246/1246
f 263/1246/1246 718/1245/1245 719/1247/1247
f 263/1246/1246 719/1247/1247 96/1248/1248
f 96/1248/1248 719/1247/1247 97/1249/1249
f 97/1249/1249 719/1247/1247 720/1250/1250
f 97/1249/1249 720/1250/1250 98/1251/1251
f 98/1251/1251 720/1250/1250 721/1252/1252
f 98/1251/1251 721/1252/1252 99/1253/1253
f 99/1253/1253 721/1252/1252 722/1254/1254
f 99/1253/1253 722/1254/1254 100/1255/1255
f 100/1255/1255 722/1254/1254 723/1256/1256
f 100/1255/1255 723/1256/1256 101/1257/1257
f 101/1257/1257 723/1256/1256 724/1258/1258
f 101/1257/1257 724/1258/1258 102/1259/1259
f 102/1259/1259 724/1258/1258 725/1260/1260
f 102/1259/1259 725/1260/1260 103/1261/1261
f 103/1261/1261 725/1260/1260 726/1262/1262
f 103/1261/1261 726/1262/1262 104/1263/1263
f 104/1263/1263 726/1262/1262 727/1264/1264
f 104/1263/1263 727/1264/1264 105/1265/1265
f 105/1265/1265 727/1264/1264 728/1266/1266
f 105/1265/1265 728/1266/1266 106/1267/1267
f 106/1267/1267 728/1266/1266 729/1268/1268
f 106/1267/1267 729/1268/1268 107/1269/1269
f 107/1269/1269 729/1268/1268 730/1270/1270
f 107/1269/1269 730/1270/1270 108/1271/1271
f 108/1271/1271 730/1270/1270 731/1272/1272
f 108/1271/1271 731/1272/1272 109/1273/1273
f 109/1273/1273 731/1272/1272 732/1274/1274
f 109/1273/1273 732/1274/1274 110/1275/1275
f 110/1275/1275 732/1274/1274 733/1276/1276
f 110/1275/1275 733/1276/1276 111/1277/1277
f 111/1277/1277 733/1276/1276 734/1278/1278
f 111/1277/1277 734/1278/1278 112/1279/1279
f 112/1279/1279 734/1278/1278 735/1280/1280
f 112/1279/1279 735/1280/1280 113/1281/1281
f 113/1281/1281 735/1280/1280 736/1282/1282
f 113/1281/1281 736/1282/1282 114/1283/1283
f 114/1283/1283 736/1282/1282 737/1284/1284
f 114/1283/1283 737/1284/1284 115/1285/1285
f 115/1285/1285 737/1284/1284 738/1286/1286
f 115/1285/1285 738/1286/1286 116/1287/1287
f 116/1287/1287 738/1286/1286 739/1288/1288
f 116/1287/1287 739/1288/1288 117/1289/1289
f 117/1289/1289 739/1288/1288 740/1290/1290
f 117/1289/1289 740/1290/1290 118/1291/1291
f 118/1291/1291 740/1290/1290 741/1292/1292
f 118/1291/1291 741/1292/1292 119/1293/1293
f 119/1293/1293 741/1292/1292 742/1294/1294
f 119/1293/1293 742/1294/1294 120/1295/1295
f 120/1295/1295 742/1294/1294 743/1296/1296
f 120/1295/1295 743/1296/1296 121/1297/1297
f 121/1297/1297 743/1296/1296 744/1298/1298
f 121/1297/1297 744/1298/1298 122/1299/1299
f 122/1299/1299 744/1298/1298 745/1300/1300
f 122/1299/1299 745/1300/1300 123/1301/1301
f 123/1301/1301 745/1300/1300 746/1302/1302
f 123/1301/1301 746/1302/1302 124/1303/1303
f 124/1303/1303 746/1302/1302 747/1304/1304
f 124/1303/1303 747/1304/1304 125/1305/1305
f 125/1305/1305 747/1304/1304 748/1306/1306
f 125/1305/1305 748/1306/1306 126/1307/1307
f 126/1307/1307 748/1306/1306 749/1308/1308
f 126/1307/1307 749/1308/1308 127/1309/1309
f 127/1309/1309 749/1308/1308 750/1310/1310
f 127/1309/1309 750/1310/1310 128/1311/1311
f 128/1311/1311 750/1310/1310 751/1312/1312
f 128/1311/1311 751/1312/1312 129/1313/1313
f 129/1313/1313 751/1312/1312 752/1314/1314
f 129/1313/1313 752/1314/1314 130/1315/1315
f 130/1315/1315 752/1314/1314 309/1316/1316
f 309/1316/1316 752/1314/1314 753/1317/1317
f 309/1316/1316 753/1317/1317 442/1318/1318
f 442/1318/1318 753/1317/1317 443/1319/1319
f 443/1319/1319 753/1317/1317 441/1320/1320
f 267/1244/1244 266/1321/1321 718/1245/1245
f 718/1245/1245 266/1321/1321 265/1322/1322
f 754/1323/1323 755/1324/1324 718/1325/1325
f 718/1325/1325 755/1324/1324 719/1326/1326
f 719/1326/1326 755/1324/1324 756/1327/1327
f 719/1326/1326 756/1327/1327 720/1328/1328
f 720/1328/1328 756/1327/1327 757/1329/1329
f 720/1328/1328 757/1329/1329 721/1330/1330
f 721/1330/1330 757/1329/1329 758/1331/1331
f 721/1330/1330 758/1331/1331 722/1332/1332
f 722/1332/1332 758/1331/1331 759/1333/1333
f 722/1332/1332 759/1333/1333 723/1334/1334
f 723/1334/1334 759/1333/1333 760/1335/1335
f 723/1334/1334 760/1335/1335 724/1336/1336
f 724/1336/1336 760/1335/1335 761/1337/1337
f 724/1336/1336 761/1337/1337 725/1338/1338
f 725/1338/1338 761/1337/1337 762/1339/1339
f 725/1338/1338 762/1339/1339 726/1340/1340
f 726/1340/1340 762/1339/1339 763/1341/1341
f 726/1340/1340 763/1341/1341 727/1342/1342
f 727/1342/1342 763/1341/1341 764/1343/1343
f 727/1342/1342 764/1343/1343 728/1344/1344
f 728/1344/1344 764/1343/1343 765/1345/1345
f 728/1344/1344 765/1345/1345 729/1346/1346
f 729/1346/1346 765/1345/1345 730/1347/1347
f 730/1347/1347 765/1345/1345 766/1348/1348
f 730/1347/1347 766/1348/1348 731/1349/1349
f 731/1349/1349 766/1348/1348 767/1350/1350
f 731/1349/1349 767/1350/1350 732/1351/1351
f 732/1351/1351 767/1350/1350 768/1352/1352
f 732/1351/1351 768/1352/1352 733/1353/1353
f 733/1353/1353 768/1352/1352 769/1354/1354
f 733/1353/1353 769/1354/1354 734/1355/1355
f 734/1355/1355 769/1354/1354 735/1356/1356
f 735/1356/1356 769/1354/1354 770/1357/1357
f 735/1356/1356 770/1357/1357 736/1358/1358
f 736/1358/1358 770/1357/1357 771/1359/1359
f 736/1358/1358 771/1359/1359 737/1360/1360
f 737/1360/1360 771/1359/1359 738/1361/1361
f 738/1361/1361 771/1359/1359 772/1362/1362
f 738/1361/1361 772/1362/1362 739/1363/1363
f 739/1363/1363 772/1362/1362 773/1364/1364
f 739/1363/1363 773/1364/1364 740/1365/1365
f 740/1365/1365 773/1364/1364 774/1366/1366
f 740/1365/1365 774/1366/1366 741/1367/1367
f 741/1367/1367 774/1366/1366 775/1368/1368
f 741/1367/1367 775/1368/1368 742/1369/1369
f 742/1369/1369 775/1368/1368 743/1370/1370
f 743/1370/1370 775/1368/1368 776/1371/1371
f 743/1370/1370 776/1371/1371 744/1372/1372
f 744/1372/1372 776/1371/1371 777/1373/1373
f 744/1372/1372 777/1373/1373 745/1374/1374
f 745/1374/1374 777/1373/1373 778/1375/1375
f 745/1374/1374 778/1375/1375 746/1376/1376
f 746/1376/1376 778/1375/1375 779/1377/1377
f 746/1376/1376 779/1377/1377 747/1378/1378
f 747/1378/1378 779/1377/1377 780/1379/1379
f 747/1378/1378 780/1379/1379 748/1380/1380
f 748/1380/1380 780/1379/1379 781/1381/1381
f 748/1380/1380 781/1381/1381 749/1382/1382
f 749/1382/1382 781/1381/1381 782/1383/1383
f 749/1382/1382 782/1383/1383 750/1384/1384
f 750/1384/1384 782/1383/1383 783/1385/1385
f 750/1384/1384 783/1385/1385 751/1386/1386
f 751/1386/1386 783/1385/1385 784/1387/1387
f 751/1386/1386 784/1387/1387 752/1388/1388
f 752/1388/1388 784/1387/1387 785/1389/1389
f 752/1388/1388 785/1389/1389 753/1390/1390
f 753/1390/1390 785/1389/1389 786/1391/1391
f 224/1392/1392 821/1393/1393 217/1394/1394
f 217/1394/1394 821/1393/1393 822/1395/1395
f 217/1394/1394 822/1395/1395 218/1396/1396
f 218/1396/1396 822/1395/1395 219/1397/1397
f 219/1397/1397 822/1395/1395 220/1398/1398
f 224/1392/1392 262/1399/1399 821/1393/1393
f 821/1393/1393 262/1399/1399 820/1400/1400
f 820/1400/1400 262/1399/1399 261/1401/1401
f 820/1400/1400 261/1401/1401 819/1402/1402
f 819/1402/1402 261/1401/1401 260/1403/1403
f 819/1402/1402 260/1403/1403 818/1404/1404
f 818/1404/1404 260/1403/1403 259/1405/1405
f 818/1404/1404 259/1405/1405 817/1406/1406
f 817/1406/1406 259/1405/1405 258/1407/1407
f 817/1406/1406 258/1407/1407 816/1408/1408
f 816/1408/1408 258/1407/1407 257/1409/1409
f 816/1408/1408 257/1409/1409 815/1410/1410
f 815/1410/1410 257/1409/1409 256/1411/1411
f 815/1410/1410 256/1411/1411 814/1412/1412
f 814/1412/1412 256/1411/1411 255/1413/1413
f 814/1412/1412 255/1413/1413 813/1414/1414
f 813/1414/1414 255/1413/1413 254/1415/1415
f 813/1414/1414 254/1415/1415 812/1416/1416
f 812/1416/1416 254/1415/1415 253/1417/1417
f 812/1416/1416 253/1417/1417 811/1418/1418
f 811/1418/1418 253/1417/1417 252/1419/1419
f 811/1418/1418 252/1419/1419 810/1420/1420
f 810/1420/1420 252/1419/1419 251/1421/1421
f 810/1420/1420 251/1421/1421 809/1422/1422
f 809/1422/1422 251/1421/1421 250/1423/1423
f 809/1422/1422 250/1423/1423 808/1424/1424
f 808/1424/1424 250/1423/1423 249/1425/1425
f 808/1424/1424 249/1425/1425 807/1426/1426
f 807/1426/1426 249/1425/1425 248/1427/1427
f 807/1426/1426 248/1427/1427 806/1428/1428
f 806/1428/1428 248/1427/1427 247/1429/1429
f 806/1428/1428 247/1429/1429 805/1430/1430
f 805/1430/1430 247/1429/1429 246/1431/1431
f 805/1430/1430 246/1431/1431 804/1432/1432
f 804/1432/1432 246/1431/1431 245/1433/1433
f 804/1432/1432 245/1433/1433 803/1434/1434
f 803/1434/1434 245/1433/1433 244/1435/1435
f 803/1434/1434 244/1435/1435 802/1436/1436
f 802/1436/1436 244/1435/1435 243/1437/1437
f 802/1436/1436 243/1437/1437 801/1438/1438
f 801/1438/1438 243/1437/1437 242/1439/1439
f 801/1438/1438 242/1439/1439 800/1440/1440
f 800/1440/1440 242/1439/1439 241/1441/1441
f 800/1440/1440 241/1441/1441 799/1442/1442
f 799/1442/1442 241/1441/1441 240/1443/1443
f 799/1442/1442 240/1443/1443 798/1444/1444
f 798/1444/1444 240/1443/1443 239/1445/1445
f 798/1444/1444 239/1445/1445 797/1446/1446
f 797/1446/1446 239/1445/1445 238/1447/1447
f 797/1446/1446 238/1447/1447 796/1448/1448
f 796/1448/1448 238/1447/1447 237/1449/1449
f 796/1448/1448 237/1449/1449 795/1450/1450
f 795/1450/1450 237/1449/1449 236/1451/1451
f 795/1450/1450 236/1451/1451 794/1452/1452
f 794/1452/1452 236/1451/1451 235/1453/1453
f 794/1452/1452 235/1453/1453 793/1454/1454
f 793/1454/1454 235/1453/1453 234/1455/1455
f 793/1454/1454 234/1455/1455 792/1456/1456
f 792/1456/1456 234/1455/1455 233/1457/1457
f 792/1456/1456 233/1457/1457 791/1458/1458
f 791/1458/1458 233/1457/1457 232/1459/1459
f 791/1458/1458 232/1459/1459 790/1460/1460
f 790/1460/1460 232/1459/1459 231/1461/1461
f 790/1460/1460 231/1461/1461 789/1462/1462
f 789/1462/1462 231/1461/1461 230/1463/1463
f 789/1462/1462 230/1463/1463 788/1464/1464
f 788/1464/1464 230/1463/1463 229/1465/1465
f 788/1464/1464 229/1465/1465 311/1466/1466
f 788/1464/1464 311/1466/1466 787/1467/1467
f 787/1467/1467 311/1466/1466 437/1468/1468
f 787/1467/1467 437/1468/1468 436/1469/1469
f 436/1469/1469 435/1470/1470 787/1467/1467
f 754/1471/1471 823/1472/1472 755/1473/1473
f 755/1473/1473 823/1472/1472 824/1474/1474
f 755/1473/1473 824/1474/1474 756/1475/1475
f 756/1475/1475 824/1474/1474 825/1476/1476
f 756/1475/1475 825/1476/1476 757/1477/1477
f 757/1477/1477 825/1476/1476 826/1478/1478
f 757/1477/1477 826/1478/1478 758/1479/1479
f 758/1479/1479 826/1478/1478 827/1480/1480
f 758/1479/1479 827/1480/1480 759/1481/1481
f 759/1481/1481 827/1480/1480 828/1482/1482
f 759/1481/1481 828/1482/1482 760/1483/1483
f 760/1483/1483 828/1482/1482 829/1484/1484
f 760/1483/1483 829/1484/1484 761/1485/1485
f 761/1485/1485 829/1484/1484 830/1486/1486
f 761/1485/1485 830/1486/1486 762/1487/1487
f 762/1487/1487 830/1486/1486 831/1488/1488
f 762/1487/1487 831/1488/1488 763/1489/1489
f 763/1489/1489 831/1488/1488 832/1490/1490
f 763/1489/1489 832/1490/1490 764/1491/1491
f 764/1491/1491 832/1490/1490 833/1492/1492
f 764/1491/1491 833/1492/1492 765/1493/1493
f 765/1493/1493 833/1492/1492 834/1494/1494
f 765/1493/1493 834/1494/1494 766/1495/1495
f 766/1495/1495 834/1494/1494 835/1496/1496
f 766/1495/1495 835/1496/1496 767/1497/1497
f 767/1497/1497 835/1496/1496 836/1498/1498
f 767/1497/1497 836/1498/1498 768/1499/1499
f 768/1499/1499 836/1498/1498 837/1500/1500
f 768/1499/1499 837/1500/1500 769/1501/1501
f 769/1501/1501 837/1500/1500 838/1502/1502
f 769/1501/1501 838/1502/1502 770/1503/1503
f 770/1503/1503 838/1502/1502 839/1504/1504
f 770/1503/1503 839/1504/1504 771/1505/1505
f 771/1505/1505 839/1504/1504 840/1506/1506
f 771/1505/1505 840/1506/1506 772/1507/1507
f 772/1507/1507 840/1506/1506 841/1508/1508
f 772/1507/1507 841/1508/1508 773/1509/1509
f 773/1509/1509 841/1508/1508 842/1510/1510
f 773/1509/1509 842/1510/1510 774/1511/1511
f 774/1511/1511 842/1510/1510 843/1512/1512
f 774/1511/1511 843/1512/1512 775/1513/1513
f 775/1513/1513 843/1512/1512 844/1514/1514
f 775/1513/1513 844/1514/1514 776/1515/1515
f 776/1515/1515 844/1514/1514 845/1516/1516
f 776/1515/1515 845/1516/1516 777/1517/1517
f 777/1517/1517 845/1516/1516 846/1518/1518
f 777/1517/1517 846/1518/1518 778/1519/1519
f 778/1519/1519 846/1518/1518 847/1520/1520
f 778/1519/1519 847/1520/1520 779/1521/1521
f 779/1521/1521 847/1520/1520 848/1522/1522
f 779/1521/1521 848/1522/1522 780/1523/1523
f 780/1523/1523 848/1522/1522 849/1524/1524
f 780/1523/1523 849/1524/1524 781/1525/1525
f 781/1525/1525 849/1524/1524 850/1526/1526
f 781/1525/1525 850/1526/1526 782/1527/1527
f 782/1527/1527 850/1526/1526 851/1528/1528
f 782/1527/1527 851/1528/1528 783/1529/1529
f 783/1529/1529 851/1528/1528 852/1530/1530
f 783/1529/1529 852/1530/1530 784/1531/1531
f 784/1531/1531 852/1530/1530 853/1532/1532
f 784/1531/1531 853/1532/1532 785/1533/1533
f 785/1533/1533 853/1532/1532 854/1534/1534
f 785/1533/1533 854/1534/1534 786/1535/1535
f 786/1535/1535 854/1534/1534 855/1536/1536
f 856/1537/1537 822/1538/1538 888/1539/1539
f 888/1539/1539 822/1538/1538 821/1540/1540
f 888/1539/1539 821/1540/1540 887/1541/1541
f 887/1541/1541 821/1540/1540 820/1542/1542
f 887/1541/1541 820/1542/1542 886/1543/1543
f 886/1543/1543 820/1542/1542 819/1544/1544
f 886/1543/1543 819/1544/1544 885/1545/1545
f 885/1545/1545 819/1544/1544 818/1546/1546
f 885/1545/1545 818/1546/1546 884/1547/1547
f 884/1547/1547 818/1546/1546 817/1548/1548
f 884/1547/1547 817/1548/1548 883/1549/1549
f 883/1549/1549 817/1548/1548 816/1550/1550
f 883/1549/1549 816/1550/1550 882/1551/1551
f 882/1551/1551 816/1550/1550 815/1552/1552
f 882/1551/1551 815/1552/1552 881/1553/1553
f 881/1553/1553 815/1552/1552 814/1554/1554
f 881/1553/1553 814/1554/1554 880/1555/1555
f 880/1555/1555 814/1554/1554 813/1556/1556
f 880/1555/1555 813/1556/1556 879/1557/1557
f 879/1557/1557 813/1556/1556 812/1558/1558
f 879/1557/1557 812/1558/1558 878/1559/1559
f 878/1559/1559 812/1558/1558 811/1560/1560
f 878/1559/1559 811/1560/1560 810/1561/1561
f 878/1559/1559 810/1561/1561 877/1562/1562
f 877/1562/1562 810/1561/1561 809/1563/1563
f 877/1562/1562 809/1563/1563 876/1564/1564
f 876/1564/1564 809/1563/1563 808/1565/1565
f 876/1564/1564 808/1565/1565 875/1566/1566
f 875/1566/1566 808/1565/1565 807/1567/1567
f 875/1566/1566 807/1567/1567 874/1568/1568
f 874/1568/1568 807/1567/1567 806/1569/1569
f 874/1568/1568 806/1569/1569 805/1570/1570
f 874/1568/1568 805/1570/1570 873/1571/1571
f 873/1571/1571 805/1570/1570 804/1572/1572
f 873/1571/1571 804/1572/1572 872/1573/1573
f 872/1573/1573 804/1572/1572 803/1574/1574
f 872/1573/1573 803/1574/1574 802/1575/1575
f 872/1573/1573 802/1575/1575 871/1576/1576
f 871/1576/1576 802/1575/1575 801/1577/1577
f 871/1576/1576 801/1577/1577 870/1578/1578
f 870/1578/1578 801/1577/1577 800/1579/1579
f 870/1578/1578 800/1579/1579 869/1580/1580
f 869/1580/1580 800/1579/1579 799/1581/1581
f 869/1580/1580 799/1581/1581 868/1582/1582
f 868/1582/1582 799/1581/1581 798/1583/1583
f 868/1582/1582 798/1583/1583 797/1584/1584
f 868/1582/1582 797/1584/1584 867/1585/1585
f 867/1585/1585 797/1584/1584 796/1586/1586
f 867/1585/1585 796/1586/1586 866/1587/1587
f 866/1587/1587 796/1586/1586 795/1588/1588
f 866/1587/1587 795/1588/1588 865/1589/1589
f 865/1589/1589 795/1588/1588 794/1590/1590
f 865/1589/1589 794/1590/1590 864/1591/1591
f 864/1591/1591 794/1590/1590 793/1592/1592
f 864/1591/1591 793/1592/1592 863/1593/1593
f 863/1593/1593 793/1592/1592 792/1594/1594
f 863/1593/1593 792/1594/1594 862/1595/1595
f 862/1595/1595 792/1594/1594 791/1596/1596
f 862/1595/1595 791/1596/1596 861/1597/1597
f 861/1597/1597 791/1596/1596 790/1598/1598
f 861/1597/1597 790/1598/1598 860/1599/1599
f 860/1599/1599 790/1598/1598 789/1600/1600
f 860/1599/1599 789/1600/1600 859/1601/1601
f 859/1601/1601 789/1600/1600 788/1602/1602
f 859/1601/1601 788/1602/1602 858/1603/1603
f 858/1603/1603 788/1602/1602 787/1604/1604
f 858/1603/1603 787/1604/1604 857/1605/1605
f 889/1606/1606 890/1607/1607 823/1608/1608
f 823/1608/1608 890/1607/1607 824/1609/1609
f 824/1609/1609 890/1607/1607 891/1610/1610
f 824/1609/1609 891/1610/1610 825/1611/1611
f 825/1611/1611 891/1610/1610 892/1612/1612
f 825/1611/1611 892/1612/1612 826/1613/1613
f 826/1613/1613 892/1612/1612 893/1614/1614
f 826/1613/1613 893/1614/1614 827/1615/1615
f 827/1615/1615 893/1614/1614 894/1616/1616
f 827/1615/1615 894/1616/1616 828/1617/1617
f 828/1617/1617 894/1616/1616 895/1618/1618
f 828/1617/1617 895/1618/1618 829/1619/1619
f 829/1619/1619 895/1618/1618 896/1620/1620
f 829/1619/1619 896/1620/1620 830/1621/1621
f 830/1621/1621 896/1620/1620 897/1622/1622
f 830/1621/1621 897/1622/1622 831/1623/1623
f 831/1623/1623 897/1622/1622 898/1624/1624
f 831/1623/1623 898/1624/1624 832/1625/1625
f 832/1625/1625 898/1624/1624 899/1626/1626
f 832/1625/1625 899/1626/1626 833/1627/1627
f 833/1627/1627 899/1626/1626 900/1628/1628
f 833/1627/1627 900/1628/1628 834/1629/1629
f 834/1629/1629 900/1628/1628 901/1630/1630
f 834/1629/1629 901/1630/1630 835/1631/1631
f 835/1631/1631 901/1630/1630 902/1632/1632
f 835/1631/1631 902/1632/1632 836/1633/1633
f 836/1633/1633 902/1632/1632 903/1634/1634
f 836/1633/1633 903/1634/1634 837/1635/1635
f 837/1635/1635 903/1634/1634 838/1636/1636
f 838/1636/1636 903/1634/1634 904/1637/1637
f 838/1636/1636 904/1637/1637 839/1638/1638
f 839/1638/1638 904/1637/1637 905/1639/1639
f 839/1638/1638 905/1639/1639 840/1640/1640
f 840/1640/1640 905/1639/1639 906/1641/1641
f 840/1640/1640 906/1641/1641 841/1642/1642
f 841/1642/1642 906/1641/1641 842/1643/1643
f 842/1643/1643 906/1641/1641 907/1644/1644
f 842/1643/1643 907/1644/1644 843/1645/1645
f 843/1645/1645 907/1644/1644 908/1646/1646
f 843/1645/1645 908/1646/1646 844/1647/1647
f 844/1647/1647 908/1646/1646 909/1648/1648
f 844/1647/1647 909/1648/1648 845/1649/1649
f 845/1649/1649 909/1648/1648 910/1650/1650
f 845/1649/1649 910/1650/1650 846/1651/1651
f 846/1651/1651 910/1650/1650 911/1652/1652
f 846/1651/1651 911/1652/1652 847/1653/1653
f 847/1653/1653 911/1652/1652 912/1654/1654
f 847/1653/1653 912/1654/1654 848/1655/1655
f 848/1655/1655 912/1654/1654 913/1656/1656
f 848/1655/1655 913/1656/1656 849/1657/1657
f 849/1657/1657 913/1656/1656 914/1658/1658
f 849/1657/1657 914/1658/1658 850/1659/1659
f 850/1659/1659 914/1658/1658 915/1660/1660
f 850/1659/1659 915/1660/1660 851/1661/1661
f 851/1661/1661 915/1660/1660 916/1662/1662
f 851/1661/1661 916/1662/1662 852/1663/1663
f 852/1663/1663 916/1662/1662 917/1664/1664
f 852/1663/1663 917/1664/1664 853/1665/1665
f 853/1665/1665 917/1664/1664 918/1666/1666
f 853/1665/1665 918/1666/1666 854/1667/1667
f 854/1667/1667 918/1666/1666 919/1668/1668
f 854/1667/1667 919/1668/1668 855/1669/1669
f 855/1669/1669 919/1668/1668 920/1670/1670
f 921/1671/1671 856/1672/1672 953/1673/1673
f 953/1673/1673 856/1672/1672 888/1674/1674
f 953/1673/1673 888/1674/1674 952/1675/1675
f 952/1675/1675 888/1674/1674 887/1676/1676
f 952/1675/1675 887/1676/1676 951/1677/1677
f 951/1677/1677 887/1676/1676 886/1678/1678
f 951/1677/1677 886/1678/1678 950/1679/1679
f 950/1679/1679 886/1678/1678 885/1680/1680
f 950/1679/1679 885/1680/1680 949/1681/1681
f 949/1681/1681 885/1680/1680 884/1682/1682
f 949/1681/1681 884/1682/1682 948/1683/1683
f 948/1683/1683 884/1682/1682 883/1684/1684
f 948/1683/1683 883/1684/1684 947/1685/1685
f 947/1685/1685 883/1684/1684 882/1686/1686
f 947/1685/1685 882/1686/1686 946/1687/1687
f 946/1687/1687 882/1686/1686 881/1688/1688
f 946/1687/1687 881/1688/1688 945/1689/1689
f 945/1689/1689 881/1688/1688 880/1690/1690
f 945/1689/1689 880/1690/1690 944/1691/1691
f 944/1691/1691 880/1690/1690 879/1692/1692
f 944/1691/1691 879/1692/1692 943/1693/1693
f 943/1693/1693 879/1692/1692 878/1694/1694
f 943/1693/1693 878/1694/1694 942/1695/1695
f 942/1695/1695 878/1694/1694 877/1696/1696
f 942/1695/1695 877/1696/1696 941/1697/1697
f 941/1697/1697 877/1696/1696 876/1698/1698
f 941/1697/1697 876/1698/1698 940/1699/1699
f 940/1699/1699 876/1698/1698 875/1700/1700
f 940/1699/1699 875/1700/1700 939/1701/1701
f 939/1701/1701 875/1700/1700 874/1702/1702
f 939/1701/1701 874/1702/1702 938/1703/1703
f 938/1703/1703 874/1702/1702 873/1704/1704
f 938/1703/1703 873/1704/1704 937/1705/1705
f 937/1705/1705 873/1704/1704 872/1706/1706
f 937/1705/1705 872/1706/1706 936/1707/1707
f 936/1707/1707 872/1706/1706 871/1708/1708
f 936/1707/1707 871/1708/1708 935/1709/1709
f 935/1709/1709 871/1708/1708 870/1710/1710
f 935/1709/1709 870/1710/1710 934/1711/1711
f 934/1711/1711 870/1710/1710 869/1712/1712
f 934/1711/1711 869/1712/1712 933/1713/1713
f 933/1713/1713 869/1712/1712 868/1714/1714
f 933/1713/1713 868/1714/1714 932/1715/1715
f 932/1715/1715 868/1714/1714 867/1716/1716
f 932/1715/1715 867/1716/1716 931/1717/1717
f 931/1717/1717 867/1716/1716 866/1718/1718
f 931/1717/1717 866/1718/1718 930/1719/1719
f 930/1719/1719 866/1718/1718 865/1720/1720
f 930/1719/1719 865/1720/1720 929/1721/1721
f 929/1721/1721 865/1720/1720 864/1722/1722
f 929/1721/1721 864/1722/1722 928/1723/1723
f 928/1723/1723 864/1722/1722 863/1724/1724
f 928/1723/1723 863/1724/1724 927/1725/1725
f 927/1725/1725 863/1724/1724 862/1726/1726
f 927/1725/1725 862/1726/1726 926/1727/1727
f 926/1727/1727 862/1726/1726 861/1728/1728
f 926/1727/1727 861/1728/1728 925/1729/1729
f 925/1729/1729 861/1728/1728 860/1730/1730
f 925/1729/1729 860/1730/1730 924/1731/1731
f 924/1731/1731 860/1730/1730 859/1732/1732
f 924/1731/1731 859/1732/1732 923/1733/1733
f 923/1733/1733 859/1732/1732 858/1734/1734
f 923/1733/1733 858/1734/1734 922/1735/1735
f 922/1735/1735 858/1734/1734 857/1736/1736
f 889/1737/1737 572/1738/1738 890/1739/1739
f 890/1739/1739 572/1738/1738 571/1740/1740
f 890/1739/1739 571/1740/1740 891/1741/1741
f 891/1741/1741 571/1740/1740 570/1742/1742
f 891/1741/1741 570/1742/1742 892/1743/1743
f 892/1743/1743 570/1742/1742 569/1744/1744
f 892/1743/1743 569/1744/1744 893/1745/1745
f 893/1745/1745 569/1744/1744 568/1746/1746
f 893/1745/1745 568/1746/1746 894/1747/1747
f 894/1747/1747 568/1746/1746 567/1748/1748
f 894/1747/1747 567/1748/1748 895/1749/1749
f 895/1749/1749 567/1748/1748 566/1750/1750
f 895/1749/1749 566/1750/1750 896/1751/1751
f 896/1751/1751 566/1750/1750 565/1752/1752
f 896/1751/1751 565/1752/1752 897/1753/1753
f 897/1753/1753 565/1752/1752 564/1754/1754
f 897/1753/1753 564/1754/1754 898/1755/1755
f 898/1755/1755 564/1754/1754 563/1756/1756
f 898/1755/1755 563/1756/1756 899/1757/1757
f 899/1757/1757 563/1756/1756 562/1758/1758
f 899/1757/1757 562/1758/1758 900/1759/1759
f 900/1759/1759 562/1758/1758 561/1760/1760
f 900/1759/1759 561/1760/1760 901/1761/1761
f 901/1761/1761 561/1760/1760 560/1762/1762
f 901/1761/1761 560/1762/1762 902/1763/1763
f 902/1763/1763 560/1762/1762 559/1764/1764
f 902/1763/1763 559/1764/1764 903/1765/1765
f 903/1765/1765 559/1764/1764 558/1766/1766
f 903/1765/1765 558/1766/1766 904/1767/1767
f 904/1767/1767 558/1766/1766 557/1768/1768
f 904/1767/1767 557/1768/1768 905/1769/1769
f 905/1769/1769 557/1768/1768 556/1770/1770
f 905/1769/1769 556/1770/1770 906/1771/1771
f 906/1771/1771 556/1770/1770 555/1772/1772
f 906/1771/1771 555/1772/1772 907/1773/1773
f 907/1773/1773 555/1772/1772 554/1774/1774
f 907/1773/1773 554/1774/1774 908/1775/1775
f 908/1775/1775 554/1774/1774 553/1776/1776
f 908/1775/1775 553/1776/1776 909/1777/1777
f 909/1777/1777 553/1776/1776 552/1778/1778
f 909/1777/1777 552/1778/1778 910/1779/1779
f 910/1779/1779 552/1778/1778 551/1780/1780
f 910/1779/1779 551/1780/1780 911/1781/1781
f 911/1781/1781 551/1780/1780 550/1782/1782
f 911/1781/1781 550/1782/1782 912/1783/1783
f 912/1783/1783 550/1782/1782 549/1784/1784
f 912/1783/1783 549/1784/1784 913/1785/1785
f 913/1785/1785 549/1784/1784 548/1786/1786
f 913/1785/1785 548/1786/1786 914/1787/1787
f 914/1787/1787 548/1786/1786 547/1788/1788
f 914/1787/1787 547/1788/1788 915/1789/1789
f 915/1789/1789 547/1788/1788 546/1790/1790
f 915/1789/1789 546/1790/1790 916/1791/1791
f 916/1791/1791 546/1790/1790 545/1792/1792
f 916/1791/1791 545/1792/1792 917/1793/1793
f 917/1793/1793 545/1792/1792 544/1794/1794
f 917/1793/1793 544/1794/1794 918/1795/1795
f 918/1795/1795 544/1794/1794 543/1796/1796
f 918/1795/1795 543/1796/1796 919/1797/1797
f 919/1797/1797 543/1796/1796 542/1798/1798
f 919/1797/1797 542/1798/1798 920/1799/1799
f 920/1799/1799 542/1798/1798 541/1800/1800
f 954/1801/1801 921/1802/1802 985/1803/1803
f 985/1803/1803 921/1802/1802 953/1804/1804
f 985/1803/1803 953/1804/1804 984/1805/1805
f 984/1805/1805 953/1804/1804 952/1806/1806
f 984/1805/1805 952/1806/1806 983/1807/1807
f 983/1807/1807 952/1806/1806 951/1808/1808
f 983/1807/1807 951/1808/1808 982/1809/1809
f 982/1809/1809 951/1808/1808 950/1810/1810
f 982/1809/1809 950/1810/1810 981/1811/1811
f 981/1811/1811 950/1810/1810 949/1812/1812
f 981/1811/1811 949/1812/1812 980/1813/1813
f 980/1813/1813 949/1812/1812 948/1814/1814
f 980/1813/1813 948/1814/1814 979/1815/1815
f 979/1815/1815 948/1814/1814 947/1816/1816
f 979/1815/1815 947/1816/1816 978/1817/1817
f 978/1817/1817 947/1816/1816 946/1818/1818
f 978/1817/1817 946/1818/1818 977/1819/1819
f 977/1819/1819 946/1818/1818 945/1820/1820
f 977/1819/1819 945/1820/1820 976/1821/1821
f 976/1821/1821 945/1820/1820 944/1822/1822
f 976/1821/1821 944/1822/1822 975/1823/1823
f 975/1823/1823 944/1822/1822 943/1824/1824
f 975/1823/1823 943/1824/1824 974/1825/1825
f 974/1825/1825 943/1824/1824 942/1826/1826
f 974/1825/1825 942/1826/1826 973/1827/1827
f 973/1827/1827 942/1826/1826 941/1828/1828
f 973/1827/1827 941/1828/1828 972/1829/1829
f 972/1829/1829 941/1828/1828 940/1830/1830
f 972/1829/1829 940/1830/1830 939/1831/1831
f 972/1829/1829 939/1831/1831 971/1832/1832
f 971/1832/1832 939/1831/1831 938/1833/1833
f 971/1832/1832 938/1833/1833 970/1834/1834
f 970/1834/1834 938/1833/1833 937/1835/1835
f 970/1834/1834 937/1835/1835 969/1836/1836
f 969/1836/1836 937/1835/1835 936/1837/1837
f 969/1836/1836 936/1837/1837 935/1838/1838
f 969/1836/1836 935/1838/1838 968/1839/1839
f 968/1839/1839 935/1838/1838 934/1840/1840
f 968/1839/1839 934/1840/1840 967/1841/1841
f 967/1841/1841 934/1840/1840 933/1842/1842
f 967/1841/1841 933/1842/1842 966/1843/1843
f 966/1843/1843 933/1842/1842 932/1844/1844
f 966/1843/1843 932/1844/1844 965/1845/1845
f 965/1845/1845 932/1844/1844 931/1846/1846
f 965/1845/1845 931/1846/1846 964/1847/1847
f 964/1847/1847 931/1846/1846 930/1848/1848
f 964/1847/1847 930/1848/1848 963/1849/1849
f 963/1849/1849 930/1848/1848 929/1850/1850
f 963/1849/1849 929/1850/1850 962/1851/1851
f 962/1851/1851 929/1850/1850 928/1852/1852
f 962/1851/1851 928/1852/1852 961/1853/1853
f 961/1853/1853 928/1852/1852 927/1854/1854
f 961/1853/1853 927/1854/1854 960/1855/1855
f 960/1855/1855 927/1854/1854 926/1856/1856
f 960/1855/1855 926/1856/1856 959/1857/1857
f 959/1857/1857 926/1856/1856 925/1858/1858
f 959/1857/1857 925/1858/1858 958/1859/1859
f 958/1859/1859 925/1858/1858 924/1860/1860
f 958/1859/1859 924/1860/1860 957/1861/1861
f 957/1861/1861 924/1860/1860 923/1862/1862
f 957/1861/1861 923/1862/1862 956/1863/1863
f 956/1863/1863 923/1862/1862 922/1864/1864
f 956/1863/1863 922/1864/1864 955/1865/1865
f 362/1866/1866 954/1867/1867 363/1868/1868
f 363/1868/1868 954/1867/1867 985/1869/1869
f 363/1868/1868 985/1869/1869 364/1870/1870
f 364/1870/1870 985/1869/1869 984/1871/1871
f 364/1870/1870 984/1871/1871 365/1872/1872
f 365/1872/1872 984/1871/1871 983/1873/1873
f 365/1872/1872 983/1873/1873 366/1874/1874
f 366/1874/1874 983/1873/1873 982/1875/1875
f 366/1874/1874 982/1875/1875 367/1876/1876
f 367/1876/1876 982/1875/1875 981/1877/1877
f 367/1876/1876 981/1877/1877 368/1878/1878
f 368/1878/1878 981/1877/1877 980/1879/1879
f 368/1878/1878 980/1879/1879 369/1880/1880
f 369/1880/1880 980/1879/1879 979/1881/1881
f 369/1880/1880 979/1881/1881 370/1882/1882
f 370/1882/1882 979/1881/1881 978/1883/1883
f 370/1882/1882 978/1883/1883 371/1884/1884
f 371/1884/1884 978/1883/1883 977/1885/1885
f 371/1884/1884 977/1885/1885 372/1886/1886
f 372/1886/1886 977/1885/1885 976/1887/1887
f 372/1886/1886 976/1887/1887 373/1888/1888
f 373/1888/1888 976/1887/1887 975/1889/1889
f 373/1888/1888 975/1889/1889 374/1890/1890
f 374/1890/1890 975/1889/1889 974/1891/1891
f 374/1890/1890 974/1891/1891 375/1892/1892
f 375/1892/1892 974/1891/1891 973/1893/1893
f 375/1892/1892 973/1893/1893 376/1894/1894
f 376/1894/1894 973/1893/1893 972/1895/1895
f 376/1894/1894 972/1895/1895 377/1896/1896
f 377/1896/1896 972/1895/1895 971/1897/1897
f 377/1896/1896 971/1897/1897 378/1898/1898
f 378/1898/1898 971/1897/1897 970/1899/1899
f 378/1898/1898 970/1899/1899 379/1900/1900
f 379/1900/1900 970/1899/1899 969/1901/1901
f 379/1900/1900 969/1901/1901 380/1902/1902
f 380/1902/1902 969/1901/1901 968/1903/1903
f 380/1902/1902 968/1903/1903 381/1904/1904
f 381/1904/1904 968/1903/1903 967/1905/1905
f 381/1904/1904 967/1905/1905 382/1906/1906
f 382/1906/1906 967/1905/1905 966/1907/1907
f 382/1906/1906 966/1907/1907 383/1908/1908
f 383/1908/1908 966/1907/1907 965/1909/1909
f 383/1908/1908 965/1909/1909 384/1910/1910
f 384/1910/1910 965/1909/1909 964/1911/1911
f 384/1910/1910 964/1911/1911 385/1912/1912
f 385/1912/1912 964/1911/1911 963/1913/1913
f 385/1912/1912 963/1913/1913 386/1914/1914
f 386/1914/1914 963/1913/1913 962/1915/1915
f 386/1914/1914 962/1915/1915 387/1916/1916
f 387/1916/1916 962/1915/1915 961/1917/1917
f 387/1916/1916 961/1917/1917 388/1918/1918
f 388/1918/1918 961/1917/1917 960/1919/1919
f 388/1918/1918 960/1919/1919 389/1920/1920
f 389/1920/1920 960/1919/1919 959/1921/1921
f 389/1920/1920 959/1921/1921 390/1922/1922
f 390/1922/1922 959/1921/1921 958/1923/1923
f 390/1922/1922 958/1923/1923 391/1924/1924
f 391/1924/1924 958/1923/1923 957/1925/1925
f 391/1924/1924 957/1925/1925 392/1926/1926
f 392/1926/1926 957/1925/1925 956/1927/1927
f 392/1926/1926 956/1927/1927 393/1928/1928
f 393/1928/1928 956/1927/1927 955/1929/1929
f 430/1930/1930 429/1931/1931 431/1932/1932
f 431/1932/1932 429/1931/1931 583/1933/1933
f 433/1934/1934 432/1935/1935 986/1936/1936
f 986/1936/1936 432/1935/1935 628/1937/1937
f 395/1938/1938 986/1939/1939 396/1940/1940
f 396/1940/1940 986/1939/1939 628/1941/1941
f 396/1940/1940 628/1941/1941 627/1942/1942
f 627/1942/1942 398/1943/1943 396/1940/1940
f 399/1944/1944 398/1945/1945 400/1946/1946
f 400/1946/1946 398/1945/1945 627/1947/1947
f 404/1948/1948 403/1949/1949 987/1950/1950
f 987/1950/1950 403/1949/1949 630/1951/1951
f 415/1952/1952 987/1953/1953 416/1954/1954
f 416/1954/1954 987/1953/1953 630/1955/1955
f 416/1954/1954 630/1955/1955 418/1956/1956
f 418/1956/1956 630/1955/1955 648/1957/1957
f 648/1957/1957 630/1955/1955 647/1958/1958
f 647/1958/1958 630/1955/1955 629/1959/1959
f 419/1960/1960 418/1961/1961 420/1962/1962
f 420/1962/1962 418/1961/1961 648/1963/1963
f 584/1964/1964 616/1965/1965 273/1966/1966
f 273/1966/1966 616/1965/1965 274/1967/1967
f 274/1967/1967 616/1965/1965 615/1968/1968
f 274/1967/1967 615/1968/1968 275/1969/1969
f 275/1969/1969 615/1968/1968 614/1970/1970
f 275/1969/1969 614/1970/1970 276/1971/1971
f 276/1971/1971 614/1970/1970 613/1972/1972
f 276/1971/1971 613/1972/1972 277/1973/1973
f 277/1973/1973 613/1972/1972 612/1974/1974
f 277/1973/1973 612/1974/1974 278/1975/1975
f 278/1975/1975 612/1974/1974 611/1976/1976
f 278/1975/1975 611/1976/1976 279/1977/1977
f 279/1977/1977 611/1976/1976 610/1978/1978
f 279/1977/1977 610/1978/1978 280/1979/1979
f 280/1979/1979 610/1978/1978 609/1980/1980
f 280/1979/1979 609/1980/1980 281/1981/1981
f 281/1981/1981 609/1980/1980 608/1982/1982
f 281/1981/1981 608/1982/1982 282/1983/1983
f 282/1983/1983 608/1982/1982 607/1984/1984
f 282/1983/1983 607/1984/1984 283/1985/1985
f 283/1985/1985 607/1984/1984 606/1986/1986
f 283/1985/1985 606/1986/1986 284/1987/1987
f 284/1987/1987 606/1986/1986 285/1988/1988
f 285/1988/1988 606/1986/1986 605/1989/1989
f 285/1988/1988 605/1989/1989 286/1990/1990
f 286/1990/1990 605/1989/1989 604/1991/1991
f 286/1990/1990 604/1991/1991 287/1992/1992
f 287/1992/1992 604/1991/1991 603/1993/1993
f 287/1992/1992 603/1993/1993 288/1994/1994
f 288/1994/1994 603/1993/1993 602/1995/1995
f 288/1994/1994 602/1995/1995 289/1996/1996
f 289/1996/1996 602/1995/1995 290/1997/1997
f 290/1997/1997 602/1995/1995 601/1998/1998
f 290/1997/1997 601/1998/1998 291/1999/1999
f 291/1999/1999 601/1998/1998 600/2000/2000
f 291/1999/1999 600/2000/2000 292/2001/2001
f 292/2001/2001 600/2000/2000 293/2002/2002
f 293/2002/2002 600/2000/2000 599/2003/2003
f 293/2002/2002 599/2003/2003 294/2004/2004
f 294/2004/2004 599/2003/2003 598/2005/2005
f 294/2004/2004 598/2005/2005 295/2006/2006
f 295/2006/2006 598/2005/2005 597/2007/2007
f 295/2006/2006 597/2007/2007 296/2008/2008
f 296/2008/2008 597/2007/2007 596/2009/2009
f 296/2008/2008 596/2009/2009 297/2010/2010
f 297/2010/2010 596/2009/2009 298/2011/2011
f 298/2011/2011 596/2009/2009 595/2012/2012
f 298/2011/2011 595/2012/2012 299/2013/2013
f 299/2013/2013 595/2012/2012 594/2014/2014
f 299/2013/2013 594/2014/2014 300/2015/2015
f 300/2015/2015 594/2014/2014 593/2016/2016
f 300/2015/2015 593/2016/2016 301/2017/2017
f 301/2017/2017 593/2016/2016 592/2018/2018
f 301/2017/2017 592/2018/2018 302/2019/2019
f 302/2019/2019 592/2018/2018 591/2020/2020
f 302/2019/2019 591/2020/2020 303/2021/2021
f 303/2021/2021 591/2020/2020 590/2022/2022
f 303/2021/2021 590/2022/2022 304/2023/2023
f 304/2023/2023 590/2022/2022 589/2024/2024
f 304/2023/2023 589/2024/2024 305/2025/2025
f 305/2025/2025 589/2024/2024 588/2026/2026
f 305/2025/2025 588/2026/2026 306/2027/2027
f 306/2027/2027 588/2026/2026 587/2028/2028
f 306/2027/2027 587/2028/2028 307/2029/2029
f 307/2029/2029 587/2028/2028 586/2030/2030
f 307/2029/2029 586/2030/2030 308/2031/2031
f 308/2031/2031 586/2030/2030 585/2032/2032
f 11/2033/2033 683/2034/2034 45/2035/2035
f 45/2035/2035 683/2034/2034 716/2036/2036
f 45/2035/2035 716/2036/2036 46/2037/2037
f 46/2037/2037 716/2036/2036 715/2038/2038
f 46/2037/2037 715/2038/2038 47/2039/2039
f 47/2039/2039 715/2038/2038 714/2040/2040
f 47/2039/2039 714/2040/2040 48/2041/2041
f 48/2041/2041 714/2040/2040 713/2042/2042
f 48/2041/2041 713/2042/2042 49/2043/2043
f 49/2043/2043 713/2042/2042 712/2044/2044
f 49/2043/2043 712/2044/2044 50/2045/2045
f 50/2045/2045 712/2044/2044 711/2046/2046
f 50/2045/2045 711/2046/2046 51/2047/2047
f 51/2047/2047 711/2046/2046 710/2048/2048
f 51/2047/2047 710/2048/2048 52/2049/2049
f 52/2049/2049 710/2048/2048 709/2050/2050
f 52/2049/2049 709/2050/2050 53/2051/2051
f 53/2051/2051 709/2050/2050 708/2052/2052
f 53/2051/2051 708/2052/2052 54/2053/2053
f 54/2053/2053 708/2052/2052 707/2054/2054
f 54/2053/2053 707/2054/2054 55/2055/2055
f 55/2055/2055 707/2054/2054 706/2056/2056
f 55/2055/2055 706/2056/2056 56/2057/2057
f 56/2057/2057 706/2056/2056 705/2058/2058
f 56/2057/2057 705/2058/2058 57/2059/2059
f 57/2059/2059 705/2058/2058 704/2060/2060
f 57/2059/2059 704/2060/2060 58/2061/2061
f 58/2061/2061 704/2060/2060 703/2062/2062
f 58/2061/2061 703/2062/2062 59/2063/2063
f 59/2063/2063 703/2062/2062 702/2064/2064
f 59/2063/2063 702/2064/2064 1/2065/2065
f 1/2065/2065 702/2064/2064 701/2066/2066
f 657/2067/2067 660/2068/2068 573/2069/2069
f 573/2069/2069 660/2068/2068 574/2070/2070
f 574/2070/2070 660/2068/2068 634/2071/2071
f 574/2070/2070 634/2071/2071 675/2072/2072
f 634/2071/2071 660/2068/2068 635/2073/2073
f 635/2073/2073 660/2068/2068 661/2074/2074
f 635/2073/2073 661/2074/2074 664/2075/2075
f 664/2075/2075 673/2076/2076 635/2073/2073
f 988/2077/2077 216/2078/2078 1020/2079/2079
f 1020/2079/2079 216/2078/2078 215/2080/2080
f 1020/2079/2079 215/2080/2080 1019/2081/2081
f 1019/2081/2081 215/2080/2080 214/2082/2082
f 1019/2081/2081 214/2082/2082 1018/2083/2083
f 1018/2083/2083 214/2082/2082 213/2084/2084
f 1018/2083/2083 213/2084/2084 1017/2085/2085
f 1017/2085/2085 213/2084/2084 212/2086/2086
f 1017/2085/2085 212/2086/2086 1016/2087/2087
f 1016/2087/2087 212/2086/2086 211/2088/2088
f 1016/2087/2087 211/2088/2088 1015/2089/2089
f 1015/2089/2089 211/2088/2088 210/2090/2090
f 1015/2089/2089 210/2090/2090 1014/2091/2091
f 1014/2091/2091 210/2090/2090 209/2092/2092
f 1014/2091/2091 209/2092/2092 1013/2093/2093
f 1013/2093/2093 209/2092/2092 208/2094/2094
f 1013/2093/2093 208/2094/2094 1012/2095/2095
f 1012/2095/2095 208/2094/2094 207/2096/2096
f 1012/2095/2095 207/2096/2096 1011/2097/2097
f 1011/2097/2097 207/2096/2096 206/2098/2098
f 1011/2097/2097 206/2098/2098 1010/2099/2099
f 1010/2099/2099 206/2098/2098 205/2100/2100
f 1010/2099/2099 205/2100/2100 204/2101/2101
f 1010/2099/2099 204/2101/2101 1009/2102/2102
f 1009/2102/2102 204/2101/2101 203/2103/2103
f 1009/2102/2102 203/2103/2103 1008/2104/2104
f 1008/2104/2104 203/2103/2103 202/2105/2105
f 1008/2104/2104 202/2105/2105 1007/2106/2106
f 1007/2106/2106 202/2105/2105 201/2107/2107
f 1007/2106/2106 201/2107/2107 1006/2108/2108
f 1006/2108/2108 201/2107/2107 200/2109/2109
f 1006/2108/2108 200/2109/2109 199/2110/2110
f 1006/2108/2108 199/2110/2110 1005/2111/2111
f 1005/2111/2111 199/2110/2110 198/2112/2112
f 1005/2111/2111 198/2112/2112 1004/2113/2113
f 1004/2113/2113 198/2112/2112 197/2114/2114
f 1004/2113/2113 197/2114/2114 196/2115/2115
f 1004/2113/2113 196/2115/2115 1003/2116/2116
f 1003/2116/2116 196/2115/2115 195/2117/2117
f 1003/2116/2116 195/2117/2117 1002/2118/2118
f 1002/2118/2118 195/2117/2117 194/2119/2119
f 1002/2118/2118 194/2119/2119 1001/2120/2120
f 1001/2120/2120 194/2119/2119 193/2121/2121
f 1001/2120/2120 193/2121/2121 1000/2122/2122
f 1000/2122/2122 193/2121/2121 192/2123/2123
f 1000/2122/2122 192/2123/2123 191/2124/2124
f 1000/2122/2122 191/2124/2124 999/2125/2125
f 999/2125/2125 191/2124/2124 190/2126/2126
f 999/2125/2125 190/2126/2126 998/2127/2127
f 998/2127/2127 190/2126/2126 189/2128/2128
f 998/2127/2127 189/2128/2128 997/2129/2129
f 997/2129/2129 189/2128/2128 188/2130/2130
f 997/2129/2129 188/2130/2130 996/2131/2131
f 996/2131/2131 188/2130/2130 187/2132/2132
f 996/2131/2131 187/2132/2132 995/2133/2133
f 995/2133/2133 187/2132/2132 186/2134/2134
f 995/2133/2133 186/2134/2134 994/2135/2135
f 994/2135/2135 186/2134/2134 185/2136/2136
f 994/2135/2135 185/2136/2136 993/2137/2137
f 993/2137/2137 185/2136/2136 184/2138/2138
f 993/2137/2137 184/2138/2138 992/2139/2139
f 992/2139/2139 184/2138/2138 183/2140/2140
f 992/2139/2139 183/2140/2140 991/2141/2141
f 991/2141/2141 183/2140/2140 182/2142/2142
f 991/2141/2141 182/2142/2142 990/2143/2143
f 990/2143/2143 182/2142/2142 181/2144/2144
f 990/2143/2143 181/2144/2144 989/2145/2145
f 1021/2146/2146 988/2147/2147 1053/2148/2148
f 1053/2148/2148 988/2147/2147 1020/2149/2149
f 1053/2148/2148 1020/2149/2149 1052/2150/2150
f 1052/2150/2150 1020/2149/2149 1019/2151/2151
f 1052/2150/2150 1019/2151/2151 1051/2152/2152
f 1051/2152/2152 1019/2151/2151 1018/2153/2153
f 1051/2152/2152 1018/2153/2153 1050/2154/2154
f 1050/2154/2154 1018/2153/2153 1017/2155/2155
f 1050/2154/2154 1017/2155/2155 1049/2156/2156
f 1049/2156/2156 1017/2155/2155 1016/2157/2157
f 1049/2156/2156 1016/2157/2157 1048/2158/2158
f 1048/2158/2158 1016/2157/2157 1015/2159/2159
f 1048/2158/2158 1015/2159/2159 1047/2160/2160
f 1047/2160/2160 1015/2159/2159 1014/2161/2161
f 1047/2160/2160 1014/2161/2161 1046/2162/2162
f 1046/2162/2162 1014/2161/2161 1013/2163/2163
f 1046/2162/2162 1013/2163/2163 1045/2164/2164
f 1045/2164/2164 1013/2163/2163 1012/2165/2165
f 1045/2164/2164 1012/2165/2165 1044/2166/2166
f 1044/2166/2166 1012/2165/2165 1011/2167/2167
f 1044/2166/2166 1011/2167/2167 1043/2168/2168
f 1043/2168/2168 1011/2167/2167 1010/2169/2169
f 1043/2168/2168 1010/2169/2169 1042/2170/2170
f 1042/2170/2170 1010/2169/2169 1009/2171/2171
f 1042/2170/2170 1009/2171/2171 1041/2172/2172
f 1041/2172/2172 1009/2171/2171 1008/2173/2173
f 1041/2172/2172 1008/2173/2173 1040/2174/2174
f 1040/2174/2174 1008/2173/2173 1007/2175/2175
f 1040/2174/2174 1007/2175/2175 1039/2176/2176
f 1039/2176/2176 1007/2175/2175 1006/2177/2177
f 1039/2176/2176 1006/2177/2177 1038/2178/2178
f 1038/2178/2178 1006/2177/2177 1005/2179/2179
f 1038/2178/2178 1005/2179/2179 1037/2180/2180
f 1037/2180/2180 1005/2179/2179 1004/2181/2181
f 1037/2180/2180 1004/2181/2181 1036/2182/2182
f 1036/2182/2182 1004/2181/2181 1003/2183/2183
f 1036/2182/2182 1003/2183/2183 1035/2184/2184
f 1035/2184/2184 1003/2183/2183 1002/2185/2185
f 1035/2184/2184 1002/2185/2185 1034/2186/2186
f 1034/2186/2186 1002/2185/2185 1001/2187/2187
f 1034/2186/2186 1001/2187/2187 1033/2188/2188
f 1033/2188/2188 1001/2187/2187 1000/2189/2189
f 1033/2188/2188 1000/2189/2189 1032/2190/2190
f 1032/2190/2190 1000/2189/2189 999/2191/2191
f 1032/2190/2190 999/2191/2191 1031/2192/2192
f 1031/2192/2192 999/2191/2191 998/2193/2193
f 1031/2192/2192 998/2193/2193 1030/2194/2194
f 1030/2194/2194 998/2193/2193 997/2195/2195
f 1030/2194/2194 997/2195/2195 1029/2196/2196
f 1029/2196/2196 997/2195/2195 996/2197/2197
f 1029/2196/2196 996/2197/2197 1028/2198/2198
f 1028/2198/2198 996/2197/2197 995/2199/2199
f 1028/2198/2198 995/2199/2199 1027/2200/2200
f 1027/2200/2200 995/2199/2199 994/2201/2201
f 1027/2200/2200 994/2201/2201 1026/2202/2202
f 1026/2202/2202 994/2201/2201 993/2203/2203
f 1026/2202/2202 993/2203/2203 1025/2204/2204
f 1025/2204/2204 993/2203/2203 992/2205/2205
f 1025/2204/2204 992/2205/2205 1024/2206/2206
f 1024/2206/2206 992/2205/2205 991/2207/2207
f 1024/2206/2206 991/2207/2207 1023/2208/2208
f 1023/2208/2208 991/2207/2207 990/2209/2209
f 1023/2208/2208 990/2209/2209 1022/2210/2210
f 1022/2210/2210 990/2209/2209 989/2211/2211
f 1054/2212/2212 1021/2213/2213 1085/2214/2214
f 1085/2214/2214 1021/2213/2213 1053/2215/2215
f 1085/2214/2214 1053/2215/2215 1084/2216/2216
f 1084/2216/2216 1053/2215/2215 1052/2217/2217
f 1084/2216/2216 1052/2217/2217 1083/2218/2218
f 1083/2218/2218 1052/2217/2217 1051/2219/2219
f 1083/2218/2218 1051/2219/2219 1082/2220/2220
f 1082/2220/2220 1051/2219/2219 1050/2221/2221
f 1082/2220/2220 1050/2221/2221 1081/2222/2222
f 1081/2222/2222 1050/2221/2221 1049/2223/2223
f 1081/2222/2222 1049/2223/2223 1080/2224/2224
f 1080/2224/2224 1049/2223/2223 1048/2225/2225
f 1080/2224/2224 1048/2225/2225 1079/2226/2226
f 1079/2226/2226 1048/2225/2225 1047/2227/2227
f 1079/2226/2226 1047/2227/2227 1078/2228/2228
f 1078/2228/2228 1047/2227/2227 1046/2229/2229
f 1078/2228/2228 1046/2229/2229 1077/2230/2230
f 1077/2230/2230 1046/2229/2229 1045/2231/2231
f 1077/2230/2230 1045/2231/2231 1076/2232/2232
f 1076/2232/2232 1045/2231/2231 1044/2233/2233
f 1076/2232/2232 1044/2233/2233 1075/2234/2234
f 1075/2234/2234 1044/2233/2233 1043/2235/2235
f 1075/2234/2234 1043/2235/2235 1074/2236/2236
f 1074/2236/2236 1043/2235/2235 1042/2237/2237
f 1074/2236/2236 1042/2237/2237 1073/2238/2238
f 1073/2238/2238 1042/2237/2237 1041/2239/2239
f 1073/2238/2238 1041/2239/2239 1072/2240/2240
f 1072/2240/2240 1041/2239/2239 1040/2241/2241
f 1072/2240/2240 1040/2241/2241 1039/2242/2242
f 1072/2240/2240 1039/2242/2242 1071/2243/2243
f 1071/2243/2243 1039/2242/2242 1038/2244/2244
f 1071/2243/2243 1038/2244/2244 1070/2245/2245
f 1070/2245/2245 1038/2244/2244 1037/2246/2246
f 1070/2245/2245 1037/2246/2246 1069/2247/2247
f 1069/2247/2247 1037/2246/2246 1036/2248/2248
f 1069/2247/2247 1036/2248/2248 1035/2249/2249
f 1069/2247/2247 1035/2249/2249 1068/2250/2250
f 1068/2250/2250 1035/2249/2249 1034/2251/2251
f 1068/2250/2250 1034/2251/2251 1067/2252/2252
f 1067/2252/2252 1034/2251/2251 1033/2253/2253
f 1067/2252/2252 1033/2253/2253 1066/2254/2254
f 1066/2254/2254 1033/2253/2253 1032/2255/2255
f 1066/2254/2254 1032/2255/2255 1065/2256/2256
f 1065/2256/2256 1032/2255/2255 1031/2257/2257
f 1065/2256/2256 1031/2257/2257 1064/2258/2258
f 1064/2258/2258 1031/2257/2257 1030/2259/2259
f 1064/2258/2258 1030/2259/2259 1063/2260/2260
f 1063/2260/2260 1030/2259/2259 1029/2261/2261
f 1063/2260/2260 1029/2261/2261 1062/2262/2262
f 1062/2262/2262 1029/2261/2261 1028/2263/2263
f 1062/2262/2262 1028/2263/2263 1061/2264/2264
f 1061/2264/2264 1028/2263/2263 1027/2265/2265
f 1061/2264/2264 1027/2265/2265 1060/2266/2266
f 1060/2266/2266 1027/2265/2265 1026/2267/2267
f 1060/2266/2266 1026/2267/2267 1059/2268/2268
f 1059/2268/2268 1026/2267/2267 1025/2269/2269
f 1059/2268/2268 1025/2269/2269 1058/2270/2270
f 1058/2270/2270 1025/2269/2269 1024/2271/2271
f 1058/2270/2270 1024/2271/2271 1057/2272/2272
f 1057/2272/2272 1024/2271/2271 1023/2273/2273
f 1057/2272/2272 1023/2273/2273 1056/2274/2274
f 1056/2274/2274 1023/2273/2273 1022/2275/2275
f 1056/2274/2274 1022/2275/2275 1055/2276/2276
f 330/2277/2277 1054/2278/2278 331/2279/2279
f 331/2279/2279 1054/2278/2278 1085/2280/2280
f 331/2279/2279 1085/2280/2280 332/2281/2281
f 332/2281/2281 1085/2280/2280 1084/2282/2282
f 332/2281/2281 1084/2282/2282 333/2283/2283
f 333/2283/2283 1084/2282/2282 1083/2284/2284
f 333/2283/2283 1083/2284/2284 334/2285/2285
f 334/2285/2285 1083/2284/2284 1082/2286/2286
f 334/2285/2285 1082/2286/2286 335/2287/2287
f 335/2287/2287 1082/2286/2286 1081/2288/2288
f 335/2287/2287 1081/2288/2288 336/2289/2289
f 336/2289/2289 1081/2288/2288 1080/2290/2290
f 336/2289/2289 1080/2290/2290 337/2291/2291
f 337/2291/2291 1080/2290/2290 1079/2292/2292
f 337/2291/2291 1079/2292/2292 338/2293/2293
f 338/2293/2293 1079/2292/2292 1078/2294/2294
f 338/2293/2293 1078/2294/2294 339/2295/2295
f 339/2295/2295 1078/2294/2294 1077/2296/2296
f 339/2295/2295 1077/2296/2296 340/2297/2297
f 340/2297/2297 1077/2296/2296 1076/2298/2298
f 340/2297/2297 1076/2298/2298 341/2299/2299
f 341/2299/2299 1076/2298/2298 1075/2300/2300
f 341/2299/2299 1075/2300/2300 342/2301/2301
f 342/2301/2301 1075/2300/2300 1074/2302/2302
f 342/2301/2301 1074/2302/2302 343/2303/2303
f 343/2303/2303 1074/2302/2302 1073/2304/2304
f 343/2303/2303 1073/2304/2304 344/2305/2305
f 344/2305/2305 1073/2304/2304 1072/2306/2306
f 344/2305/2305 1072/2306/2306 345/2307/2307
f 345/2307/2307 1072/2306/2306 1071/2308/2308
f 345/2307/2307 1071/2308/2308 346/2309/2309
f 346/2309/2309 1071/2308/2308 1070/2310/2310
f 346/2309/2309 1070/2310/2310 347/2311/2311
f 347/2311/2311 1070/2310/2310 1069/2312/2312
f 347/2311/2311 1069/2312/2312 348/2313/2313
f 348/2313/2313 1069/2312/2312 1068/2314/2314
f 348/2313/2313 1068/2314/2314 349/2315/2315
f 349/2315/2315 1068/2314/2314 1067/2316/2316
f 349/2315/2315 1067/2316/2316 350/2317/2317
f 350/2317/2317 1067/2316/2316 1066/2318/2318
f 350/2317/2317 1066/2318/2318 351/2319/2319
f 351/2319/2319 1066/2318/2318 1065/2320/2320
f 351/2319/2319 1065/2320/2320 352/2321/2321
f 352/2321/2321 1065/2320/2320 1064/2322/2322
f 352/2321/2321 1064/2322/2322 353/2323/2323
f 353/2323/2323 1064/2322/2322 1063/2324/2324
f 353/2323/2323 1063/2324/2324 354/2325/2325
f 354/2325/2325 1063/2324/2324 1062/2326/2326
f 354/2325/2325 1062/2326/2326 355/2327/2327
f 355/2327/2327 1062/2326/2326 1061/2328/2328
f 355/2327/2327 1061/2328/2328 356/2329/2329
f 356/2329/2329 1061/2328/2328 1060/2330/2330
f 356/2329/2329 1060/2330/2330 357/2331/2331
f 357/2331/2331 1060/2330/2330 1059/2332/2332
f 357/2331/2331 1059/2332/2332 358/2333/2333
f 358/2333/2333 1059/2332/2332 1058/2334/2334
f 358/2333/2333 1058/2334/2334 359/2335/2335
f 359/2335/2335 1058/2334/2334 1057/2336/2336
f 359/2335/2335 1057/2336/2336 360/2337/2337
f 360/2337/2337 1057/2336/2336 1056/2338/2338
f 360/2337/2337 1056/2338/2338 361/2339/2339
f 361/2339/2339 1056/2338/2338 1055/2340/2340
f 684/2341/2341 683/2342/2342 9/2343/2343
f 9/2343/2343 683/2342/2342 11/2344/2344
f 9/2343/2343 11/2344/2344 5/2345/2345
f 5/2345/2345 11/2344/2344 6/2346/2346
f 14/2347/2347 13/2348/2348 654/2349/2349
f 654/2349/2349 13/2348/2348 134/2350/2350
f 654/2349/2349 134/2350/2350 329/2351/2351
f 329/2351/2351 134/2350/2350 139/2352/2352
f 329/2351/2351 139/2352/2352 330/2353/2353
f 330/2353/2353 139/2352/2352 1021/2354/2354
f 330/2353/2353 1021/2354/2354 1054/2355/2355
f 139/2352/2352 216/2356/2356 1021/2354/2354
f 1021/2354/2354 216/2356/2356 988/2357/2357
f 329/2351/2351 625/2358/2358 654/2349/2349
f 654/2349/2349 700/2359/2359 14/2347/2347
f 822/2360/2360 921/2361/2361 220/2362/2362
f 220/2362/2362 921/2361/2361 954/2363/2363
f 220/2362/2362 954/2363/2363 362/2364/2364
f 822/2360/2360 856/2365/2365 921/2361/2361
f 220/2362/2362 362/2364/2364 180/2366/2366
f 180/2366/2366 362/2364/2364 361/2367/2367
f 180/2366/2366 361/2367/2367 1055/2368/2368
f 1055/2368/2368 1022/2369/2369 180/2366/2366
f 180/2366/2366 1022/2369/2369 181/2370/2370
f 181/2370/2370 1022/2369/2369 989/2371/2371
f 584/2372/2372 273/2373/2373 444/2374/2374
f 444/2374/2374 273/2373/2373 17/2375/2375
f 444/2374/2374 17/2375/2375 445/2376/2376
f 445/2376/2376 17/2375/2375 509/2377/2377
f 509/2377/2377 17/2375/2375 573/2378/2378
f 573/2378/2378 17/2375/2375 23/2379/2379
f 573/2378/2378 23/2379/2379 658/2380/2380
f 658/2380/2380 23/2379/2379 2/2381/2381
f 658/2380/2380 2/2381/2381 1/2382/2382
f 1/2382/2382 701/2383/2383 658/2380/2380
f 658/2380/2380 657/2384/2384 573/2378/2378
f 476/2385/2385 540/2386/2386 272/2387/2387
f 272/2387/2387 540/2386/2386 572/2388/2388
f 272/2387/2387 572/2388/2388 265/2389/2389
f 265/2389/2389 572/2388/2388 889/2390/2390
f 265/2389/2389 889/2390/2390 823/2391/2391
f 754/2392/2392 718/2393/2393 823/2391/2391
f 823/2391/2391 718/2393/2393 265/2389/2389
f 476/2385/2385 272/2387/2387 477/2394/2394
f 477/2394/2394 272/2387/2387 308/2395/2395
f 477/2394/2394 308/2395/2395 585/2396/2396
f 753/2397/2397 855/2398/2398 441/2399/2399
f 441/2399/2399 855/2398/2398 541/2400/2400
f 441/2399/2399 541/2400/2400 426/2401/2401
f 753/2397/2397 786/2402/2402 855/2398/2398
f 855/2398/2398 920/2403/2403 541/2400/2400
f 441/2399/2399 426/2401/2401 439/2404/2404
f 439/2404/2404 426/2401/2401 425/2405/2405
f 439/2404/2404 425/2405/2405 395/2406/2406
f 395/2406/2406 425/2405/2405 986/2407/2407
f 986/2407/2407 425/2405/2405 433/2408/2408
f 395/2406/2406 394/2409/2409 439/2404/2404
f 439/2404/2404 394/2409/2409 415/2410/2410
f 439/2404/2404 415/2410/2410 434/2411/2411
f 434/2411/2411 415/2410/2410 414/2412/2412
f 434/2411/2411 414/2412/2412 406/2413/2413
f 406/2413/2413 414/2412/2412 622/2414/2414
f 622/2414/2414 414/2412/2412 424/2415/2415
f 404/2416/2416 987/2417/2417 394/2409/2409
f 394/2409/2409 987/2417/2417 415/2410/2410
f 406/2413/2413 405/2418/2418 434/2411/2411
f 434/2411/2411 405/2418/2418 314/2419/2419
f 434/2411/2411 314/2419/2419 313/2420/2420
f 413/2421/2421 617/2422/2422 405/2418/2418
f 405/2418/2418 617/2422/2422 314/2419/2419
f 434/2411/2411 313/2420/2420 435/2423/2423
f 435/2423/2423 313/2420/2420 393/2424/2424
f 435/2423/2423 393/2424/2424 922/2425/2425
f 922/2425/2425 393/2424/2424 955/2426/2426
f 857/2427/2427 787/2428/2428 922/2425/2425
f 922/2425/2425 787/2428/2428 435/2423/2423
f 1086/2429/2429 1087/2430/2430 1089/2431/2431
f 1089/2431/2431 1087/2430/2430 1088/2432/2432
f 1087/2433/2433 1086/2434/2434 1091/2435/2435
f 1091/2435/2435 1086/2434/2434 1090/2436/2436
f 1086/2437/2437 1089/2438/2438 1090/2439/2439
f 1090/2439/2439 1089/2438/2438 1092/2440/2440
f 1091/2441/2441 1090/2442/2442 1093/2443/2443
f 1093/2443/2443 1090/2442/2442 1092/2444/2444
f 1088/2445/2445 1087/2446/2446 1093/2447/2447
f 1093/2447/2447 1087/2446/2446 1091/2448/2448
f 1089/2449/2449 1088/2450/2450 1092/2451/2451
f 1092/2451/2451 1088/2450/2450 1093/2452/2452
f 1095/2453/2453 1096/2454/2454 1094/2455/2455
f 1094/2455/2455 1096/2454/2454 1097/2456/2456
f 1095/2457/2457 1094/2458/2458 1099/2459/2459
f 1099/2459/2459 1094/2458/2458 1098/2460/2460
f 1094/2461/2461 1097/2462/2462 1098/2463/2463
f 1098/2463/2463 1097/2462/2462 1100/2464/2464
f 1098/2465/2465 1100/2466/2466 1099/2467/2467
f 1099/2467/2467 1100/2466/2466 1101/2468/2468
f 1096/2469/2469 1095/2470/2470 1101/2471/2471
f 1101/2471/2471 1095/2470/2470 1099/2472/2472
f 1097/2473/2473 1096/2474/2474 1100/2475/2475
f 1100/2475/2475 1096/2474/2474 1101/2476/2476
f 1102/2477/2477 1103/2478/2478 1105/2479/2479
f 1105/2479/2479 1103/2478/2478 1104/2480/2480
f 1103/2481/2481 1102/2482/2482 1107/2483/2483
f 1107/2483/2483 1102/2482/2482 1106/2484/2484
f 1102/2485/2485 1105/2486/2486 1106/2487/2487
f 1106/2487/2487 1105/2486/2486 1108/2488/2488
f 1107/2489/2489 1106/2490/2490 1109/2491/2491
f 1109/2491/2491 1106/2490/2490 1108/2492/2492
f 1104/2493/2493 1103/2494/2494 1109/2495/2495
f 1109/2495/2495 1103/2494/2494 1107/2496/2496
f 1105/2497/2497 1104/2498/2498 1108/2499/2499
f 1108/2499/2499 1104/2498/2498 1109/2500/2500
f 1110/2501/2501 1111/2502/2502 1113/2503/2503
f 1113/2503/2503 1111/2502/2502 1112/2504/2504
f 1111/2505/2505 1114/2506/2506 1112/2507/2507
f 1112/2507/2507 1114/2506/2506 1115/2508/2508
f 1115/2509/2509 1116/2510/2510 1112/2511/2511
f 1112/2511/2511 1116/2510/2510 1113/2512/2512
f 1117/2513/2513 1110/2514/2514 1116/2515/2515
f 1116/2515/2515 1110/2514/2514 1113/2516/2516
f 1114/2517/2517 1117/2518/2518 1115/2519/2519
f 1115/2519/2519 1117/2518/2518 1116/2520/2520
f 1117/2521/2521 1114/2522/2522 1110/2523/2523
f 1110/2523/2523 1114/2522/2522 1111/2524/2524
f 1118/2525/2525 1119/2526/2526 1121/2527/2527
f 1121/2527/2527 1119/2526/2526 1120/2528/2528
f 1119/2529/2529 1122/2530/2530 1120/2531/2531
f 1120/2531/2531 1122/2530/2530 1123/2532/2532
f 1124/2533/2533 1121/2534/2534 1123/2535/2535
f 1123/2535/2535 1121/2534/2534 1120/2536/2536
f 1125/2537/2537 1118/2538/2538 1124/2539/2539
f 1124/2539/2539 1118/2538/2538 1121/2540/2540
f 1122/2541/2541 1125/2542/2542 1123/2543/2543
f 1123/2543/2543 1125/2542/2542 1124/2544/2544
f 1122/2545/2545 1119/2546/2546 1125/2547/2547
f 1125/2547/2547 1119/2546/2546 1118/2548/2548
f 1126/2549/2549 1127/2550/2550 1129/2551/2551
f 1129/2551/2551 1127/2550/2550 1128/2552/2552
f 1127/2553/2553 1130/2554/2554 1128/2555/2555
f 1128/2555/2555 1130/2554/2554 1131/2556/2556
f 1131/2557/2557 1132/2558/2558 1128/2559/2559
f 1128/2559/2559 1132/2558/2558 1129/2560/2560
f 1133/2561/2561 1126/2562/2562 1132/2563/2563
f 1132/2563/2563 1126/2562/2562 1129/2564/2564
f 1130/2565/2565 1133/2566/2566 1131/2567/2567
f 1131/2567/2567 1133/2566/2566 1132/2568/2568
f 1133/2569/2569 1130/2570/2570 1126/2571/2571
f 1126/2571/2571 1130/2570/2570 1127/2572/2572
# 1133 vertices
# 2572 texture params
# 2572 normals
# 2238 facets

# 1 groups
