# WaveFront *.obj file (generated by Autodesk ATF)

mtllib kunai.mtl

g model

v 5.000487 -106.313601 -2.080078
v 4.935738 -106.313601 -1.278021
v 4.743169 -106.313601 -0.496738
v 4.427767 -106.313601 0.243538
v 3.997701 -106.313601 0.923634
v 3.464109 -106.313601 1.525935
v 2.840811 -106.313601 2.034842
v 2.143950 -106.313601 2.437175
v 1.391574 -106.313601 2.722513
v 0.603170 -106.313601 2.883467
v -0.200843 -106.313601 2.915867
v -0.999642 -106.313601 2.818876
v -1.772538 -106.313601 2.595004
v -2.499513 -106.313601 2.250049
v -3.161740 -106.313601 1.792947
v -3.742067 -106.313601 1.235536
v -4.225464 -106.313601 0.592252
v -4.599410 -106.313601 -0.120245
v -4.854222 -106.313601 -0.883499
v -4.983300 -106.313601 -1.677745
v -4.983300 -106.313601 -2.482410
v -4.854222 -106.313601 -3.276656
v -4.599410 -106.313601 -4.039911
v -4.225464 -106.313601 -4.752407
v -3.742067 -106.313601 -5.395691
v -3.161740 -106.313601 -5.953102
v -2.499513 -106.313601 -6.410205
v -1.772538 -106.313601 -6.755159
v -0.999642 -106.313601 -6.979031
v -0.200843 -106.313601 -7.076023
v 0.603170 -106.313601 -7.043622
v 1.391574 -106.313601 -6.882668
v 2.143950 -106.313601 -6.597330
v 2.840811 -106.313601 -6.194997
v 3.464109 -106.313601 -5.686090
v 3.997701 -106.313601 -5.083789
v 4.427767 -106.313601 -4.403693
v 4.743169 -106.313601 -3.663418
v 4.935738 -106.313601 -2.882134
v 5.200487 -106.313601 -2.080078
v 5.136466 -106.313601 -2.893537
v 4.945981 -106.313601 -3.686966
v 4.633721 -106.313601 -4.440828
v 4.207375 -106.313601 -5.136561
v 3.677442 -106.313601 -5.757033
v 3.056970 -106.313601 -6.286966
v 2.361238 -106.313601 -6.713312
v 1.607375 -106.313601 -7.025572
v 0.813946 -106.313601 -7.216057
v 0.000487 -106.313601 -7.280078
v -0.812972 -106.313601 -7.216057
v -1.606401 -106.313601 -7.025572
v -2.360264 -106.313601 -6.713312
v -3.055996 -106.313601 -6.286966
v -3.676468 -106.313601 -5.757033
v -4.206401 -106.313601 -5.136561
v -4.632747 -106.313601 -4.440828
v -4.945007 -106.313601 -3.686966
v -5.135492 -106.313601 -2.893537
v -5.199513 -106.313601 -2.080078
v -5.135492 -106.313601 -1.266618
v -4.945007 -106.313601 -0.473189
v -4.632747 -106.313601 0.280673
v -4.206401 -106.313601 0.976406
v -3.676468 -106.313601 1.596878
v -3.055996 -106.313601 2.126811
v -2.360264 -106.313601 2.553156
v -1.606401 -106.313601 2.865416
v -0.812972 -106.313601 3.055902
v 0.000487 -106.313601 3.119922
v 0.813946 -106.313601 3.055902
v 1.607375 -106.313601 2.865416
v 2.361238 -106.313601 2.553156
v 3.056970 -106.313601 2.126811
v 3.677442 -106.313601 1.596878
v 4.207375 -106.313601 0.976406
v 4.633721 -106.313601 0.280673
v 4.945981 -106.313601 -0.473189
v 5.136466 -106.313601 -1.266618
v 5.000487 -103.713601 -2.080078
v 4.935738 -103.713601 -1.278021
v 4.743169 -103.713601 -0.496738
v 4.427767 -103.713601 0.243538
v 3.997701 -103.713601 0.923634
v 3.464109 -103.713601 1.525935
v 2.840811 -103.713601 2.034842
v 2.143950 -103.713601 2.437175
v 1.391574 -103.713601 2.722513
v 0.603170 -103.713601 2.883467
v -0.200843 -103.713601 2.915867
v -0.999642 -103.713601 2.818876
v -1.772538 -103.713601 2.595004
v -2.499513 -103.713601 2.250049
v -3.161740 -103.713601 1.792947
v -3.742067 -103.713601 1.235536
v -4.225464 -103.713601 0.592252
v -4.599410 -103.713601 -0.120245
v -4.854222 -103.713601 -0.883499
v -4.983300 -103.713601 -1.677745
v -4.983300 -103.713601 -2.482410
v -4.854222 -103.713601 -3.276656
v -4.599410 -103.713601 -4.039911
v -4.225464 -103.713601 -4.752407
v -3.742067 -103.713601 -5.395691
v -3.161740 -103.713601 -5.953102
v -2.499513 -103.713601 -6.410205
v -1.772538 -103.713601 -6.755159
v -0.999642 -103.713601 -6.979031
v -0.200843 -103.713601 -7.076023
v 0.603170 -103.713601 -7.043622
v 1.391574 -103.713601 -6.882668
v 2.143950 -103.713601 -6.597330
v 2.840811 -103.713601 -6.194997
v 3.464109 -103.713601 -5.686090
v 3.997701 -103.713601 -5.083789
v 4.427767 -103.713601 -4.403693
v 4.743169 -103.713601 -3.663418
v 4.935738 -103.713601 -2.882134
v 5.200487 -103.313601 -2.080078
v 5.136466 -103.313601 -2.893537
v 4.945981 -103.313601 -3.686966
v 4.633721 -103.313601 -4.440828
v 4.207375 -103.313601 -5.136561
v 3.677442 -103.313601 -5.757033
v 3.056970 -103.313601 -6.286966
v 2.361238 -103.313601 -6.713312
v 1.607375 -103.313601 -7.025572
v 0.813946 -103.313601 -7.216057
v 0.000487 -103.313601 -7.280078
v -0.812972 -103.313601 -7.216057
v -1.606401 -103.313601 -7.025572
v -2.360264 -103.313601 -6.713312
v -3.055996 -103.313601 -6.286966
v -3.676468 -103.313601 -5.757033
v -4.206401 -103.313601 -5.136561
v -4.632747 -103.313601 -4.440828
v -4.945007 -103.313601 -3.686966
v -5.135492 -103.313601 -2.893537
v -5.199513 -103.313601 -2.080078
v -5.135492 -103.313601 -1.266618
v -4.945007 -103.313601 -0.473189
v -4.632747 -103.313601 0.280673
v -4.206401 -103.313601 0.976406
v -3.676468 -103.313601 1.596878
v -3.055996 -103.313601 2.126811
v -2.360264 -103.313601 2.553156
v -1.606401 -103.313601 2.865416
v -0.812972 -103.313601 3.055902
v 0.000487 -103.313601 3.119922
v 0.813946 -103.313601 3.055902
v 1.607375 -103.313601 2.865416
v 2.361238 -103.313601 2.553156
v 3.056970 -103.313601 2.126811
v 3.677442 -103.313601 1.596878
v 4.207375 -103.313601 0.976406
v 4.633721 -103.313601 0.280673
v 4.945981 -103.313601 -0.473189
v 5.136466 -103.313601 -1.266618
v -24.148152 31.011482 -2.111580
v -22.586454 31.429928 -6.014850
v -21.748786 30.118000 -6.188503
v -20.948832 28.830225 -6.310707
v -20.178614 27.554545 -6.383660
v -19.430869 26.279394 -6.408631
v -18.698813 24.993337 -6.386014
v -17.975936 23.684730 -6.315348
v -17.255809 22.341363 -6.195290
v -16.531887 20.950074 -6.023559
v -17.677679 19.804290 -2.111580
v -17.677671 55.159621 -2.111580
v -16.539672 54.021623 -5.996935
v -17.256890 52.638338 -6.173174
v -17.971827 51.300851 -6.297118
v -18.691099 49.995871 -6.371058
v -19.421247 48.711010 -6.396312
v -20.168942 47.434388 -6.373289
v -20.941186 46.154262 -6.301508
v -21.745535 44.858663 -6.179572
v -22.590349 43.535013 -6.005104
v -24.148147 43.952434 -2.111580
v -22.520303 41.980159 -6.180176
v -22.471002 40.465306 -6.303399
v -22.441550 38.975848 -6.377011
v -22.431433 37.497975 -6.402299
v -22.440492 36.018232 -6.379659
v -22.468918 34.523113 -6.308614
v -22.517260 32.998641 -6.187790
v -6.470479 61.630101 -2.111580
v -16.541997 54.023948 1.765836
v -15.058827 54.792755 1.955235
v -13.662921 55.537938 2.086719
v -12.332580 56.270025 2.164613
v -11.048891 56.998666 2.191663
v -9.794785 57.733082 2.169244
v -8.554259 58.482465 2.097460
v -7.311682 59.256367 1.975165
v -6.051141 60.065112 1.799904
v -22.537887 31.442941 1.913077
v -22.487817 33.114088 2.038219
v -22.454988 34.710451 2.120269
v -22.438443 36.248312 2.161620
v -22.437539 37.742221 2.163879
v -22.451913 39.205483 2.127951
v -22.481464 40.650571 2.054089
v -22.526342 42.089488 1.941922
v -22.586948 43.534101 1.790444
v 6.470469 61.630101 -2.111580
v -4.464335 59.987734 1.993301
v -2.941946 59.933991 2.127625
v -1.460872 59.902335 2.206744
v 0.000014 59.891879 2.232877
v 1.460898 59.902334 2.206746
v 2.941965 59.933989 2.127628
v 4.464342 59.987732 1.993306
v 6.051130 60.065109 1.799912
v 24.148140 31.011468 -2.111580
v 24.148140 43.952426 -2.111580
v 22.586949 43.534100 1.790436
v 22.526342 42.089489 1.941914
v 22.481464 40.650575 2.054082
v 22.451913 39.205490 2.127943
v 22.437538 37.742230 2.163870
v 22.438442 36.248323 2.161610
v 22.454988 34.710461 2.120256
v 22.487818 33.114096 2.038202
v 22.537889 31.442944 1.913056
v 6.473652 13.335635 -2.111580
v 6.469597 13.486427 -2.443043
v 6.446197 13.638826 -2.802157
v 6.421960 13.741532 -3.054755
v 6.404040 13.808468 -3.222035
v 6.379881 13.893186 -3.435600
v 6.345992 14.006372 -3.722945
v 6.323502 14.079415 -3.909153
v 6.295587 14.168664 -4.137221
v 6.260087 14.280665 -4.424013
v 6.213513 14.425977 -4.796749
v 6.184347 14.516349 -5.028809
v 6.149840 14.622834 -5.302423
v 6.108390 14.750273 -5.630066
v 6.057688 14.905653 -6.029753
v 7.376592 15.746034 -6.200556
v 8.669279 16.547603 -6.320117
v 9.947811 17.318355 -6.390657
v 11.223711 18.065540 -6.413479
v 12.508307 18.795902 -6.389020
v 13.813077 19.515882 -6.316877
v 15.149988 20.231805 -6.195784
v 16.531874 20.950071 -6.023559
v 17.677671 19.804283 -2.111580
v 17.677656 55.159624 -2.111580
v 16.539668 54.021619 -5.996935
v 15.147582 54.744092 -6.172802
v 13.804296 55.462785 -6.295863
v 12.496197 56.184453 -6.368512
v 11.210667 56.915734 -6.392150
v 9.935673 57.663356 -6.367250
v 8.659387 58.434348 -6.293382
v 7.369817 59.236258 -6.169190
v 6.054425 60.077408 -5.992332
v 16.450832 21.031112 2.077094
v 15.129889 20.329529 2.209268
v 13.829620 19.623964 2.306988
v 12.541887 18.910129 2.371144
v 11.258759 18.183668 2.402210
v 9.972360 17.440061 2.400255
v 8.674699 16.674538 2.364936
v 7.357504 15.881972 2.295492
v 6.012043 15.056760 2.190709
v 6.071832 14.872068 1.716222
v 6.119930 14.723047 1.333554
v 6.159449 14.600192 1.018243
v 6.192487 14.497094 0.753800
v 6.220507 14.409281 0.528708
v 6.244564 14.333529 0.334678
v 6.283709 14.209291 0.016842
v 6.314163 14.111414 -0.233073
v 6.338492 14.032048 -0.435266
v 6.374809 13.910371 -0.744025
v 6.400454 13.820344 -0.970938
v 6.419347 13.749859 -1.147116
v 6.444735 13.642859 -1.410449
v 6.469142 13.486827 -1.778683
v 21.755762 30.203846 2.057501
v 20.990206 28.964667 2.165979
v 20.235891 27.716886 2.239374
v 19.487648 26.451869 2.278088
v 18.740347 25.160670 2.282043
v 17.988777 23.833811 2.250675
v 17.227524 22.461053 2.182906
v -15.150000 20.231808 -6.195783
v -13.813088 19.515885 -6.316877
v -12.508317 18.795904 -6.389020
v -11.223720 18.065541 -6.413479
v -9.947819 17.318355 -6.390658
v -8.669285 16.547604 -6.320117
v -7.376597 15.746033 -6.200557
v -6.057691 14.905652 -6.029753
v -6.108397 14.750300 -5.630122
v -6.149850 14.622885 -5.302524
v -6.184360 14.516419 -5.028948
v -6.213528 14.426064 -4.796920
v -6.260105 14.280777 -4.424234
v -6.295607 14.168796 -4.137481
v -6.323524 14.079560 -3.909441
v -6.346015 14.006529 -3.723255
v -6.379905 13.893359 -3.435941
v -6.404066 13.808650 -3.222393
v -6.421987 13.741718 -3.055121
v -6.446222 13.639009 -2.802518
v -6.469617 13.486567 -2.443315
v -6.473654 13.335638 -2.111580
v 17.255796 22.341361 -6.195291
v 17.975924 23.684729 -6.315349
v 18.698801 24.993337 -6.386015
v 19.430858 26.279395 -6.408632
v 20.178604 27.554547 -6.383661
v 20.948822 28.830228 -6.310708
v 21.748777 30.118004 -6.188504
v 22.586446 31.429933 -6.014851
v 7.311683 59.256356 1.975177
v 8.554266 58.482448 2.097475
v 9.794797 57.733062 2.169260
v 11.048903 56.998646 2.191679
v 12.332590 56.270006 2.164628
v 13.662928 55.537922 2.086734
v 15.058828 54.792744 1.955247
v 16.541991 54.023942 1.765845
v -21.684691 44.969489 1.949612
v -20.844186 46.338442 2.058138
v -20.053821 47.658292 2.119501
v -19.303648 48.944413 2.136016
v -18.584950 50.210866 2.108982
v -17.889888 51.470931 2.038771
v -17.211209 52.737585 1.924864
v -6.469120 13.486857 -1.778598
v -6.444682 13.642993 -1.410094
v -6.419270 13.750076 -1.146552
v -6.400361 13.820612 -0.970245
v -6.374700 13.910696 -0.743186
v -6.338364 14.032433 -0.434273
v -6.314026 14.111827 -0.232007
v -6.283565 14.209726 0.017963
v -6.244418 14.333970 0.335817
v -6.220363 14.409714 0.529827
v -6.192350 14.497507 0.754868
v -6.159325 14.600565 1.019212
v -6.119827 14.723353 1.334348
v -6.071766 14.872258 1.716721
v -6.012039 15.056758 2.190718
v -7.357495 15.881968 2.295502
v -8.674687 16.674533 2.364948
v -9.972347 17.440055 2.400268
v -11.258747 18.183663 2.402225
v -12.541877 18.910127 2.371160
v -13.829615 19.623965 2.307006
v -15.129888 20.329534 2.209289
v -16.450838 21.031123 2.077116
v 22.517254 32.998644 -6.187789
v 22.468913 34.523115 -6.308613
v 22.440488 36.018234 -6.379658
v 22.431430 37.497975 -6.402297
v 22.441547 38.975848 -6.377009
v 22.470999 40.465305 -6.303397
v 22.520301 41.980158 -6.180174
v 22.590347 43.535010 -6.005103
v 4.490917 60.006696 -6.169068
v 2.970625 59.957131 -6.292948
v 1.478401 59.927761 -6.366355
v -0.000005 59.918032 -6.390672
v -1.478412 59.927761 -6.366355
v -2.970635 59.957131 -6.292948
v -4.490927 60.006696 -6.169068
v -6.054435 60.077408 -5.992332
v 21.745533 44.858661 -6.179570
v 20.941184 46.154261 -6.301506
v 20.168939 47.434386 -6.373287
v 19.421244 48.711008 -6.396311
v 18.691096 49.995869 -6.371057
v 17.971824 51.300849 -6.297118
v 17.256887 52.638336 -6.173173
v -7.369827 59.236258 -6.169189
v -8.659396 58.434348 -6.293381
v -9.935681 57.663357 -6.367249
v -11.210674 56.915735 -6.392149
v -12.496203 56.184455 -6.368511
v -13.804302 55.462787 -6.295862
v -15.147586 54.744095 -6.172802
v 17.211205 52.737576 1.924874
v 17.889884 51.470921 2.038782
v 18.584947 50.210856 2.108992
v 19.303645 48.944405 2.136024
v 20.053818 47.658285 2.119507
v 20.844184 46.338438 2.058140
v 21.684690 44.969486 1.949609
v -17.227526 22.461054 2.182926
v -17.988776 23.833806 2.250694
v -18.740344 25.160660 2.282061
v -19.487645 26.451859 2.278105
v -20.235887 27.716875 2.239392
v -20.990202 28.964658 2.165997
v -21.755759 30.203840 2.057521
v 4.040399 22.402965 1.777507
v 4.777165 22.619941 1.777507
v 5.501163 22.872440 1.777507
v 6.210910 23.159762 1.777507
v 6.905172 23.481270 1.777508
v 7.582714 23.836332 1.777508
v 8.242303 24.224313 1.777508
v 8.882706 24.644577 1.777508
v 9.502687 25.096492 1.777509
v 10.100336 25.578848 1.777509
v 10.672561 26.089101 1.777509
v 11.218323 26.626089 1.777510
v 11.736720 27.188756 1.777510
v 12.226853 27.776048 1.777510
v 12.687819 28.386909 1.777511
v 13.118720 29.020283 1.777511
v 13.518653 29.675115 1.777511
v 13.886231 30.349403 1.777512
v 14.219636 31.039704 1.777512
v 14.518380 31.744604 1.777512
v 14.782031 32.462786 1.777512
v 15.010156 33.192931 1.777513
v 15.202323 33.933721 1.777513
v 15.358099 34.683838 1.777513
v 15.477051 35.441963 1.777514
v 15.558644 36.205525 1.777514
v 15.602541 36.970785 1.777514
v 15.608838 37.736303 1.777514
v 15.577632 38.500693 1.777515
v 15.509025 39.262573 1.777515
v 15.403118 40.020558 1.777515
v 15.260010 40.773265 1.777515
v 15.079801 41.519310 1.777515
v 14.863040 42.255912 1.777516
v 14.610810 42.979660 1.777516
v 14.323738 43.689288 1.777516
v 14.002440 44.383555 1.777516
v 13.647534 45.061218 1.777516
v 13.259640 45.721036 1.777516
v 12.839375 46.361765 1.777516
v 12.387357 46.982165 1.777517
v 11.905061 47.579979 1.777517
v 11.394350 48.152913 1.777517
v 10.856194 48.699959 1.777517
v 10.291559 49.220114 1.777517
v 9.701588 49.712235 1.777517
v 9.088548 50.174427 1.777517
v 8.453829 50.605724 1.777517
v 7.798596 51.005359 1.777517
v 7.124012 51.372563 1.777517
v 6.432483 51.706008 1.777517
v 5.726677 52.004545 1.777516
v 5.007929 52.267793 1.777516
v 4.277575 52.495371 1.777516
v 3.536949 52.686900 1.777516
v 2.787384 52.841998 1.777516
v 2.030215 52.960286 1.777516
v 1.266779 53.041383 1.777516
v 0.500392 53.084843 1.777516
v -0.265859 53.090598 1.777515
v -1.030594 53.058804 1.777515
v -1.792435 52.989614 1.777515
v -2.550002 52.883184 1.777515
v -3.301916 52.739667 1.777514
v -4.046800 52.559220 1.777514
v -4.783256 52.342002 1.777514
v -5.507853 52.088942 1.777514
v -6.217929 51.801096 1.777513
v -6.912267 51.479130 1.777513
v -7.589650 51.123712 1.777513
v -8.248862 50.735507 1.777513
v -8.888684 50.315183 1.777512
v -9.507902 49.863406 1.777512
v -10.105257 49.380876 1.777512
v -10.677807 48.869885 1.777511
v -11.223660 48.332296 1.777511
v -11.741942 47.769189 1.777511
v -12.231780 47.181640 1.777510
v -12.692303 46.570730 1.777510
v -13.122638 45.937537 1.777510
v -13.521911 45.283139 1.777509
v -13.889205 44.608705 1.777509
v -14.222618 43.917612 1.777509
v -14.521208 43.212136 1.777509
v -14.784578 42.493606 1.777508
v -15.012329 41.763351 1.777508
v -15.204064 41.022701 1.777508
v -15.359385 40.272984 1.777507
v -15.477893 39.515529 1.777507
v -15.559178 38.751831 1.777507
v -15.602778 37.985852 1.777507
v -15.608710 37.219878 1.777506
v -15.577111 36.455289 1.777506
v -15.508119 35.693466 1.777506
v -15.401868 34.935791 1.777506
v -15.258497 34.183642 1.777505
v -15.078141 33.438403 1.777505
v -14.861013 32.701686 1.777505
v -14.608236 31.977405 1.777505
v -14.320657 31.267508 1.777505
v -13.998925 30.573223 1.777505
v -13.643693 29.895774 1.777504
v -13.255609 29.236387 1.777504
v -12.835324 28.596287 1.777504
v -12.383490 27.976699 1.777504
v -11.900977 27.379111 1.777504
v -11.390365 26.806737 1.777504
v -10.853086 26.260943 1.777504
v -10.290209 25.742614 1.777504
v -9.702801 25.252639 1.777504
v -9.091929 24.791903 1.777504
v -8.458659 24.361293 1.777504
v -7.804060 23.961696 1.777504
v -7.129601 23.594207 1.777504
v -6.438919 23.260808 1.777504
v -5.733744 22.962148 1.777504
v -5.015403 22.698644 1.777504
v -4.285217 22.470710 1.777504
v -3.544512 22.278762 1.777505
v -2.794612 22.123216 1.777505
v -2.036839 22.004486 1.777505
v -1.273098 21.923035 1.777505
v -0.507495 21.879290 1.777505
v 0.258235 21.873177 1.777505
v 1.022709 21.904579 1.777506
v 1.784545 21.973377 1.777506
v 2.542360 22.079453 1.777506
v 3.294772 22.222689 1.777506
v 4.040398 22.402966 -6.000665
v 3.295171 22.222777 -6.000665
v 2.543025 22.079565 -6.000665
v 1.785342 21.973471 -6.000665
v 1.023502 21.904632 -6.000665
v 0.258886 21.873188 -6.000665
v -0.507127 21.879278 -6.000665
v -1.273155 21.923040 -6.000664
v -2.036808 22.004483 -6.000664
v -2.794188 22.123140 -6.000664
v -3.543843 22.278608 -6.000664
v -4.284442 22.470489 -6.000664
v -5.014655 22.698390 -6.000664
v -5.733153 22.961914 -6.000664
v -6.438605 23.260665 -6.000664
v -7.129681 23.594248 -6.000664
v -7.804006 23.961666 -6.000664
v -8.458280 24.361049 -6.000664
v -9.091360 24.791496 -6.000664
v -9.702167 25.252135 -6.000665
v -10.289621 25.742097 -6.000665
v -10.852640 26.260509 -6.000665
v -11.390146 26.806502 -6.000665
v -11.901058 27.379205 -6.000665
v -12.383434 27.976626 -6.000665
v -12.835056 28.595899 -6.000665
v -13.255233 29.235783 -6.000666
v -13.643299 29.895064 -6.000666
v -13.998583 30.572525 -6.000666
v -14.320417 31.266951 -6.000666
v -14.608133 31.977126 -6.000666
v -14.861062 32.701835 -6.000667
v -15.078111 33.438285 -6.000667
v -15.258394 34.183161 -6.000667
v -15.401751 34.935078 -6.000667
v -15.508027 35.692657 -6.000668
v -15.577063 36.454519 -6.000668
v -15.608703 37.219287 -6.000668
v -15.602789 37.985581 -6.000668
v -15.559165 38.752022 -6.000669
v -15.477914 39.515380 -6.000669
v -15.359477 40.272480 -6.000669
v -15.204232 41.021987 -6.000670
v -15.012555 41.762566 -6.000670
v -14.784826 42.492883 -6.000670
v -14.521422 43.211602 -6.000671
v -14.222722 43.917389 -6.000671
v -13.889107 44.608899 -6.000671
v -13.522002 45.282984 -6.000671
v -13.122927 45.937091 -6.000672
v -12.692737 46.570126 -6.000672
v -12.232290 47.181000 -6.000672
v -11.742442 47.768621 -6.000673
v -11.224050 48.331896 -6.000673
v -10.677970 48.869735 -6.000673
v -10.105084 49.381025 -6.000674
v -9.508067 49.863280 -6.000674
v -8.889137 50.314870 -6.000674
v -8.249502 50.735110 -6.000674
v -7.590367 51.123315 -6.000675
v -6.912939 51.478800 -6.000675
v -6.218427 51.800882 -6.000675
v -5.508035 52.088875 -6.000675
v -4.783043 52.342071 -6.000675
v -4.047028 52.559160 -6.000676
v -3.302472 52.739547 -6.000676
v -2.550754 52.883060 -6.000676
v -1.793249 52.989521 -6.000676
v -1.031333 53.058757 -6.000676
v -0.266383 53.090591 -6.000676
v 0.500225 53.084849 -6.000676
v 1.266982 53.041367 -6.000676
v 2.029955 52.960320 -6.000677
v 2.786807 52.842103 -6.000677
v 3.536198 52.687074 -6.000677
v 4.276788 52.495596 -6.000677
v 5.007238 52.268028 -6.000677
v 5.726207 52.004731 -6.000677
v 6.432356 51.706066 -6.000677
v 7.124164 51.372485 -6.000677
v 7.797979 51.005713 -6.000677
v 8.451947 50.606932 -6.000677
v 9.084966 50.176984 -6.000676
v 9.695932 49.716711 -6.000676
v 10.283742 49.226956 -6.000676
v 10.847295 48.708561 -6.000676
v 11.385488 48.162367 -6.000676
v 11.897069 47.589393 -6.000676
v 12.379642 46.992213 -6.000676
v 12.832046 46.372351 -6.000676
v 13.253480 45.730945 -6.000675
v 13.643139 45.069137 -6.000675
v 13.999841 44.388836 -6.000675
v 14.322404 43.692374 -6.000675
v 14.610290 42.981046 -6.000675
v 14.862965 42.256141 -6.000674
v 15.079833 41.519185 -6.000674
v 15.259940 40.773575 -6.000674
v 15.403014 40.021170 -6.000674
v 15.508934 39.263353 -6.000673
v 15.577577 38.501504 -6.000673
v 15.608825 37.737007 -6.000673
v 15.602555 36.971244 -6.000672
v 15.558648 36.205597 -6.000672
v 15.477037 35.441868 -6.000672
v 15.358158 34.684174 -6.000672
v 15.202465 33.934341 -6.000671
v 15.010371 33.193692 -6.000671
v 14.782290 32.463553 -6.000671
v 14.518633 31.745248 -6.000670
v 14.219815 31.040102 -6.000670
v 13.886248 30.349440 -6.000670
v 13.518619 29.675061 -6.000669
v 13.118915 29.020590 -6.000669
v 12.688195 28.387438 -6.000669
v 12.227345 27.776672 -6.000668
v 11.737250 27.189363 -6.000668
v 11.218794 26.626577 -6.000668
v 10.672863 26.089385 -6.000668
v 10.100341 25.578854 -6.000667
v 9.502661 25.096474 -6.000667
v 8.883022 24.644799 -6.000667
v 8.242864 24.224664 -6.000667
v 7.583412 23.836722 -6.000666
v 6.905889 23.481626 -6.000666
v 6.211520 23.160027 -6.000666
v 5.501529 22.872579 -6.000666
v 4.777142 22.619935 -6.000666
v 13.999997 37.481946 -2.111580
v 13.962649 36.460012 -2.111580
v 13.850804 35.443530 -2.111580
v 13.665059 34.437924 -2.111580
v 13.406405 33.448559 -2.111580
v 13.076222 32.480714 -2.111580
v 12.676272 31.539552 -2.111580
v 12.208688 30.630096 -2.111580
v 11.675966 29.757198 -2.111580
v 11.080947 28.925514 -2.111580
v 10.426807 28.139483 -2.111580
v 9.717035 27.403297 -2.111580
v 8.955419 26.720886 -2.111580
v 8.146021 26.095890 -2.111580
v 7.293161 25.531643 -2.111580
v 6.401389 25.031156 -2.111580
v 5.475463 24.597099 -2.111580
v 4.520322 24.231789 -2.111580
v 3.541064 23.937174 -2.111580
v 2.542913 23.714827 -2.111580
v 1.531194 23.565932 -2.111580
v 0.511305 23.491286 -2.111580
v -0.511312 23.491286 -2.111580
v -1.531200 23.565932 -2.111580
v -2.542919 23.714827 -2.111580
v -3.541071 23.937174 -2.111580
v -4.520329 24.231789 -2.111580
v -5.475469 24.597099 -2.111580
v -6.401396 25.031156 -2.111580
v -7.293168 25.531643 -2.111580
v -8.146028 26.095890 -2.111580
v -8.955426 26.720886 -2.111580
v -9.717042 27.403297 -2.111580
v -10.426814 28.139483 -2.111580
v -11.080954 28.925514 -2.111580
v -11.675973 29.757198 -2.111580
v -12.208695 30.630096 -2.111580
v -12.676279 31.539552 -2.111580
v -13.076229 32.480714 -2.111580
v -13.406412 33.448559 -2.111580
v -13.665066 34.437924 -2.111580
v -13.850810 35.443530 -2.111580
v -13.962655 36.460012 -2.111580
v -14.000003 37.481946 -2.111580
v -13.962655 38.503880 -2.111580
v -13.850810 39.520362 -2.111580
v -13.665066 40.525968 -2.111580
v -13.406412 41.515333 -2.111580
v -13.076229 42.483178 -2.111580
v -12.676279 43.424340 -2.111580
v -12.208695 44.333796 -2.111580
v -11.675973 45.206694 -2.111580
v -11.080954 46.038378 -2.111580
v -10.426814 46.824409 -2.111580
v -9.717042 47.560595 -2.111580
v -8.955426 48.243006 -2.111580
v -8.146028 48.868002 -2.111580
v -7.293168 49.432249 -2.111580
v -6.401396 49.932736 -2.111580
v -5.475469 50.366792 -2.111580
v -4.520329 50.732103 -2.111580
v -3.541071 51.026718 -2.111580
v -2.542919 51.249065 -2.111580
v -1.531200 51.397960 -2.111580
v -0.511312 51.472606 -2.111580
v 0.511305 51.472606 -2.111580
v 1.531194 51.397960 -2.111580
v 2.542913 51.249065 -2.111580
v 3.541064 51.026718 -2.111580
v 4.520322 50.732103 -2.111580
v 5.475463 50.366792 -2.111580
v 6.401389 49.932736 -2.111580
v 7.293161 49.432249 -2.111580
v 8.146021 48.868002 -2.111580
v 8.955419 48.243006 -2.111580
v 9.717035 47.560595 -2.111580
v 10.426807 46.824409 -2.111580
v 11.080947 46.038378 -2.111580
v 11.675966 45.206694 -2.111580
v 12.208688 44.333796 -2.111580
v 12.676272 43.424340 -2.111580
v 13.076222 42.483178 -2.111580
v 13.406405 41.515333 -2.111580
v 13.665059 40.525968 -2.111580
v 13.850804 39.520362 -2.111580
v 13.962649 38.503880 -2.111580
v 15.537129 37.481946 1.702301
v 15.001386 37.481946 1.052674
v 14.571086 37.481946 0.328881
v 14.256317 37.481946 -0.452116
v 14.064454 37.481946 -1.272009
v 15.537129 37.481946 -5.925461
v 15.001386 37.481946 -5.275835
v 14.571086 37.481946 -4.552041
v 14.256317 37.481946 -3.771044
v 14.064454 37.481946 -2.951152
v 5.016632 22.776986 1.702301
v 4.843651 23.284035 1.052674
v 4.704716 23.691287 0.328881
v 4.603083 23.989198 -0.452116
v 4.541134 24.170784 -1.272009
v 3.557368 23.874813 -1.272009
v 3.605896 23.689189 -0.452116
v 3.685512 23.384654 0.328881
v 3.794349 22.968347 1.052674
v 3.929856 22.450024 1.702301
v 6.076642 23.182406 1.702301
v 5.867111 23.675475 1.052674
v 5.698819 24.071499 0.328881
v 5.575711 24.361196 -0.452116
v 5.500672 24.537776 -1.272009
v 7.104231 23.664120 1.702301
v 6.859267 24.140578 1.052674
v 6.662516 24.523262 0.328881
v 6.518590 24.803200 -0.452116
v 6.430862 24.973831 -1.272009
v 8.093916 24.219557 1.702301
v 7.814825 24.676864 1.052674
v 7.590665 25.044164 0.328881
v 7.426689 25.312850 -0.452116
v 7.326740 25.476622 -1.272009
v 9.040415 24.845756 1.702301
v 8.728689 25.281470 1.052674
v 8.478315 25.631428 0.328881
v 8.295164 25.887427 -0.452116
v 8.183527 26.043467 -1.272009
v 9.938681 25.539374 1.702301
v 9.595981 25.951171 1.052674
v 9.320730 26.281920 0.328881
v 9.119380 26.523866 -0.452116
v 8.996651 26.671341 -1.272009
v 10.783919 26.296711 1.702301
v 10.412074 26.682394 1.052674
v 10.113414 26.992168 0.328881
v 9.894940 27.218772 -0.452116
v 9.761774 27.356894 -1.272009
v 11.571620 27.113725 1.702301
v 11.172614 27.471237 1.052674
v 10.852139 27.758384 0.328881
v 10.617707 27.968436 -0.452116
v 10.474813 28.096469 -1.272009
v 12.297582 27.986059 1.702301
v 11.873543 28.313491 1.052674
v 11.532963 28.576479 0.328881
v 11.283824 28.768858 -0.452116
v 11.131965 28.886119 -1.272009
v 12.957931 28.909058 1.702301
v 12.511122 29.204663 1.052674
v 12.152254 29.442089 0.328881
v 11.889736 29.615769 -0.452116
v 11.729724 29.721632 -1.272009
v 13.549144 29.877796 1.702301
v 13.081949 30.139998 1.052674
v 12.706707 30.350595 0.328881
v 12.432212 30.504649 -0.452116
v 12.264899 30.598549 -1.272009
v 14.068066 30.887106 1.702301
v 13.582978 31.114506 1.052674
v 13.193364 31.297149 0.328881
v 12.908356 31.430755 -0.452116
v 12.734635 31.512193 -1.272009
v 14.511928 31.931602 1.702301
v 14.011536 32.122986 1.052674
v 13.609629 32.276703 0.328881
v 13.315629 32.389148 -0.452116
v 13.136427 32.457687 -1.272009
v 14.878364 33.005712 1.702301
v 14.365336 33.160059 1.052674
v 13.953281 33.284028 0.328881
v 13.651857 33.374713 -0.452116
v 13.468130 33.429988 -1.272009
v 15.165417 34.103705 1.702301
v 14.642491 34.220191 1.052674
v 14.222486 34.313751 0.328881
v 13.915247 34.382192 -0.452116
v 13.727974 34.423908 -1.272009
v 15.371555 35.219721 1.702301
v 14.841521 35.297726 1.052674
v 14.415808 35.360378 0.328881
v 14.104392 35.406209 -0.452116
v 13.914575 35.434145 -1.272009
v 15.495680 36.347808 1.702301
v 14.961366 36.386915 1.052674
v 14.532215 36.418325 0.328881
v 14.218285 36.441301 -0.452116
v 14.026934 36.455306 -1.272009
v 15.495680 38.616084 1.702301
v 14.961366 38.576977 1.052674
v 14.532215 38.545567 0.328881
v 14.218285 38.522591 -0.452116
v 14.026934 38.508585 -1.272009
v 15.371555 39.744171 1.702301
v 14.841521 39.666166 1.052674
v 14.415808 39.603514 0.328881
v 14.104392 39.557683 -0.452116
v 13.914575 39.529747 -1.272009
v 15.165417 40.860187 1.702301
v 14.642491 40.743701 1.052674
v 14.222486 40.650141 0.328881
v 13.915247 40.581700 -0.452116
v 13.727974 40.539983 -1.272009
v 14.878364 41.958180 1.702301
v 14.365336 41.803833 1.052674
v 13.953281 41.679864 0.328881
v 13.651857 41.589179 -0.452116
v 13.468130 41.533904 -1.272009
v 14.511928 43.032289 1.702301
v 14.011536 42.840906 1.052674
v 13.609629 42.687189 0.328881
v 13.315629 42.574744 -0.452116
v 13.136427 42.506205 -1.272009
v 14.068066 44.076786 1.702301
v 13.582978 43.849386 1.052674
v 13.193364 43.666743 0.328881
v 12.908356 43.533136 -0.452116
v 12.734635 43.451699 -1.272009
v 13.549144 45.086096 1.702301
v 13.081949 44.823893 1.052674
v 12.706707 44.613297 0.328881
v 12.432212 44.459243 -0.452116
v 12.264899 44.365343 -1.272009
v 12.957931 46.054834 1.702301
v 12.511122 45.759228 1.052674
v 12.152254 45.521803 0.328881
v 11.889736 45.348123 -0.452116
v 11.729724 45.242260 -1.272009
v 12.297582 46.977833 1.702301
v 11.873543 46.650401 1.052674
v 11.532963 46.387413 0.328881
v 11.283824 46.195034 -0.452116
v 11.131965 46.077773 -1.272009
v 11.571620 47.850166 1.702301
v 11.172614 47.492655 1.052674
v 10.852139 47.205508 0.328881
v 10.617707 46.995456 -0.452116
v 10.474813 46.867423 -1.272009
v 10.783919 48.667181 1.702301
v 10.412074 48.281498 1.052674
v 10.113414 47.971724 0.328881
v 9.894940 47.745120 -0.452116
v 9.761774 47.606998 -1.272009
v 9.938681 49.424518 1.702301
v 9.595981 49.012721 1.052674
v 9.320730 48.681972 0.328881
v 9.119380 48.440025 -0.452116
v 8.996651 48.292551 -1.272009
v 9.045462 50.114524 1.702301
v 8.732587 49.679632 1.052674
v 8.481155 49.330431 0.328881
v 8.297016 49.075139 -0.452116
v 8.184441 48.919771 -1.272009
v 8.093916 50.744335 1.702301
v 7.814825 50.287028 1.052674
v 7.590665 49.919727 0.328881
v 7.426689 49.651042 -0.452116
v 7.326740 49.487270 -1.272009
v 7.104231 51.299772 1.702301
v 6.859267 50.823314 1.052674
v 6.662516 50.440630 0.328881
v 6.518590 50.160692 -0.452116
v 6.430862 49.990061 -1.272009
v 6.076642 51.781486 1.702301
v 5.867111 51.288417 1.052674
v 5.698819 50.892393 0.328881
v 5.575711 50.602696 -0.452116
v 5.500672 50.426116 -1.272009
v 5.016632 52.186906 1.702301
v 4.843651 51.679857 1.052674
v 4.704716 51.272605 0.328881
v 4.603083 50.974694 -0.452116
v 4.541134 50.793108 -1.272009
v 3.929856 52.513868 1.702301
v 3.794349 51.995545 1.052674
v 3.685512 51.579238 0.328881
v 3.605896 51.274703 -0.452116
v 3.557368 51.089079 -1.272009
v 2.822112 52.760628 1.702301
v 2.724802 52.233797 1.052674
v 2.646644 51.810655 0.328881
v 2.589470 51.501122 -0.452116
v 2.554620 51.312451 -1.272009
v 1.699312 52.925870 1.702301
v 1.640717 52.393341 1.052674
v 1.593654 51.965623 0.328881
v 1.559228 51.652742 -0.452116
v 1.538243 51.462031 -1.272009
v 0.567444 53.008712 1.702301
v 0.547878 52.473327 1.052674
v 0.532162 52.043315 0.328881
v 0.520666 51.728755 -0.452116
v 0.513659 51.537020 -1.272009
v -0.567451 53.008712 1.702301
v -0.547884 52.473327 1.052674
v -0.532169 52.043315 0.328881
v -0.520673 51.728755 -0.452116
v -0.513666 51.537020 -1.272009
v -1.699318 52.925870 1.702301
v -1.640723 52.393341 1.052674
v -1.593661 51.965623 0.328881
v -1.559234 51.652742 -0.452116
v -1.538250 51.462031 -1.272009
v -2.822119 52.760628 1.702301
v -2.724808 52.233797 1.052674
v -2.646650 51.810655 0.328881
v -2.589476 51.501122 -0.452116
v -2.554627 51.312451 -1.272009
v -3.929863 52.513868 1.702301
v -3.794355 51.995545 1.052674
v -3.685518 51.579238 0.328881
v -3.605903 51.274703 -0.452116
v -3.557374 51.089079 -1.272009
v -5.016639 52.186906 1.702301
v -4.843658 51.679857 1.052674
v -4.704723 51.272605 0.328881
v -4.603090 50.974694 -0.452116
v -4.541141 50.793108 -1.272009
v -6.076649 51.781486 1.702301
v -5.867117 51.288417 1.052674
v -5.698825 50.892393 0.328881
v -5.575717 50.602696 -0.452116
v -5.500679 50.426116 -1.272009
v -7.104238 51.299772 1.702301
v -6.859273 50.823314 1.052674
v -6.662522 50.440630 0.328881
v -6.518596 50.160692 -0.452116
v -6.430869 49.990061 -1.272009
v -8.093922 50.744335 1.702301
v -7.814832 50.287028 1.052674
v -7.590672 49.919727 0.328881
v -7.426695 49.651042 -0.452116
v -7.326747 49.487270 -1.272009
v -9.040422 50.118136 1.702301
v -8.728695 49.682422 1.052674
v -8.478322 49.332464 0.328881
v -8.295170 49.076465 -0.452116
v -8.183533 48.920425 -1.272009
v -9.938688 49.424518 1.702301
v -9.595987 49.012721 1.052674
v -9.320736 48.681972 0.328881
v -9.119387 48.440025 -0.452116
v -8.996657 48.292551 -1.272009
v -10.783926 48.667181 1.702301
v -10.412080 48.281498 1.052674
v -10.113421 47.971724 0.328881
v -9.894947 47.745120 -0.452116
v -9.761780 47.606998 -1.272009
v -11.571627 47.850166 1.702301
v -11.172621 47.492655 1.052674
v -10.852146 47.205508 0.328881
v -10.617714 46.995456 -0.452116
v -10.474820 46.867423 -1.272009
v -12.297589 46.977833 1.702301
v -11.873550 46.650401 1.052674
v -11.532970 46.387413 0.328881
v -11.283830 46.195034 -0.452116
v -11.131972 46.077773 -1.272009
v -12.957938 46.054834 1.702301
v -12.511129 45.759228 1.052674
v -12.152260 45.521803 0.328881
v -11.889743 45.348123 -0.452116
v -11.729730 45.242260 -1.272009
v -13.549150 45.086096 1.702301
v -13.081956 44.823893 1.052674
v -12.706713 44.613297 0.328881
v -12.432219 44.459243 -0.452116
v -12.264905 44.365343 -1.272009
v -14.068072 44.076786 1.702301
v -13.582985 43.849386 1.052674
v -13.193371 43.666743 0.328881
v -12.908363 43.533136 -0.452116
v -12.734642 43.451699 -1.272009
v -14.511935 43.032289 1.702301
v -14.011542 42.840906 1.052674
v -13.609636 42.687189 0.328881
v -13.315636 42.574744 -0.452116
v -13.136433 42.506205 -1.272009
v -14.878370 41.958180 1.702301
v -14.365342 41.803833 1.052674
v -13.953288 41.679864 0.328881
v -13.651864 41.589179 -0.452116
v -13.468136 41.533904 -1.272009
v -15.165423 40.860187 1.702301
v -14.642497 40.743701 1.052674
v -14.222492 40.650141 0.328881
v -13.915253 40.581700 -0.452116
v -13.727981 40.539983 -1.272009
v -15.371562 39.744171 1.702301
v -14.841528 39.666166 1.052674
v -14.415814 39.603514 0.328881
v -14.104399 39.557683 -0.452116
v -13.914581 39.529747 -1.272009
v -15.495687 38.616084 1.702301
v -14.961373 38.576977 1.052674
v -14.532221 38.545567 0.328881
v -14.218291 38.522591 -0.452116
v -14.026941 38.508585 -1.272009
v -15.537135 37.481946 1.702301
v -15.001392 37.481946 1.052674
v -14.571093 37.481946 0.328881
v -14.256323 37.481946 -0.452116
v -14.064461 37.481946 -1.272009
v -15.495687 36.347808 1.702301
v -14.961373 36.386915 1.052674
v -14.532221 36.418325 0.328881
v -14.218291 36.441301 -0.452116
v -14.026941 36.455306 -1.272009
v -15.371562 35.219721 1.702301
v -14.841528 35.297726 1.052674
v -14.415814 35.360378 0.328881
v -14.104399 35.406209 -0.452116
v -13.914581 35.434145 -1.272009
v -15.165423 34.103705 1.702301
v -14.642497 34.220191 1.052674
v -14.222492 34.313751 0.328881
v -13.915253 34.382192 -0.452116
v -13.727981 34.423908 -1.272009
v -14.878370 33.005712 1.702301
v -14.365342 33.160059 1.052674
v -13.953288 33.284028 0.328881
v -13.651864 33.374713 -0.452116
v -13.468136 33.429988 -1.272009
v -14.511935 31.931602 1.702301
v -14.011542 32.122986 1.052674
v -13.609636 32.276703 0.328881
v -13.315636 32.389148 -0.452116
v -13.136433 32.457687 -1.272009
v -14.068072 30.887106 1.702301
v -13.582985 31.114506 1.052674
v -13.193371 31.297149 0.328881
v -12.908363 31.430755 -0.452116
v -12.734642 31.512193 -1.272009
v -13.549150 29.877796 1.702301
v -13.081956 30.139998 1.052674
v -12.706713 30.350595 0.328881
v -12.432219 30.504649 -0.452116
v -12.264905 30.598549 -1.272009
v -12.957938 28.909058 1.702301
v -12.511129 29.204663 1.052674
v -12.152260 29.442089 0.328881
v -11.889743 29.615769 -0.452116
v -11.729730 29.721632 -1.272009
v -12.297589 27.986059 1.702301
v -11.873550 28.313491 1.052674
v -11.532970 28.576479 0.328881
v -11.283830 28.768858 -0.452116
v -11.131972 28.886119 -1.272009
v -11.571627 27.113725 1.702301
v -11.172621 27.471237 1.052674
v -10.852146 27.758384 0.328881
v -10.617714 27.968436 -0.452116
v -10.474820 28.096469 -1.272009
v -10.783926 26.296711 1.702301
v -10.412080 26.682394 1.052674
v -10.113421 26.992168 0.328881
v -9.894947 27.218772 -0.452116
v -9.761780 27.356894 -1.272009
v -9.938688 25.539374 1.702301
v -9.595987 25.951171 1.052674
v -9.320736 26.281920 0.328881
v -9.119387 26.523866 -0.452116
v -8.996657 26.671341 -1.272009
v -9.048755 24.851722 1.702301
v -8.735132 25.286078 1.052674
v -8.483011 25.634785 0.328881
v -8.298229 25.889616 -0.452116
v -8.185042 26.044547 -1.272009
v -8.093922 24.219557 1.702301
v -7.814832 24.676864 1.052674
v -7.590672 25.044164 0.328881
v -7.426695 25.312850 -0.452116
v -7.326747 25.476622 -1.272009
v -7.096111 23.659944 1.702301
v -6.852996 24.137353 1.052674
v -6.657949 24.520912 0.328881
v -6.515614 24.801667 -0.452116
v -6.429397 24.973075 -1.272009
v -6.076649 23.182406 1.702301
v -5.867117 23.675475 1.052674
v -5.698825 24.071499 0.328881
v -5.575717 24.361196 -0.452116
v -5.500679 24.537776 -1.272009
v -5.016639 22.776986 1.702301
v -4.843658 23.284035 1.052674
v -4.704723 23.691287 0.328881
v -4.603090 23.989198 -0.452116
v -4.541141 24.170784 -1.272009
v -3.929863 22.450024 1.702301
v -3.794355 22.968347 1.052674
v -3.685518 23.384654 0.328881
v -3.605903 23.689189 -0.452116
v -3.557374 23.874813 -1.272009
v -2.822119 22.203264 1.702301
v -2.724808 22.730095 1.052674
v -2.646650 23.153236 0.328881
v -2.589476 23.462770 -0.452116
v -2.554627 23.651441 -1.272009
v -1.699318 22.038022 1.702301
v -1.640723 22.570551 1.052674
v -1.593661 22.998269 0.328881
v -1.559234 23.311150 -0.452116
v -1.538250 23.501861 -1.272009
v -0.567451 21.955180 1.702301
v -0.547884 22.490565 1.052674
v -0.532169 22.920577 0.328881
v -0.520673 23.235137 -0.452116
v -0.513666 23.426871 -1.272009
v 0.567444 21.955180 1.702301
v 0.547878 22.490565 1.052674
v 0.532162 22.920577 0.328881
v 0.520666 23.235137 -0.452116
v 0.513659 23.426871 -1.272009
v 1.699312 22.038022 1.702301
v 1.640717 22.570551 1.052674
v 1.593654 22.998269 0.328881
v 1.559228 23.311150 -0.452116
v 1.538243 23.501861 -1.272009
v 2.822112 22.203264 1.702301
v 2.724802 22.730095 1.052674
v 2.646644 23.153236 0.328881
v 2.589470 23.462770 -0.452116
v 2.554620 23.651441 -1.272009
v 3.929856 22.450024 -5.925461
v 3.794349 22.968347 -5.275835
v 3.685512 23.384654 -4.552041
v 3.605896 23.689189 -3.771044
v 3.557368 23.874813 -2.951152
v 4.541134 24.170784 -2.951152
v 4.603083 23.989198 -3.771044
v 4.704716 23.691287 -4.552041
v 4.843651 23.284035 -5.275835
v 5.016632 22.776986 -5.925461
v 2.822112 22.203264 -5.925461
v 2.724802 22.730095 -5.275835
v 2.646644 23.153236 -4.552041
v 2.589470 23.462770 -3.771044
v 2.554620 23.651441 -2.951152
v 1.699312 22.038022 -5.925461
v 1.640717 22.570551 -5.275835
v 1.593654 22.998269 -4.552041
v 1.559228 23.311150 -3.771044
v 1.538243 23.501861 -2.951152
v 0.567444 21.955180 -5.925461
v 0.547878 22.490565 -5.275835
v 0.532162 22.920577 -4.552041
v 0.520666 23.235137 -3.771044
v 0.513659 23.426871 -2.951152
v -0.567451 21.955180 -5.925461
v -0.547884 22.490565 -5.275835
v -0.532169 22.920577 -4.552041
v -0.520673 23.235137 -3.771044
v -0.513666 23.426871 -2.951152
v -1.699318 22.038022 -5.925461
v -1.640723 22.570551 -5.275835
v -1.593661 22.998269 -4.552041
v -1.559234 23.311150 -3.771044
v -1.538250 23.501861 -2.951152
v -2.822119 22.203264 -5.925461
v -2.724808 22.730095 -5.275835
v -2.646650 23.153236 -4.552041
v -2.589476 23.462770 -3.771044
v -2.554627 23.651441 -2.951152
v -3.929863 22.450024 -5.925461
v -3.794355 22.968347 -5.275835
v -3.685518 23.384654 -4.552041
v -3.605903 23.689189 -3.771044
v -3.557374 23.874813 -2.951152
v -5.016639 22.776986 -5.925461
v -4.843658 23.284035 -5.275835
v -4.704723 23.691287 -4.552041
v -4.603090 23.989198 -3.771044
v -4.541141 24.170784 -2.951152
v -6.076649 23.182406 -5.925461
v -5.867117 23.675475 -5.275835
v -5.698825 24.071499 -4.552041
v -5.575717 24.361196 -3.771044
v -5.500679 24.537776 -2.951152
v -7.096188 23.659984 -5.925461
v -6.853056 24.137384 -5.275835
v -6.657993 24.520934 -4.552041
v -6.515642 24.801681 -3.771044
v -6.429411 24.973082 -2.951152
v -8.093922 24.219557 -5.925461
v -7.814832 24.676864 -5.275835
v -7.590672 25.044164 -4.552041
v -7.426695 25.312850 -3.771044
v -7.326747 25.476622 -2.951152
v -9.048204 24.851327 -5.925461
v -8.734706 25.285773 -5.275835
v -8.482701 25.634562 -4.552041
v -8.298027 25.889471 -3.771044
v -8.184942 26.044475 -2.951152
v -9.938688 25.539374 -5.925461
v -9.595987 25.951171 -5.275835
v -9.320736 26.281920 -4.552041
v -9.119387 26.523866 -3.771044
v -8.996657 26.671341 -2.951152
v -10.783926 26.296711 -5.925461
v -10.412080 26.682394 -5.275835
v -10.113421 26.992168 -4.552041
v -9.894947 27.218772 -3.771044
v -9.761780 27.356894 -2.951152
v -11.571627 27.113725 -5.925461
v -11.172621 27.471237 -5.275835
v -10.852146 27.758384 -4.552041
v -10.617714 27.968436 -3.771044
v -10.474820 28.096469 -2.951152
v -12.297589 27.986059 -5.925461
v -11.873550 28.313491 -5.275835
v -11.532970 28.576479 -4.552041
v -11.283830 28.768858 -3.771044
v -11.131972 28.886119 -2.951152
v -12.957938 28.909058 -5.925461
v -12.511129 29.204663 -5.275835
v -12.152260 29.442089 -4.552041
v -11.889743 29.615769 -3.771044
v -11.729730 29.721632 -2.951152
v -13.549150 29.877796 -5.925461
v -13.081956 30.139998 -5.275835
v -12.706713 30.350595 -4.552041
v -12.432219 30.504649 -3.771044
v -12.264905 30.598549 -2.951152
v -14.068072 30.887106 -5.925461
v -13.582985 31.114506 -5.275835
v -13.193371 31.297149 -4.552041
v -12.908363 31.430755 -3.771044
v -12.734642 31.512193 -2.951152
v -14.511935 31.931602 -5.925461
v -14.011542 32.122986 -5.275835
v -13.609636 32.276703 -4.552041
v -13.315636 32.389148 -3.771044
v -13.136433 32.457687 -2.951152
v -14.878370 33.005712 -5.925461
v -14.365342 33.160059 -5.275835
v -13.953288 33.284028 -4.552041
v -13.651864 33.374713 -3.771044
v -13.468136 33.429988 -2.951152
v -15.165423 34.103705 -5.925461
v -14.642497 34.220191 -5.275835
v -14.222492 34.313751 -4.552041
v -13.915253 34.382192 -3.771044
v -13.727981 34.423908 -2.951152
v -15.371562 35.219721 -5.925461
v -14.841528 35.297726 -5.275835
v -14.415814 35.360378 -4.552041
v -14.104399 35.406209 -3.771044
v -13.914581 35.434145 -2.951152
v -15.495687 36.347808 -5.925461
v -14.961373 36.386915 -5.275835
v -14.532221 36.418325 -4.552041
v -14.218291 36.441301 -3.771044
v -14.026941 36.455306 -2.951152
v -15.537135 37.481946 -5.925461
v -15.001392 37.481946 -5.275835
v -14.571093 37.481946 -4.552041
v -14.256323 37.481946 -3.771044
v -14.064461 37.481946 -2.951152
v -15.495687 38.616084 -5.925461
v -14.961373 38.576977 -5.275835
v -14.532221 38.545567 -4.552041
v -14.218291 38.522591 -3.771044
v -14.026941 38.508585 -2.951152
v -15.371562 39.744171 -5.925461
v -14.841528 39.666166 -5.275835
v -14.415814 39.603514 -4.552041
v -14.104399 39.557683 -3.771044
v -13.914581 39.529747 -2.951152
v -15.165423 40.860187 -5.925461
v -14.642497 40.743701 -5.275835
v -14.222492 40.650141 -4.552041
v -13.915253 40.581700 -3.771044
v -13.727981 40.539983 -2.951152
v -14.878370 41.958180 -5.925461
v -14.365342 41.803833 -5.275835
v -13.953288 41.679864 -4.552041
v -13.651864 41.589179 -3.771044
v -13.468136 41.533904 -2.951152
v -14.511935 43.032289 -5.925461
v -14.011542 42.840906 -5.275835
v -13.609636 42.687189 -4.552041
v -13.315636 42.574744 -3.771044
v -13.136433 42.506205 -2.951152
v -14.068072 44.076786 -5.925461
v -13.582985 43.849386 -5.275835
v -13.193371 43.666743 -4.552041
v -12.908363 43.533136 -3.771044
v -12.734642 43.451699 -2.951152
v -13.549150 45.086096 -5.925461
v -13.081956 44.823893 -5.275835
v -12.706713 44.613297 -4.552041
v -12.432219 44.459243 -3.771044
v -12.264905 44.365343 -2.951152
v -12.957938 46.054834 -5.925461
v -12.511129 45.759228 -5.275835
v -12.152260 45.521803 -4.552041
v -11.889743 45.348123 -3.771044
v -11.729730 45.242260 -2.951152
v -12.297589 46.977833 -5.925461
v -11.873550 46.650401 -5.275835
v -11.532970 46.387413 -4.552041
v -11.283830 46.195034 -3.771044
v -11.131972 46.077773 -2.951152
v -11.571627 47.850166 -5.925461
v -11.172621 47.492655 -5.275835
v -10.852146 47.205508 -4.552041
v -10.617714 46.995456 -3.771044
v -10.474820 46.867423 -2.951152
v -10.783926 48.667181 -5.925461
v -10.412080 48.281498 -5.275835
v -10.113421 47.971724 -4.552041
v -9.894947 47.745120 -3.771044
v -9.761780 47.606998 -2.951152
v -9.938688 49.424518 -5.925461
v -9.595987 49.012721 -5.275835
v -9.320736 48.681972 -4.552041
v -9.119387 48.440025 -3.771044
v -8.996657 48.292551 -2.951152
v -9.040422 50.118136 -5.925461
v -8.728695 49.682422 -5.275835
v -8.478322 49.332464 -4.552041
v -8.295170 49.076465 -3.771044
v -8.183533 48.920425 -2.951152
v -8.093922 50.744335 -5.925461
v -7.814832 50.287028 -5.275835
v -7.590672 49.919727 -4.552041
v -7.426695 49.651042 -3.771044
v -7.326747 49.487270 -2.951152
v -7.104238 51.299772 -5.925461
v -6.859273 50.823314 -5.275835
v -6.662522 50.440630 -4.552041
v -6.518596 50.160692 -3.771044
v -6.430869 49.990061 -2.951152
v -6.076649 51.781486 -5.925461
v -5.867117 51.288417 -5.275835
v -5.698825 50.892393 -4.552041
v -5.575717 50.602696 -3.771044
v -5.500679 50.426116 -2.951152
v -5.016639 52.186906 -5.925461
v -4.843658 51.679857 -5.275835
v -4.704723 51.272605 -4.552041
v -4.603090 50.974694 -3.771044
v -4.541141 50.793108 -2.951152
v -3.929863 52.513868 -5.925461
v -3.794355 51.995545 -5.275835
v -3.685518 51.579238 -4.552041
v -3.605903 51.274703 -3.771044
v -3.557374 51.089079 -2.951152
v -2.822119 52.760628 -5.925461
v -2.724808 52.233797 -5.275835
v -2.646650 51.810655 -4.552041
v -2.589476 51.501122 -3.771044
v -2.554627 51.312451 -2.951152
v -1.699318 52.925870 -5.925461
v -1.640723 52.393341 -5.275835
v -1.593661 51.965623 -4.552041
v -1.559234 51.652742 -3.771044
v -1.538250 51.462031 -2.951152
v -0.567451 53.008712 -5.925461
v -0.547884 52.473327 -5.275835
v -0.532169 52.043315 -4.552041
v -0.520673 51.728755 -3.771044
v -0.513666 51.537020 -2.951152
v 0.567444 53.008712 -5.925461
v 0.547878 52.473327 -5.275835
v 0.532162 52.043315 -4.552041
v 0.520666 51.728755 -3.771044
v 0.513659 51.537020 -2.951152
v 1.699312 52.925870 -5.925461
v 1.640717 52.393341 -5.275835
v 1.593654 51.965623 -4.552041
v 1.559228 51.652742 -3.771044
v 1.538243 51.462031 -2.951152
v 2.822112 52.760628 -5.925461
v 2.724802 52.233797 -5.275835
v 2.646644 51.810655 -4.552041
v 2.589470 51.501122 -3.771044
v 2.554620 51.312451 -2.951152
v 3.929856 52.513868 -5.925461
v 3.794349 51.995545 -5.275835
v 3.685512 51.579238 -4.552041
v 3.605896 51.274703 -3.771044
v 3.557368 51.089079 -2.951152
v 5.016632 52.186906 -5.925461
v 4.843651 51.679857 -5.275835
v 4.704716 51.272605 -4.552041
v 4.603083 50.974694 -3.771044
v 4.541134 50.793108 -2.951152
v 6.076642 51.781486 -5.925461
v 5.867111 51.288417 -5.275835
v 5.698819 50.892393 -4.552041
v 5.575711 50.602696 -3.771044
v 5.500672 50.426116 -2.951152
v 7.104231 51.299772 -5.925461
v 6.859267 50.823314 -5.275835
v 6.662516 50.440630 -4.552041
v 6.518590 50.160692 -3.771044
v 6.430862 49.990061 -2.951152
v 8.093916 50.744335 -5.925461
v 7.814825 50.287028 -5.275835
v 7.590665 49.919727 -4.552041
v 7.426689 49.651042 -3.771044
v 7.326740 49.487270 -2.951152
v 9.041988 50.117011 -5.925461
v 8.729903 49.681553 -5.275835
v 8.479200 49.331831 -4.552041
v 8.295741 49.076052 -3.771044
v 8.183811 48.920221 -2.951152
v 9.938681 49.424518 -5.925461
v 9.595981 49.012721 -5.275835
v 9.320730 48.681972 -4.552041
v 9.119380 48.440025 -3.771044
v 8.996651 48.292551 -2.951152
v 10.783919 48.667181 -5.925461
v 10.412074 48.281498 -5.275835
v 10.113414 47.971724 -4.552041
v 9.894940 47.745120 -3.771044
v 9.761774 47.606998 -2.951152
v 11.571620 47.850166 -5.925461
v 11.172614 47.492655 -5.275835
v 10.852139 47.205508 -4.552041
v 10.617707 46.995456 -3.771044
v 10.474813 46.867423 -2.951152
v 12.297582 46.977833 -5.925461
v 11.873543 46.650401 -5.275835
v 11.532963 46.387413 -4.552041
v 11.283824 46.195034 -3.771044
v 11.131965 46.077773 -2.951152
v 12.957931 46.054834 -5.925461
v 12.511122 45.759228 -5.275835
v 12.152254 45.521803 -4.552041
v 11.889736 45.348123 -3.771044
v 11.729724 45.242260 -2.951152
v 13.549144 45.086096 -5.925461
v 13.081949 44.823893 -5.275835
v 12.706707 44.613297 -4.552041
v 12.432212 44.459243 -3.771044
v 12.264899 44.365343 -2.951152
v 14.068066 44.076786 -5.925461
v 13.582978 43.849386 -5.275835
v 13.193364 43.666743 -4.552041
v 12.908356 43.533136 -3.771044
v 12.734635 43.451699 -2.951152
v 14.511928 43.032289 -5.925461
v 14.011536 42.840906 -5.275835
v 13.609629 42.687189 -4.552041
v 13.315629 42.574744 -3.771044
v 13.136427 42.506205 -2.951152
v 14.878364 41.958180 -5.925461
v 14.365336 41.803833 -5.275835
v 13.953281 41.679864 -4.552041
v 13.651857 41.589179 -3.771044
v 13.468130 41.533904 -2.951152
v 15.165417 40.860187 -5.925461
v 14.642491 40.743701 -5.275835
v 14.222486 40.650141 -4.552041
v 13.915247 40.581700 -3.771044
v 13.727974 40.539983 -2.951152
v 15.371555 39.744171 -5.925461
v 14.841521 39.666166 -5.275835
v 14.415808 39.603514 -4.552041
v 14.104392 39.557683 -3.771044
v 13.914575 39.529747 -2.951152
v 15.495680 38.616084 -5.925461
v 14.961366 38.576977 -5.275835
v 14.532215 38.545567 -4.552041
v 14.218285 38.522591 -3.771044
v 14.026934 38.508585 -2.951152
v 15.495680 36.347808 -5.925461
v 14.961366 36.386915 -5.275835
v 14.532215 36.418325 -4.552041
v 14.218285 36.441301 -3.771044
v 14.026934 36.455306 -2.951152
v 15.371555 35.219721 -5.925461
v 14.841521 35.297726 -5.275835
v 14.415808 35.360378 -4.552041
v 14.104392 35.406209 -3.771044
v 13.914575 35.434145 -2.951152
v 15.165417 34.103705 -5.925461
v 14.642491 34.220191 -5.275835
v 14.222486 34.313751 -4.552041
v 13.915247 34.382192 -3.771044
v 13.727974 34.423908 -2.951152
v 14.878364 33.005712 -5.925461
v 14.365336 33.160059 -5.275835
v 13.953281 33.284028 -4.552041
v 13.651857 33.374713 -3.771044
v 13.468130 33.429988 -2.951152
v 14.511928 31.931602 -5.925461
v 14.011536 32.122986 -5.275835
v 13.609629 32.276703 -4.552041
v 13.315629 32.389148 -3.771044
v 13.136427 32.457687 -2.951152
v 14.068066 30.887106 -5.925461
v 13.582978 31.114506 -5.275835
v 13.193364 31.297149 -4.552041
v 12.908356 31.430755 -3.771044
v 12.734635 31.512193 -2.951152
v 13.549144 29.877796 -5.925461
v 13.081949 30.139998 -5.275835
v 12.706707 30.350595 -4.552041
v 12.432212 30.504649 -3.771044
v 12.264899 30.598549 -2.951152
v 12.957931 28.909058 -5.925461
v 12.511122 29.204663 -5.275835
v 12.152254 29.442089 -4.552041
v 11.889736 29.615769 -3.771044
v 11.729724 29.721632 -2.951152
v 12.297582 27.986059 -5.925461
v 11.873543 28.313491 -5.275835
v 11.532963 28.576479 -4.552041
v 11.283824 28.768858 -3.771044
v 11.131965 28.886119 -2.951152
v 11.571620 27.113725 -5.925461
v 11.172614 27.471237 -5.275835
v 10.852139 27.758384 -4.552041
v 10.617707 27.968436 -3.771044
v 10.474813 28.096469 -2.951152
v 10.783919 26.296711 -5.925461
v 10.412074 26.682394 -5.275835
v 10.113414 26.992168 -4.552041
v 9.894940 27.218772 -3.771044
v 9.761774 27.356894 -2.951152
v 9.938681 25.539374 -5.925461
v 9.595981 25.951171 -5.275835
v 9.320730 26.281920 -4.552041
v 9.119380 26.523866 -3.771044
v 8.996651 26.671341 -2.951152
v 9.040415 24.845756 -5.925461
v 8.728689 25.281470 -5.275835
v 8.478315 25.631428 -4.552041
v 8.295164 25.887427 -3.771044
v 8.183527 26.043467 -2.951152
v 8.093916 24.219557 -5.925461
v 7.814825 24.676864 -5.275835
v 7.590665 25.044164 -4.552041
v 7.426689 25.312850 -3.771044
v 7.326740 25.476622 -2.951152
v 7.104231 23.664120 -5.925461
v 6.859267 24.140578 -5.275835
v 6.662516 24.523262 -4.552041
v 6.518590 24.803200 -3.771044
v 6.430862 24.973831 -2.951152
v 6.076642 23.182406 -5.925461
v 5.867111 23.675475 -5.275835
v 5.698819 24.071499 -4.552041
v 5.575711 24.361196 -3.771044
v 5.500672 24.537776 -2.951152
v 6.302992 8.544095 0.399703
v 6.342225 8.546188 -0.966121
v 6.352290 8.546708 -2.348669
v 6.330253 8.545547 -3.727370
v 6.281489 8.542915 -5.081629
v 6.304749 10.529534 -5.078973
v 6.283629 12.538194 -5.076487
v 6.185506 13.757992 -5.566038
v 6.095704 14.275259 1.972769
v 6.167069 13.450015 1.743794
v 6.266213 11.763999 1.279007
v 6.302714 10.179123 0.845375
v -6.303012 8.544095 0.399718
v -6.305551 9.382981 0.628334
v -6.301795 10.175035 0.844365
v -6.261555 11.829226 1.297035
v -6.222325 12.664375 1.526639
v -6.168920 13.465116 1.747776
v -6.098728 14.244864 1.964325
v -6.191601 13.715381 -5.548690
v -6.283648 12.538198 -5.076487
v -6.304779 10.529606 -5.078973
v -6.281484 8.542916 -5.081629
v -6.330258 8.545547 -3.727373
v -6.352301 8.546708 -2.348665
v -6.342240 8.546188 -0.966107
v -3.083453 8.561260 0.562557
v -1.511171 8.567326 0.602622
v -0.000009 8.569695 0.615827
v 1.511152 8.567326 0.602619
v 3.083434 8.561260 0.562550
v 4.989626 18.857666 3.297744
v 4.070902 18.633082 3.298746
v 3.146563 18.455242 3.299551
v 2.220096 18.323717 3.300153
v 1.295024 18.237933 3.300551
v 0.374870 18.197315 3.300742
v -0.540288 18.201327 3.300723
v -1.461592 18.250047 3.300495
v -2.387179 18.344037 3.300060
v -3.313525 18.483872 3.299422
v -4.237107 18.670125 3.298581
v -5.154433 18.903235 3.297544
v -6.062241 19.182680 3.296324
v -6.957364 19.507543 3.294941
v -7.836635 19.876908 3.293415
v -8.696888 20.289855 3.291766
v -9.535425 20.745469 3.290014
v -10.349974 21.242061 3.288189
v -11.137971 21.777532 3.286321
v -11.896853 22.349785 3.284439
v -12.624056 22.956723 3.282574
v -13.317268 23.595956 3.280758
v -13.974830 24.264337 3.279022
v -14.595181 24.958605 3.277396
v -15.176763 25.675494 3.275908
v -15.719020 26.413146 3.274587
v -16.229918 27.182478 3.273437
v -16.709077 27.984335 3.272487
v -17.153447 28.815988 3.271775
v -17.559980 29.674706 3.271337
v -17.925957 30.557614 3.271207
v -18.249706 31.461366 3.271414
v -18.529759 32.382528 3.271981
v -18.764650 33.317663 3.272934
v -18.953043 34.263514 3.274294
v -19.094574 35.216976 3.276075
v -19.189272 36.174331 3.278279
v -19.237166 37.131829 3.280906
v -19.238296 38.085720 3.283959
v -19.193371 39.032256 3.287428
v -19.104063 39.967697 3.291286
v -18.972124 40.888298 3.295505
v -18.799294 41.790359 3.300059
v -18.583239 42.687000 3.305008
v -18.320871 43.587228 3.310403
v -18.011820 44.485723 3.316215
v -17.655738 45.377176 3.322420
v -17.253106 46.256613 3.328979
v -16.805474 47.119493 3.335835
v -16.314462 47.961306 3.342934
v -15.781698 48.777766 3.350220
v -15.209653 49.565491 3.357626
v -14.601605 50.321049 3.365079
v -13.960854 51.040993 3.372507
v -13.291006 51.722160 3.379834
v -12.596725 52.362370 3.386988
v -11.882901 52.959655 3.393898
v -11.151632 53.513899 3.400519
v -10.382597 54.039032 3.406984
v -9.574334 54.534900 3.413256
v -8.731314 54.997261 3.419249
v -7.858008 55.421874 3.424876
v -6.958888 55.804496 3.430050
v -6.038426 56.140886 3.434684
v -5.101354 56.427582 3.438693
v -4.153486 56.664341 3.442041
v -3.200912 56.851745 3.444722
v -2.249723 56.990376 3.446728
v -1.306008 57.080818 3.448052
v -0.375858 57.123652 3.448686
v 0.542347 57.119421 3.448624
v 1.475387 57.068048 3.447866
v 2.420895 56.968961 3.446420
v 3.372781 56.821580 3.444293
v 4.324954 56.625322 3.441492
v 5.271325 56.379603 3.438026
v 6.205804 56.083848 3.433901
v 7.122750 55.738810 3.429164
v 8.017548 55.348303 3.423903
v 8.885726 54.916570 3.418204
v 9.722813 54.447851 3.412156
v 10.524337 53.946390 3.405843
v 11.285827 53.416430 3.399353
v 12.012884 52.855222 3.392687
v 12.723543 52.250054 3.385728
v 13.413777 51.602314 3.378538
v 14.078698 50.913973 3.371187
v 14.713795 50.187352 3.363750
v 15.315594 49.425738 3.356299
v 15.880796 48.632579 3.348910
v 16.406167 47.811280 3.341653
v 16.889476 46.965333 3.334593
v 17.329112 46.099132 3.327786
v 17.723457 45.217188 3.321287
v 18.071044 44.324076 3.315150
v 18.371648 43.424874 3.309410
v 18.625636 42.524899 3.304094
v 18.833433 41.629207 3.299225
v 18.999009 40.723559 3.294729
v 19.123388 39.800004 3.290572
v 19.204820 38.862285 3.286782
v 19.241555 37.914144 3.283385
v 19.232001 36.959324 3.280408
v 19.175667 36.001574 3.277856
v 19.072524 35.044642 3.275728
v 18.922543 34.092280 3.274022
v 18.725701 33.148150 3.272736
v 18.482556 32.215280 3.271854
v 18.194513 31.297003 3.271353
v 17.863039 30.396756 3.271208
v 17.489602 29.517974 3.271395
v 17.076020 28.663936 3.271885
v 16.625150 27.837456 3.272642
v 16.140043 27.041265 3.273630
v 15.623747 26.278091 3.274812
v 15.074819 25.544698 3.276164
v 14.486128 24.831645 3.277678
v 13.858950 24.141802 3.279326
v 13.194842 23.478435 3.281078
v 12.495364 22.844805 3.282905
v 11.762258 22.243966 3.284775
v 10.997934 21.678190 3.286657
v 10.204958 21.149574 3.288520
v 9.385893 20.660217 3.290334
v 8.543288 20.212207 3.292069
v 7.679371 19.807052 3.293698
v 6.797007 19.445644 3.295200
v 5.899362 19.128903 3.296555
v -4.701337 12.208540 -5.083413
v -3.118379 11.976714 -5.088337
v -1.547095 11.840204 -5.091262
v -0.000003 11.795484 -5.092229
v 1.547084 11.840203 -5.091262
v 3.118364 11.976713 -5.088337
v 4.701320 12.208538 -5.083413
v 0.000002 8.567751 -5.096506
v 5.044258 18.656515 -7.607242
v 5.975290 18.931248 -7.607276
v 6.893992 19.252383 -7.607316
v 7.796224 19.619396 -7.607362
v 8.678619 20.031172 -7.607414
v 9.537887 20.485494 -7.607471
v 10.370594 20.979978 -7.607534
v 11.173311 21.512233 -7.607602
v 11.942932 22.079393 -7.607676
v 12.677033 22.677591 -7.607753
v 13.373276 23.302836 -7.607836
v 14.029749 23.951572 -7.607921
v 14.657911 24.634767 -7.608013
v 15.260855 25.356928 -7.608110
v 15.834586 26.115635 -7.608213
v 16.375110 26.908465 -7.608322
v 16.878898 27.732690 -7.608437
v 17.343453 28.584904 -7.608556
v 17.766416 29.461607 -7.608681
v 18.145432 30.359308 -7.608809
v 18.478753 31.274798 -7.608942
v 18.765597 32.204237 -7.609079
v 19.005246 33.143467 -7.609218
v 19.196977 34.088330 -7.609360
v 19.340522 35.034585 -7.609503
v 19.436869 35.977759 -7.609648
v 19.487225 36.913338 -7.609793
v 19.492792 37.837051 -7.609937
v 19.453997 38.763445 -7.610084
v 19.369831 39.699964 -7.610234
v 19.239165 40.642005 -7.610386
v 19.060877 41.584967 -7.610540
v 18.834342 42.524354 -7.610695
v 18.560187 43.455927 -7.610851
v 18.239229 44.375488 -7.611005
v 17.872278 45.278849 -7.611159
v 17.460386 46.162445 -7.611311
v 17.005747 47.022961 -7.611460
v 16.510825 47.856902 -7.611605
v 15.978085 48.660772 -7.611747
v 15.410411 49.431364 -7.611884
v 14.811743 50.166194 -7.612015
v 14.186180 50.862888 -7.612141
v 13.537370 51.519510 -7.612260
v 12.853975 52.147920 -7.612375
v 12.131303 52.751326 -7.612485
v 11.371815 53.325625 -7.612592
v 10.577973 53.866715 -7.612692
v 9.752597 54.371038 -7.612786
v 8.899179 54.836044 -7.612873
v 8.021283 55.259297 -7.612953
v 7.122448 55.638379 -7.613025
v 6.205972 55.971636 -7.613088
v 5.275885 56.258279 -7.613143
v 4.336436 56.497548 -7.613188
v 3.391879 56.688690 -7.613225
v 2.446602 56.831656 -7.613252
v 1.505218 56.927546 -7.613271
v 0.572356 56.977562 -7.613280
v -0.349661 56.982884 -7.613281
v -1.279779 56.943728 -7.613274
v -2.219536 56.858988 -7.613258
v -3.164299 56.727460 -7.613233
v -4.109442 56.547971 -7.613198
v -5.050509 56.320216 -7.613155
v -5.983238 56.044904 -7.613102
v -6.903378 55.722795 -7.613041
v -7.806769 55.354648 -7.612972
v -8.690023 54.941807 -7.612894
v -9.549657 54.486626 -7.612808
v -10.382107 53.991542 -7.612716
v -11.183831 53.459026 -7.612617
v -11.951812 52.892345 -7.612512
v -12.683568 52.295568 -7.612402
v -13.376640 51.672801 -7.612288
v -14.032089 51.024588 -7.612170
v -14.663512 50.337427 -7.612046
v -15.269027 49.611557 -7.611916
v -15.844534 48.849355 -7.611781
v -16.385991 48.053232 -7.611640
v -16.890240 47.226209 -7.611496
v -17.354798 46.371768 -7.611347
v -17.777202 45.493407 -7.611196
v -18.155102 44.594519 -7.611043
v -18.487202 43.678475 -7.610889
v -18.772695 42.749408 -7.610733
v -19.010763 41.811518 -7.610578
v -19.200661 40.869017 -7.610424
v -19.342685 39.926334 -7.610271
v -19.437938 38.988066 -7.610121
v -19.487549 38.058815 -7.609973
v -19.492619 37.136847 -7.609828
v -19.453151 36.203769 -7.609683
v -19.367982 35.262010 -7.609539
v -19.235905 34.316084 -7.609395
v -19.055798 33.370489 -7.609252
v -18.827615 32.429523 -7.609113
v -18.552062 31.497348 -7.608975
v -18.229860 30.578122 -7.608842
v -17.861736 29.675849 -7.608712
v -17.449135 28.793776 -7.608586
v -16.994374 27.935349 -7.608466
v -16.499811 27.104069 -7.608350
v -15.967854 26.303402 -7.608240
v -15.401750 25.536262 -7.608135
v -14.805471 24.805085 -7.608036
v -14.183013 24.112292 -7.607943
v -13.534921 23.456892 -7.607856
v -12.848137 22.825735 -7.607773
v -12.122933 22.220663 -7.607694
v -11.361646 21.645669 -7.607620
v -10.566643 21.104704 -7.607550
v -9.740840 20.600912 -7.607486
v -8.887650 20.136706 -7.607427
v -8.010507 19.714474 -7.607374
v -7.112775 19.336540 -7.607327
v -6.197669 19.004296 -7.607285
v -5.269179 18.718513 -7.607250
v -4.331413 18.479966 -7.607220
v -3.388484 18.289410 -7.607197
v -2.444660 18.146803 -7.607179
v -1.504416 18.051083 -7.607168
v -0.572236 18.001118 -7.607161
v 0.349605 17.995798 -7.607161
v 1.279175 18.034921 -7.607166
v 2.217889 18.119527 -7.607176
v 3.161260 18.250747 -7.607192
v 4.104807 18.429698 -7.607214
v -7.470938 -111.526327 0.918318
v -7.398150 -110.995543 0.917661
v -7.398150 -110.362937 0.917640
v -7.398150 -109.730331 0.917187
v -7.398150 -109.730331 -5.076587
v -7.358540 -111.785427 -5.076201
v -7.771780 -109.730331 2.407340
v -7.771780 -106.313601 2.407340
v -8.963830 -106.313601 -2.079700
v -8.963830 -109.730331 -2.079700
v 7.398169 -111.690893 0.917186
v 7.358540 -111.793869 -5.076306
v 7.398170 -111.037372 -5.077047
v 7.398170 -110.383851 -5.077048
v 7.398170 -109.730331 -5.076587
v 7.398170 -109.730331 0.917187
v -7.771780 -109.730331 -6.566740
v -7.771780 -106.313601 -6.566740
v -4.481910 -106.313601 -9.842610
v -4.481910 -109.730331 -9.842610
v 0.000010 -109.730331 6.894380
v 0.000010 -106.313601 6.894380
v -4.481910 -106.313601 5.683210
v -4.481910 -109.730331 5.683210
v 4.481930 -109.730331 5.683210
v 4.481930 -106.313601 5.683210
v 0.000010 -109.730331 -11.053780
v 0.000010 -106.313601 -11.053780
v 4.481930 -106.313601 -9.842610
v 4.481930 -109.730331 -9.842610
v 7.771790 -109.730331 2.407340
v 8.963850 -109.730331 -2.079700
v 8.963850 -106.313601 -2.079700
v 7.771790 -106.313601 2.407340
v 7.771790 -109.730331 -6.566740
v 7.771790 -106.313601 -6.566740
v -2.466067 -109.730331 0.943456
v 2.466087 -109.730331 0.943456
v 2.466087 -109.730331 -5.102847
v -2.466067 -109.730331 -5.102847
v 60.477512 -157.901418 -2.143128
v 60.361072 -157.653795 -2.137555
v 59.522567 -156.074823 -2.002836
v 58.655465 -154.512912 -1.871930
v 56.836597 -151.441756 -1.620822
v 54.906722 -148.443271 -1.382765
v 52.868096 -145.520404 -1.156294
v 50.722973 -142.676100 -0.939942
v 48.473607 -139.913303 -0.732243
v 46.122252 -137.234960 -0.531733
v 43.671162 -134.644015 -0.336945
v 41.122593 -132.143414 -0.146413
v 38.478798 -129.736102 0.041329
v 37.121895 -128.568349 0.134611
v 35.742864 -127.425701 0.227697
v 32.925468 -125.221364 0.413552
v 30.031868 -123.126601 0.599841
v 27.065343 -121.143190 0.787604
v 24.029174 -119.272907 0.977880
v 20.755797 -116.957692 1.146063
v 21.846196 -120.046222 1.327618
v 22.758685 -122.581247 1.395380
v 23.666973 -125.118177 1.392338
v 24.571631 -127.654826 1.318553
v 25.473228 -130.189010 1.174089
v 26.372333 -132.718546 0.959008
v 27.269518 -135.241248 0.673371
v 28.165351 -137.754933 0.317243
v 27.008392 -139.061918 0.139487
v 25.850995 -140.363540 -0.073213
v 24.693363 -141.659050 -0.320694
v 23.535698 -142.947698 -0.602796
v 22.378205 -144.228733 -0.919356
v 21.221085 -145.501404 -1.270212
v 20.064542 -146.764962 -1.655202
v 18.910763 -148.015860 -2.088679
v 23.664635 -148.252549 -2.061629
v 28.521377 -148.642035 -2.012093
v 32.648510 -149.324246 -1.978863
v 36.647161 -150.064659 -1.967417
v 40.598893 -150.831093 -1.945216
v 44.562592 -151.321983 -2.009276
v 48.492509 -153.083741 -1.993709
v 52.454943 -154.632370 -2.058059
v 56.359221 -156.197196 -2.109080
v 60.200052 -157.756337 -2.152989
v 29.217493 -145.731333 -1.252001
v 36.400437 -149.247853 -1.801765
v 51.264287 -151.359897 -1.665769
v 57.974627 -156.485669 -2.087095
v 55.779841 -154.722000 -1.953658
v 55.370728 -150.580408 -1.548663
v 53.542606 -153.013062 -1.813188
v 53.032495 -148.883769 -1.397367
v 50.653524 -147.245406 -1.239032
v 48.946275 -149.763514 -1.511492
v 47.241094 -152.265314 -1.915428
v 49.878028 -143.095290 -0.928956
v 48.231523 -145.663938 -1.073496
v 46.583570 -148.220813 -1.350006
v 44.937263 -150.761100 -1.757964
v 47.359498 -141.537829 -0.752460
v 45.779197 -144.147466 -0.901637
v 44.196847 -146.744955 -1.182741
v 42.615423 -149.325410 -1.595244
v 43.655417 -135.919956 -0.352295
v 42.210386 -138.610866 -0.378719
v 40.759640 -141.294146 -0.537300
v 39.305909 -143.964749 -0.827740
v 37.851930 -146.617649 -1.249493
v 40.250185 -147.942085 -1.425513
v 41.768329 -145.324621 -1.008469
v 43.286815 -142.689779 -0.722782
v 44.802787 -140.042520 -0.568988
v 40.962470 -134.518250 -0.150362
v 39.583875 -137.243741 -0.181767
v 38.199214 -139.961419 -0.345303
v 36.811091 -142.666171 -0.640663
v 35.422119 -145.352908 -1.067290
v 34.034913 -148.016573 -1.624383
v 38.236194 -133.183560 0.058301
v 36.924857 -135.941978 0.021748
v 35.607098 -138.692409 -0.146909
v 34.285395 -141.429679 -0.447352
v 32.962236 -144.148635 -0.879017
v 31.640111 -146.844162 -1.441091
v 36.712424 -129.124126 0.183273
v 35.478251 -131.916701 0.273564
v 34.234954 -134.706372 0.231700
v 32.984874 -137.487892 0.057761
v 31.730363 -140.256026 -0.247927
v 30.473781 -143.005564 -0.684788
v 27.963863 -148.428204 -1.948497
v 33.855483 -127.896207 0.410494
v 32.690324 -130.718444 0.495297
v 31.515807 -133.537677 0.447963
v 30.334142 -136.348602 0.268582
v 29.147553 -139.145928 -0.042508
v 27.958272 -141.924393 -0.484722
v 26.768537 -144.678767 -1.057227
v 25.580587 -147.403867 -1.758948
v 30.969558 -126.739338 0.644207
v 29.874114 -129.589521 0.723364
v 28.769075 -132.436605 0.670403
v 27.656519 -135.275233 0.485426
v 25.407427 -140.901986 -0.278138
v 24.288807 -143.684812 -0.856405
v 23.170892 -146.437934 -1.563800
v 29.069717 -122.780053 0.678952
v 28.056410 -125.654224 0.884269
v 27.031339 -128.530620 0.957626
v 25.996432 -131.403829 0.898886
v 26.060028 -121.742857 0.931174
v 25.117816 -124.641529 1.130532
v 23.026113 -120.780463 1.189594
v 58.737501 -154.654403 -2.274126
v 57.008179 -151.714800 -2.420797
v 55.175295 -148.838706 -2.577385
v 53.241169 -146.029761 -2.743689
v 51.208249 -143.291520 -2.919500
v 49.076429 -140.626234 -3.105002
v 48.785799 -140.275138 -3.141152
v 48.454786 -139.881597 -3.173355
v 48.086405 -139.448688 -3.209862
v 47.681266 -138.978638 -3.250319
v 47.239977 -138.473672 -3.294371
v 46.763146 -137.936017 -3.341665
v 46.251382 -137.367898 -3.391845
v 45.705293 -136.771542 -3.444557
v 43.383642 -134.344164 -3.661413
v 42.190766 -133.160946 -3.769364
v 40.993896 -132.014320 -3.875580
v 39.843652 -130.948496 -3.975934
v 38.749738 -129.966440 -4.069814
v 37.719122 -129.068481 -4.156842
v 36.758774 -128.254946 -4.236636
v 35.875664 -127.526162 -4.308817
v 35.076758 -126.882459 -4.373005
v 34.369028 -126.324163 -4.428819
v 33.747242 -125.847707 -4.476278
v 31.247795 -123.983232 -4.639740
v 28.675524 -122.197346 -4.804948
v 26.046191 -120.496481 -4.970992
v 23.362606 -118.882454 -5.137695
v 20.737246 -116.943214 -5.305352
v 19.064908 -116.299546 -5.276721
v 17.392569 -115.655878 -5.248090
v 15.720231 -115.012210 -5.219460
v 14.047893 -114.368541 -5.190829
v 12.375555 -113.724873 -5.162198
v 10.703216 -113.081205 -5.133568
v 9.030878 -112.437537 -5.104937
v 8.546519 -112.181885 0.941359
v 9.694868 -112.672878 0.965531
v 10.843217 -113.163870 0.989703
v 12.091859 -113.410462 1.213619
v 13.324530 -113.430593 1.437944
v 14.411681 -113.832042 1.382708
v 15.493652 -114.267900 1.332089
v 16.568372 -114.738154 1.286118
v 17.633772 -115.242787 1.244822
v 18.687897 -115.781536 1.208061
v 19.729023 -116.353639 1.175403
v -20.509118 -117.001218 -5.355955
v -23.525083 -118.976862 -5.123415
v -26.443891 -120.745185 -4.903685
v -29.260052 -122.590857 -4.698289
v -30.644744 -123.552098 -4.600146
v -32.028497 -124.549566 -4.503889
v -33.408931 -125.582542 -4.409571
v -34.783671 -126.650307 -4.317244
v -36.150340 -127.752143 -4.226961
v -37.506559 -128.887333 -4.138775
v -38.849961 -130.055148 -4.052739
v -40.178418 -131.254567 -3.968696
v -41.490092 -132.484214 -3.886166
v -42.783163 -133.742690 -3.804643
v -44.055810 -135.028597 -3.723618
v -45.306212 -136.340538 -3.642586
v -46.532547 -137.677114 -3.561039
v -47.733120 -139.036963 -3.478394
v -48.906719 -140.418445 -3.393683
v -50.052167 -141.819566 -3.305837
v -51.168279 -143.238327 -3.213792
v -52.253874 -144.672726 -3.116482
v -53.307769 -146.120765 -3.012842
v -54.328780 -147.580443 -2.901802
v -55.315896 -149.049626 -2.782086
v -56.268579 -150.525850 -2.652392
v -57.186378 -152.006602 -2.511523
v -58.068839 -153.489368 -2.358280
v -58.915509 -154.971635 -2.191466
v -59.725991 -156.450863 -2.009901
v -58.174669 -153.673593 -1.872290
v -56.532002 -150.949308 -1.725864
v -54.799806 -148.281015 -1.570785
v -52.979991 -145.671663 -1.407223
v -51.074569 -143.124131 -1.235360
v -49.019432 -140.696583 -1.048940
v -45.181476 -137.023325 -0.707405
v -41.343521 -133.350067 -0.365870
v -37.505565 -129.676809 -0.024335
v -33.667610 -126.003551 0.317200
v -31.236709 -123.977175 0.481014
v -28.638725 -122.173629 0.647869
v -25.982675 -120.456853 0.815569
v -23.271455 -118.828721 0.983932
v -20.506092 -117.014329 1.152041
v -18.824173 -115.851371 1.141583
v -16.858769 -114.865122 1.112094
v -14.842331 -113.988331 1.076216
v -12.664974 -113.525616 0.774389
v -11.309359 -113.224566 0.986517
v -10.029885 -112.658486 0.963784
v -8.750412 -112.092406 0.941051
v -8.427124 -112.233245 -5.098572
v -9.495707 -112.681062 -5.120943
v -10.564290 -113.128880 -5.143314
v -11.731928 -113.330226 -5.368043
v -13.013021 -113.321806 -5.614686
v -14.140000 -113.727307 -5.556148
v -15.262087 -114.169741 -5.502502
v -16.376943 -114.649125 -5.453794
v -17.482229 -115.165474 -5.410066
v -18.575706 -115.718591 -5.371214
v -19.655413 -116.307670 -5.336785
v 5.517999 -111.496175 -5.089860
v 3.663515 -111.280700 -5.099198
v 1.822266 -111.152592 -5.104735
v 0.002554 -111.109728 -5.106562
v -1.819123 -111.150705 -5.104740
v -3.662121 -111.276969 -5.099206
v -5.518126 -111.490665 -5.089865
v 3.999492 -110.180314 -5.097863
v -5.520269 -111.497402 0.930450
v -3.666756 -111.282733 0.939791
v -1.826287 -111.155355 0.945334
v -0.007162 -111.113148 0.947170
v 1.811761 -111.154687 0.945363
v 3.652093 -111.281380 0.939850
v 5.505536 -111.495348 0.930540
v 3.999495 -110.180305 0.938470
v 7.378172 -111.840905 1.805220
v 8.614735 -112.090755 1.728937
v 9.831288 -112.376431 1.645621
v 11.032559 -112.699247 1.568917
v -11.454073 -112.822269 1.542822
v -10.112180 -112.448231 1.626816
v -8.756644 -112.121986 1.718777
v -7.378066 -111.840072 1.805221
v -5.537999 -111.539664 1.836370
v -3.684908 -111.323280 1.838383
v -1.823387 -111.194466 1.838932
v 0.040470 -111.153065 1.838041
v 1.899619 -111.198176 1.835749
v 3.746991 -111.328898 1.832093
v 5.575528 -111.544254 1.827113
v -7.378372 -111.842740 -5.964586
v -8.528404 -112.073621 -5.894767
v -9.658777 -112.334734 -5.817029
v -10.771478 -112.626455 -5.745161
v 19.215473 -116.062085 -5.350064
v 17.568576 -115.206049 -5.406229
v 15.895705 -114.433603 -5.473106
v 14.205474 -113.746766 -5.551451
v 12.507389 -113.145480 -5.640954
v 10.811036 -112.629508 -5.741199
v 9.113127 -112.195459 -5.852594
v 7.377045 -111.831106 -5.964735
v 5.532815 -111.532606 -5.995766
v 3.678614 -111.317634 -5.997807
v 1.816358 -111.190355 -5.998385
v -0.047580 -111.150350 -5.997528
v -1.906106 -111.196785 -5.995272
v -3.752122 -111.328822 -5.991656
v -5.578554 -111.545420 -5.986718
v -20.980781 -118.477643 -5.302365
v -21.459751 -119.762795 -5.247314
v -21.938721 -121.047947 -5.192263
v -22.417691 -122.333100 -5.137212
v -22.896661 -123.618252 -5.082161
v -23.375631 -124.903404 -5.027110
v -23.854601 -126.188556 -4.972059
v -24.333571 -127.473709 -4.917008
v -24.812541 -128.758861 -4.861957
v -25.291511 -130.044013 -4.806906
v -25.770481 -131.329165 -4.751855
v -26.249451 -132.614318 -4.696804
v -26.728421 -133.899470 -4.641753
v -27.207391 -135.184622 -4.586702
v -27.686361 -136.469774 -4.531651
v -28.165331 -137.754927 -4.476600
v -27.016932 -139.051648 -4.302306
v -25.868114 -140.343224 -4.093883
v -24.719073 -141.628943 -3.851535
v -23.570004 -142.908084 -3.575416
v -22.421100 -144.179928 -3.265679
v -21.272555 -145.443756 -2.922475
v -20.124563 -146.698848 -2.545958
v -19.031118 -147.862076 -2.079241
v -21.471921 -147.949595 -2.071600
v -23.862768 -148.324797 -2.149992
v -26.149956 -148.670409 -2.221895
v -28.601049 -148.519319 -2.256729
v -30.652184 -149.334336 -2.346945
v -32.862945 -149.788866 -2.368084
v -34.985510 -150.216628 -2.385585
v -37.024550 -150.618892 -2.399595
v -38.984398 -150.996837 -2.410248
v -40.869085 -151.351553 -2.417667
v -42.682360 -151.684050 -2.421965
v -44.530391 -151.518216 -2.263667
v -46.487703 -152.660576 -2.366490
v -48.497281 -153.351432 -2.301820
v -50.427065 -154.011579 -2.238642
v -52.281504 -154.642688 -2.176861
v -54.064714 -155.246303 -2.116385
v -55.780517 -155.823858 -2.057132
v -57.432461 -156.376683 -1.999022
v -59.023846 -156.906014 -1.941984
v -60.222675 -157.425727 -1.974200
v -9.791369 -132.824813 1.536866
v 9.791402 -132.824812 1.536871
v 9.489748 -130.201823 1.570415
v 9.188095 -127.578835 1.603959
v 8.584787 -122.332858 1.671046
v 7.981479 -117.086881 1.738133
v 7.679825 -114.463893 1.771676
v -7.679729 -114.463165 1.771676
v -7.981391 -117.086258 1.738132
v -8.584717 -122.332443 1.671043
v -9.188043 -127.578628 1.603954
v -9.489706 -130.201721 1.570410
v -9.791364 -132.824814 -5.696267
v -9.489740 -130.202055 -5.729807
v -9.188116 -127.579295 -5.763347
v -8.584868 -122.333777 -5.830427
v -7.981620 -117.088258 -5.897506
v -7.679996 -114.465499 -5.931046
v 7.678849 -114.455318 -5.931173
v 7.980654 -117.079530 -5.897611
v 8.584262 -122.327954 -5.830488
v 9.187871 -127.576378 -5.763364
v 9.489675 -130.200590 -5.729802
v 9.791480 -132.824802 -5.696240
v 32.347486 -128.823023 -4.476600
v 30.953440 -131.800324 -4.476600
v 29.559395 -134.777625 -4.476600
v 28.165350 -137.754927 -4.476600
v 26.623189 -133.432220 -4.648763
v 25.081029 -129.109513 -4.820925
v 22.938228 -123.103199 -5.060141
v 21.866827 -120.100042 -5.179750
v 18.034530 -147.019823 -2.398193
v 17.237192 -146.026599 -2.695658
v 16.474847 -145.039475 -2.982196
v 15.747603 -144.058592 -3.257765
v 15.055566 -143.084089 -3.522325
v 14.398833 -142.116106 -3.775840
v 13.777499 -141.154782 -4.018272
v 13.191652 -140.200253 -4.249587
v 12.641376 -139.252657 -4.469752
v 12.126750 -138.312128 -4.678735
v 11.647847 -137.378801 -4.876507
v 11.204736 -136.452810 -5.063039
v 10.797481 -135.534287 -5.238305
v 10.426138 -134.623363 -5.402280
v 10.090763 -133.720168 -5.554939
v 24.970056 -141.297677 -3.652132
v 21.940409 -144.656769 -2.870406
v -29.620591 -134.646886 0.317200
v -29.256776 -135.423897 0.317200
v -28.892961 -136.200907 0.317200
v -28.529146 -136.977917 0.317200
v -28.165331 -137.754927 0.317200
v -26.539074 -133.392405 0.495031
v -24.912818 -129.029883 0.672862
v -22.706187 -123.110475 0.914157
v -21.602872 -120.150771 1.034804
v -33.414671 -126.543760 0.317200
v -33.161732 -127.083968 0.317200
v -32.908794 -127.624177 0.317200
v -32.655855 -128.164385 0.317200
v -32.402916 -128.704594 0.317200
v -32.149978 -129.244802 0.317200
v -31.897039 -129.785011 0.317200
v -31.644100 -130.325219 0.317200
v -31.391161 -130.865427 0.317200
v -31.138223 -131.405636 0.317200
v -30.885284 -131.945844 0.317200
v -30.632345 -132.486053 0.317200
v -30.379407 -133.026261 0.317200
v -30.126468 -133.566470 0.317200
v -29.873529 -134.106678 0.317200
v -24.569869 -141.741354 -0.620427
v -21.777367 -144.837509 -1.348657
v -17.986125 -146.961146 -1.766664
v -17.193425 -145.972037 -1.468882
v -16.435517 -144.989000 -1.182021
v -15.712511 -144.012176 -0.906121
v -15.024509 -143.041704 -0.641223
v -14.371611 -142.077723 -0.387364
v -13.753909 -141.120373 -0.144580
v -13.171493 -140.169788 0.087093
v -12.624445 -139.226106 0.307623
v -12.112844 -138.289462 0.516978
v -11.636763 -137.359990 0.715128
v -11.196271 -136.437823 0.902045
v -10.791430 -135.523093 1.077701
v -10.422298 -134.615931 1.242072
v -10.088929 -133.716467 1.395134
v 44.400291 -146.333838 -3.565960
v 44.987178 -145.617597 -3.508086
v 45.571425 -144.904577 -3.450473
v 46.739921 -143.478537 -3.335247
v 10.089915 -133.720020 1.395367
v 10.424567 -134.623108 1.242499
v 10.795311 -135.533958 1.078289
v 11.202092 -136.452441 0.902761
v 11.644854 -137.378425 0.715940
v 12.123532 -138.311777 0.517852
v 12.638059 -139.252364 0.308527
v 13.188359 -140.200050 0.087993
v 13.774355 -141.154701 -0.143717
v 14.395963 -142.116178 -0.386570
v 15.053092 -143.084345 -0.640532
v 15.745650 -144.059062 -0.905565
v 16.473537 -145.040190 -1.181632
v 17.236649 -146.027588 -1.468694
v 18.034875 -147.021115 -1.766709
v 29.078477 -148.568736 -2.060112
v 29.549922 -148.499969 -2.106447
v 30.492812 -148.362436 -2.199115
v 32.378591 -148.087369 -2.384452
v 34.264370 -147.812302 -2.569789
v 36.150150 -147.537235 -2.755125
v 39.921709 -146.987101 -3.125799
v 41.807488 -146.712034 -3.311136
v 43.693267 -146.436967 -3.496473
v 44.046779 -146.385402 -3.531216
v -44.400272 -146.333838 -0.593440
v -29.558672 -148.649701 -2.187749
v -30.548112 -148.495310 -2.081462
v -31.537552 -148.340919 -1.975175
v -32.526992 -148.186528 -1.868887
v -33.516432 -148.032137 -1.762600
v -34.505872 -147.877747 -1.656313
v -35.495312 -147.723356 -1.550026
v -36.484752 -147.568965 -1.443738
v -37.474192 -147.414574 -1.337451
v -38.463632 -147.260183 -1.231164
v -39.453072 -147.105792 -1.124876
v -40.442512 -146.951401 -1.018589
v -41.431952 -146.797010 -0.912302
v -42.421392 -146.642619 -0.806015
v -43.410832 -146.488228 -0.699727
v -44.979223 -145.627283 -0.650531
v -45.556395 -144.922897 -0.707446
v -46.133568 -144.218511 -0.764362
v -46.710741 -143.514126 -0.821278
v -47.287914 -142.809740 -0.878193
v -47.865086 -142.105354 -0.935109
v -48.442259 -141.400968 -0.992024
v -28.295115 -147.527564 -2.008311
v -28.286462 -146.876055 -1.853277
v -28.277810 -146.224546 -1.698243
v -28.269158 -145.573036 -1.543209
v -28.260506 -144.921527 -1.388175
v -28.251853 -144.270018 -1.233141
v -28.243201 -143.618509 -1.078107
v -28.234549 -142.967000 -0.923073
v -28.225897 -142.315491 -0.768038
v -28.217244 -141.663982 -0.613004
v -28.208592 -141.012472 -0.457970
v -28.199940 -140.360963 -0.302936
v -28.191288 -139.709454 -0.147902
v -28.182635 -139.057945 0.007132
v -28.173983 -138.406436 0.162166
v -10.089293 -133.716936 -5.556281
v -10.423022 -134.616848 -5.405096
v -10.792504 -135.524439 -5.242734
v -11.197687 -136.439583 -5.069217
v -11.638515 -137.362149 -4.884570
v -12.114924 -138.292008 -4.688820
v -12.626848 -139.229029 -4.481992
v -13.174215 -140.173080 -4.264118
v -13.756947 -141.124028 -4.035226
v -14.374963 -142.081739 -3.795351
v -15.028176 -143.046077 -3.544525
v -15.716492 -144.016908 -3.282783
v -16.439816 -144.994094 -3.010163
v -17.198046 -145.977497 -2.726704
v -17.991074 -146.966979 -2.432444
v 28.195432 -139.116171 -4.166906
v 28.225515 -140.477416 -3.857211
v 28.285680 -143.199906 -3.237822
v 28.345845 -145.922395 -2.618433
v 28.375927 -147.283640 -2.308739
v 28.390968 -147.964263 -2.153892
v 0.000020 -248.045044 -2.120370
v 31.352627 -147.733907 -2.432891
v 40.283226 -146.842005 -3.190186
v 42.442489 -146.443084 -3.428170
v 43.927822 -146.164930 -3.578679
v 41.711652 -133.275256 -3.805598
v 35.910316 -147.397613 -2.785882
v 35.806474 -146.914336 -2.924733
v 35.585134 -145.854469 -3.187692
v 35.422607 -145.051373 -3.352228
v 35.156863 -143.700977 -3.577168
v 34.895495 -142.340411 -3.758151
v 34.636412 -140.973591 -3.910162
v 34.481326 -140.151401 -3.990506
v 34.274280 -139.053164 -4.085295
v 34.066305 -137.953005 -4.164716
v 33.830572 -136.713678 -4.234034
v 33.764703 -136.369284 -4.249578
v 33.698667 -136.024901 -4.263693
v 33.486370 -134.923316 -4.301286
v 33.165958 -133.273334 -4.346251
v 32.737406 -131.078297 -4.406382
v 32.415870 -129.435210 -4.456182
v 35.115365 -128.897311 -4.321660
v 35.435950 -130.542220 -4.272160
v 35.862498 -132.739099 -4.215802
v 36.180944 -134.390122 -4.179657
v 36.392097 -135.492218 -4.155194
v 36.457861 -135.836789 -4.147059
v 36.523515 -136.181414 -4.138572
v 36.758978 -137.422254 -4.104179
v 36.967233 -138.524971 -4.067055
v 37.174819 -139.626813 -4.021920
v 37.330349 -140.452199 -3.981367
v 37.590067 -141.824777 -3.895968
v 37.851914 -143.191125 -3.776720
v 38.118305 -144.546961 -3.602978
v 38.281621 -145.352927 -3.461524
v 38.504935 -146.415691 -3.217917
v 38.610134 -146.899740 -3.083153
v 38.663223 -147.140735 -3.011480
v 36.734093 -128.574563 -4.229542
v 37.054119 -130.219537 -4.176843
v 37.480196 -132.416022 -4.119878
v 37.798391 -134.066507 -4.086620
v 38.009540 -135.168215 -4.067357
v 38.075343 -135.512680 -4.061575
v 38.141058 -135.857213 -4.055834
v 38.376923 -137.097906 -4.034824
v 38.585756 -138.200834 -4.014375
v 38.794043 -139.303309 -3.990353
v 38.950103 -140.129511 -3.968474
v 39.210481 -141.504334 -3.919729
v 39.472349 -142.874570 -3.844385
v 39.737884 -144.236513 -3.719946
v 39.900524 -145.046944 -3.606735
v 40.123753 -146.115029 -3.390085
v 40.229612 -146.600598 -3.260937
v 38.133082 -130.003720 -4.109760
v 38.559026 -132.199460 -4.049377
v 38.877309 -133.849198 -4.015544
v 39.088645 -134.950374 -3.997586
v 39.154533 -135.294675 -3.992574
v 39.220347 -135.639049 -3.987794
v 39.456686 -136.879216 -3.971988
v 39.666094 -137.981785 -3.958657
v 39.875071 -139.084058 -3.944333
v 40.031683 -139.910265 -3.931637
v 40.292889 -141.285627 -3.902789
v 40.555096 -142.657695 -3.855430
v 40.819831 -144.024013 -3.770315
v 40.981303 -144.838697 -3.685152
v 41.203077 -145.913138 -3.500698
v 41.309034 -146.400718 -3.378754
v 41.362998 -146.642692 -3.309217
v 39.638249 -131.982176 -3.975247
v 39.956739 -133.630916 -3.938394
v 40.168356 -134.731377 -3.919712
v 40.234358 -135.075453 -3.914746
v 40.300299 -135.419600 -3.910157
v 40.537220 -136.658964 -3.896339
v 40.747316 -137.760842 -3.886649
v 40.957142 -138.862464 -3.877934
v 41.114478 -139.688238 -3.870944
v 41.376958 -141.063143 -3.855464
v 41.640203 -142.435643 -3.829389
v 41.904854 -143.804903 -3.781226
v 42.065022 -144.623946 -3.730249
v 42.283398 -145.708134 -3.600075
v 42.388376 -146.199876 -3.494532
v 40.312959 -131.846165 -3.927977
v 40.631609 -133.494173 -3.887946
v 40.843426 -134.594112 -3.867752
v 40.909506 -134.938022 -3.862441
v 40.975534 -135.282003 -3.857576
v 41.212842 -136.520761 -3.843376
v 41.423392 -137.622089 -3.834204
v 41.633791 -138.723139 -3.826861
v 41.791637 -139.548468 -3.821515
v 42.055106 -140.922637 -3.810292
v 42.319412 -142.294593 -3.791803
v 42.584850 -143.664153 -3.759321
v 42.744829 -144.484767 -3.727190
v 42.960404 -145.576003 -3.644247
v 43.063389 -146.072844 -3.562285
v 43.117108 -146.317873 -3.501782
v 43.656803 -146.217152 -3.559533
v 43.604495 -145.968794 -3.605500
v 43.504490 -145.465677 -3.652416
v 43.290092 -144.370646 -3.700336
v 43.129590 -143.549942 -3.723717
v 42.863067 -142.180973 -3.750291
v 42.597765 -140.809772 -3.766306
v 42.333459 -139.436345 -3.776384
v 42.175198 -138.611426 -3.781429
v 41.964345 -137.510884 -3.788783
v 41.753437 -136.410034 -3.798453
v 41.515823 -135.171797 -3.813815
v 41.449725 -134.827960 -3.819111
v 41.383581 -134.484193 -3.824897
v 41.171602 -133.384707 -3.846874
v 41.441621 -133.329974 -3.826235
v 41.653683 -134.429224 -3.803182
v 41.719858 -134.772917 -3.797095
v 41.785990 -135.116679 -3.791516
v 42.023753 -136.354648 -3.775305
v 42.234833 -137.455252 -3.765103
v 42.445906 -138.555534 -3.757407
v 42.604369 -139.380241 -3.752206
v 42.869089 -140.753278 -3.742026
v 43.134900 -142.124053 -3.726146
v 43.402028 -143.492591 -3.700314
v 43.562954 -144.313060 -3.678534
v 43.777753 -145.408414 -3.640112
v 43.876641 -145.914157 -3.610917
v 44.472331 -146.056147 -3.565227
v 44.423367 -145.800562 -3.567866
v 44.324612 -145.292828 -3.584665
v 44.108247 -144.198247 -3.622003
v 43.946597 -143.378108 -3.644789
v 43.678385 -142.010307 -3.672371
v 43.411622 -140.640336 -3.689689
v 43.146123 -139.268059 -3.701183
v 42.987281 -138.443769 -3.707217
v 42.775797 -137.344002 -3.716194
v 42.564394 -136.243888 -3.727973
v 42.326347 -135.006468 -3.746389
v 42.260149 -134.662858 -3.752660
v 42.193913 -134.319320 -3.759471
v 41.981690 -133.220561 -3.785019
v 42.464032 -134.264406 -3.737602
v 42.530298 -134.607865 -3.730371
v 42.596528 -134.951395 -3.723694
v 42.834708 -136.188538 -3.703940
v 43.046260 -137.288411 -3.691136
v 43.257931 -138.387929 -3.681256
v 43.416944 -139.212023 -3.674583
v 43.682794 -140.583953 -3.661994
v 43.949963 -141.953598 -3.643377
v 44.218557 -143.321235 -3.614040
v 44.380327 -144.141545 -3.589983
v 44.596310 -145.237360 -3.552146
v 44.694383 -145.746236 -3.536704
v 45.135985 -145.131410 -3.492954
v 44.922959 -144.030084 -3.524742
v 44.761544 -143.208649 -3.550082
v 44.492651 -141.840728 -3.582823
v 44.224866 -140.471500 -3.604499
v 43.958422 -139.100156 -3.619854
v 43.799112 -138.276416 -3.628146
v 43.587116 -137.177361 -3.640270
v 43.375299 -136.077958 -3.655537
v 43.136871 -134.841373 -3.678400
v 43.070581 -134.498003 -3.686000
v 43.004258 -134.154707 -3.694170
v 44.591271 -135.830117 -3.548158
v 44.803519 -136.928546 -3.525691
v 45.015979 -138.026769 -3.506966
v 45.175677 -138.849963 -3.494011
v 45.442820 -140.220651 -3.471425
v 45.710948 -141.590178 -3.444216
v 45.978489 -142.961155 -3.411367
v 46.137332 -143.787009 -3.393438
v 44.200358 -146.110662 -3.582794
v 44.150219 -145.857355 -3.597086
v 44.051453 -145.350319 -3.615985
v 43.835738 -144.255494 -3.652008
v 43.674394 -143.435267 -3.673789
v 43.406685 -142.067143 -3.700071
v 43.140381 -140.696789 -3.716428
v 42.875260 -139.324139 -3.727100
v 42.716603 -138.499643 -3.732636
v 42.505319 -137.399620 -3.740879
v 42.294074 -136.299261 -3.751787
v 42.056166 -135.061566 -3.769019
v 41.990001 -134.717879 -3.774924
v 41.923795 -134.374263 -3.781353
v 32.669587 -147.994893 -2.428713
v 32.567428 -147.510768 -2.568135
v 32.349846 -146.446353 -2.825186
v 32.189759 -145.639450 -2.987600
v 31.926470 -144.286826 -3.232780
v 31.665532 -142.931002 -3.469969
v 31.405757 -141.574576 -3.708114
v 31.250208 -140.760347 -3.850805
v 31.042926 -139.673200 -4.035945
v 30.835104 -138.581792 -4.202422
v 30.598080 -137.346756 -4.338836
v 30.530857 -137.002986 -4.362094
v 30.463733 -136.659002 -4.382610
v 30.247223 -135.559618 -4.426238
v 31.137019 -146.664170 -2.675772
v 30.978128 -145.853598 -2.830137
v 30.715452 -144.499255 -3.080857
v 30.453753 -143.145722 -3.340702
v 30.192471 -141.793575 -3.610410
v 30.035861 -140.982678 -3.775672
v 29.827279 -139.901259 -3.997381
v 29.618928 -138.817534 -4.212777
v 29.382232 -137.585359 -4.397301
v 29.314607 -137.241316 -4.423896
v 29.245983 -136.898109 -4.441191
v 28.498712 -137.402298 -4.468113
v 28.567081 -137.746091 -4.444832
v 28.805041 -138.969833 -4.201188
v 29.015071 -140.049342 -3.961145
v 29.225192 -141.128893 -3.723343
v 29.382773 -141.938647 -3.547201
v 29.645370 -143.288812 -3.259430
v 29.907953 -144.640359 -2.981966
v 30.170677 -145.994384 -2.720398
v 30.328833 -146.807235 -2.569495
v 30.542747 -147.882375 -2.341779
v 29.867940 -148.005599 -2.264036
v 29.655652 -146.924970 -2.476931
v 29.497796 -146.111730 -2.631938
v 29.234598 -144.759667 -2.910137
v 28.971181 -143.409706 -3.202621
v 28.707540 -142.060132 -3.502162
v 28.549208 -141.250290 -3.683997
v 28.337785 -140.169961 -3.928006
v 29.192937 -148.127875 -2.182598
v 28.981541 -147.043193 -2.388507
v 28.822842 -146.232464 -2.559330
v 28.558048 -144.883313 -2.857651
v -0.000000 4.975160 -13.268560
v -0.000000 0.803824 -13.268560
v -1.862676 0.813223 -12.765202
v -3.725373 0.813341 -12.261838
v -5.588050 0.804180 -11.758480
v -5.588050 4.975160 -11.758480
v 9.689840 4.975160 -7.674130
v 9.689840 0.803824 -7.674130
v 8.322582 0.813223 -9.035575
v 6.955308 0.813341 -10.397035
v 5.588050 0.804180 -11.758480
v 5.588050 4.975160 -11.758480
v 9.689850 -106.313601 3.514730
v 11.176100 -106.313601 -2.079700
v 11.176100 -102.143800 -2.079700
v 10.799930 -102.126915 -0.663748
v 10.433297 -102.121505 0.716303
v 10.066507 -102.127285 2.096947
v 9.689850 -102.144560 3.514730
v -9.689840 4.975160 3.514730
v -9.689840 0.803824 3.514730
v -8.322582 0.813223 4.876174
v -6.955308 0.813341 6.237635
v -5.588050 0.804180 7.599080
v -5.588050 4.975160 7.599080
v -11.176090 4.975160 -2.079700
v -11.176090 0.804180 -2.079700
v -10.680675 0.813341 -0.214897
v -10.185255 0.813223 1.649928
v -9.689840 4.975160 -7.674130
v -9.689840 0.803824 -7.674130
v -10.185255 0.813223 -5.809328
v -10.680675 0.813341 -3.944503
v -0.000001 4.975160 9.109169
v 0.000001 0.803824 9.109170
v 1.862676 0.813223 8.605809
v 3.725372 0.813341 8.102442
v 5.588047 0.804180 7.599080
v 5.588042 4.975160 7.599080
v 9.689841 4.975160 3.514727
v 6.955306 0.813341 6.237636
v 8.322581 0.813223 4.876177
v 9.689839 0.803824 3.514733
v 3.725373 0.813341 -12.261838
v 1.862676 0.813223 -12.765202
v -6.955308 0.813341 -10.397035
v -8.322582 0.813223 -9.035575
v -3.725373 0.813341 8.102442
v -1.862675 0.813223 8.605809
v 9.689850 -106.313601 -7.674130
v 9.689850 -102.144560 -7.674130
v 10.066507 -102.127285 -6.256347
v 10.433297 -102.121505 -4.875703
v 10.799929 -102.126915 -3.495652
v 11.176090 4.975160 -2.079700
v 11.176090 0.804180 -2.079700
v 10.680675 0.813341 -3.944503
v 10.185255 0.813223 -5.809328
v 0.000010 -106.313601 9.109170
v 0.000010 -102.144561 9.109170
v -1.416156 -102.127285 8.726471
v -2.795225 -102.121505 8.353798
v -4.173702 -102.126915 7.981284
v -5.588040 -102.143800 7.599080
v -5.588040 -106.313601 7.599080
v -9.689830 -106.313601 -7.674130
v -9.689830 -102.144560 -7.674130
v -8.650323 -102.127285 -8.709217
v -7.638046 -102.121505 -9.717190
v -6.626204 -102.126915 -10.724730
v -5.588040 -102.143801 -11.758480
v -5.588040 -106.313601 -11.758480
v 0.000010 -106.313601 -13.268560
v 0.000010 -102.144560 -13.268560
v 1.416174 -102.127285 -12.885864
v 2.795241 -102.121505 -12.513193
v 4.173715 -102.126915 -12.140682
v 5.588050 -102.143800 -11.758480
v 5.588050 -106.313601 -11.758480
v 8.650341 -102.127285 4.549817
v 7.638062 -102.121505 5.557790
v 6.626217 -102.126914 6.565329
v 5.588050 -102.143800 7.599080
v 5.588050 -106.313601 7.599080
v 4.173716 -102.126915 7.981284
v 2.795242 -102.121505 8.353798
v 1.416175 -102.127285 8.726471
v -11.176080 -106.313601 -2.079700
v -11.176080 -102.143800 -2.079700
v -10.799909 -102.126915 -3.495652
v -10.433277 -102.121505 -4.875704
v -10.066487 -102.127285 -6.256347
v -9.689830 -106.313601 3.514730
v -9.689830 -102.144560 3.514730
v -10.066487 -102.127285 2.096947
v -10.433277 -102.121505 0.716303
v -10.799909 -102.126915 -0.663748
v -6.626204 -102.126915 6.565330
v -7.638046 -102.121505 5.557790
v -8.650323 -102.127285 4.549817
v 10.185254 0.813223 1.649930
v 10.680675 0.813341 -0.214895
v 6.626217 -102.126915 -10.724730
v 7.638062 -102.121505 -9.717190
v 8.650341 -102.127285 -8.709217
v -4.173701 -102.126915 -12.140682
v -2.795224 -102.121505 -12.513193
v -1.416155 -102.127285 -12.885864
v -12.947000 0.681281 -9.554650
v -13.608942 0.698065 -7.063019
v -14.270898 0.698276 -4.571334
v -14.932840 0.681916 -2.079700
v -14.270898 0.698277 0.411934
v -13.608942 0.698065 2.903618
v -12.947000 0.681281 5.395250
v -11.120154 0.698065 7.214327
v -9.293268 0.698277 9.033442
v -7.466420 0.681916 10.852520
v -4.977629 0.698277 11.525080
v -2.488787 0.698065 12.197652
v 0.000001 0.681281 12.870211
v 2.488789 0.698065 12.197652
v 4.977630 0.698277 11.525079
v 7.466421 0.681917 10.852520
v 9.293269 0.698277 9.033441
v 11.120154 0.698065 7.214326
v 12.947000 0.681281 5.395250
v 13.608942 0.698065 2.903618
v 14.270898 0.698277 0.411934
v 14.932840 0.681916 -2.079700
v 14.270898 0.698276 -4.571333
v 13.608942 0.698065 -7.063016
v 12.947001 0.681281 -9.554647
v 11.120155 0.698065 -11.373721
v 9.293271 0.698277 -13.192833
v 7.466423 0.681917 -15.011909
v 4.977631 0.698277 -15.684469
v 2.488789 0.698065 -16.357042
v -0.000000 0.681281 -17.029600
v -2.488788 0.698065 -16.357042
v -4.977629 0.698277 -15.684469
v -7.466420 0.681917 -15.011910
v -9.293268 0.698277 -13.192835
v -11.120154 0.698065 -11.373723
v -12.946990 -102.368380 -9.554650
v -11.558059 -102.345297 -10.937671
v -10.205512 -102.337574 -12.284463
v -8.853546 -102.344803 -13.630676
v -7.466410 -102.367364 -15.011910
v -5.576656 -102.344803 -15.522588
v -3.734817 -102.337574 -16.020318
v -1.892187 -102.345297 -16.518262
v 0.000010 -102.368380 -17.029600
v 1.892207 -102.345297 -16.518262
v 3.734836 -102.337575 -16.020318
v 5.576674 -102.344803 -15.522589
v 7.466427 -102.367364 -15.011911
v 8.853562 -102.344803 -13.630677
v 10.205526 -102.337575 -12.284464
v 11.558071 -102.345297 -10.937673
v 12.946999 -102.368380 -9.554654
v 13.450266 -102.345297 -7.660294
v 13.940350 -102.337574 -5.815557
v 14.430223 -102.344803 -3.971613
v 14.932840 -102.367364 -2.079700
v 14.430223 -102.344803 -0.187788
v 13.940350 -102.337574 1.656155
v 13.450267 -102.345297 3.500891
v 12.947000 -102.368380 5.395250
v 11.558070 -102.345297 6.778273
v 10.205523 -102.337574 8.125067
v 8.853557 -102.344803 9.471283
v 7.466419 -102.367364 10.852521
v 5.576669 -102.344803 11.363199
v 3.734832 -102.337575 11.860928
v 1.892204 -102.345298 12.358872
v 0.000009 -102.368380 12.870210
v -1.892188 -102.345298 12.358872
v -3.734818 -102.337575 11.860928
v -5.576656 -102.344803 11.363199
v -7.466410 -102.367364 10.852521
v -8.853546 -102.344803 9.471283
v -10.205513 -102.337574 8.125067
v -11.558059 -102.345297 6.778273
v -12.946990 -102.368380 5.395250
v -13.450257 -102.345297 3.500891
v -13.940340 -102.337574 1.656156
v -14.430213 -102.344803 -0.187788
v -14.932830 -102.367364 -2.079700
v -14.430213 -102.344803 -3.971613
v -13.940340 -102.337575 -5.815556
v -13.450257 -102.345297 -7.660291
v 7.805870 4.975160 -6.586420
v 9.003150 4.975160 -2.079700
v 7.805870 4.975160 2.427020
v 4.501570 4.975160 5.717260
v 0.000001 4.975160 6.933739
v -4.501572 4.975160 5.717260
v -7.805871 4.975160 2.427017
v -9.003150 4.975160 -2.079700
v -7.805870 4.975160 -6.586420
v -4.501570 4.975160 -9.876650
v 0.000000 4.975160 -11.093140
v 4.501570 4.975160 -9.876650
v 7.805870 8.530012 -6.586420
v 4.501570 8.530075 -9.876650
v 0.000000 8.530009 -11.093140
v -4.501570 8.530075 -9.876650
v -7.805870 8.530012 -6.586420
v -9.003150 8.530079 -2.079700
v -7.805869 8.530017 2.427024
v -4.501577 8.530083 5.717260
v -0.000001 8.530019 6.933740
v 4.501570 8.530083 5.717260
v 7.805870 8.530017 2.427020
v 9.003150 8.530079 -2.079700
v -5.000205 4.975160 -2.039233
v -4.935457 4.975160 -1.237176
v -4.742888 4.975160 -0.455893
v -4.427486 4.975160 0.284383
v -3.997419 4.975160 0.964479
v -3.463827 4.975160 1.566780
v -2.840529 4.975160 2.075687
v -2.143668 4.975160 2.478020
v -1.391293 4.975160 2.763358
v -0.602889 4.975160 2.924312
v 0.201124 4.975160 2.956712
v 0.999923 4.975160 2.859721
v 1.772819 4.975160 2.635849
v 2.499795 4.975160 2.290894
v 3.162021 4.975160 1.833792
v 3.742348 4.975160 1.276381
v 4.225745 4.975160 0.633097
v 4.599692 4.975160 -0.079400
v 4.854504 4.975160 -0.842654
v 4.983581 4.975160 -1.636900
v 4.983581 4.975160 -2.441565
v 4.854504 4.975160 -3.235811
v 4.599692 4.975160 -3.999066
v 4.225745 4.975160 -4.711562
v 3.742348 4.975160 -5.354846
v 3.162021 4.975160 -5.912257
v 2.499795 4.975160 -6.369360
v 1.772819 4.975160 -6.714314
v 0.999923 4.975160 -6.938186
v 0.201124 4.975160 -7.035178
v -0.602889 4.975160 -7.002777
v -1.391293 4.975160 -6.841823
v -2.143668 4.975160 -6.556485
v -2.840529 4.975160 -6.154152
v -3.463827 4.975160 -5.645245
v -3.997419 4.975160 -5.042944
v -4.427486 4.975160 -4.362848
v -4.742888 4.975160 -3.622573
v -4.935457 4.975160 -2.841289
v -5.200205 4.975160 -2.039233
v -5.136185 4.975160 -2.852692
v -4.945699 4.975160 -3.646121
v -4.633439 4.975160 -4.399983
v -4.207094 4.975160 -5.095716
v -3.677161 4.975160 -5.716188
v -3.056689 4.975160 -6.246121
v -2.360956 4.975160 -6.672467
v -1.607094 4.975160 -6.984727
v -0.813665 4.975160 -7.175212
v -0.000205 4.975160 -7.239233
v 0.813254 4.975160 -7.175212
v 1.606683 4.975160 -6.984727
v 2.360545 4.975160 -6.672467
v 3.056278 4.975160 -6.246121
v 3.676750 4.975160 -5.716188
v 4.206683 4.975160 -5.095716
v 4.633028 4.975160 -4.399983
v 4.945288 4.975160 -3.646121
v 5.135774 4.975160 -2.852692
v 5.199795 4.975160 -2.039233
v 5.135774 4.975160 -1.225773
v 4.945288 4.975160 -0.432344
v 4.633028 4.975160 0.321518
v 4.206683 4.975160 1.017251
v 3.676750 4.975160 1.637723
v 3.056278 4.975160 2.167656
v 2.360545 4.975160 2.594001
v 1.606683 4.975160 2.906261
v 0.813254 4.975160 3.096747
v -0.000205 4.975160 3.160767
v -0.813665 4.975160 3.096747
v -1.607094 4.975160 2.906261
v -2.360956 4.975160 2.594001
v -3.056689 4.975160 2.167656
v -3.677161 4.975160 1.637723
v -4.207094 4.975160 1.017251
v -4.633439 4.975160 0.321518
v -4.945699 4.975160 -0.432344
v -5.136185 4.975160 -1.225773
v -5.000205 2.175160 -2.039233
v -4.935457 2.175160 -1.237176
v -4.742888 2.175160 -0.455893
v -4.427486 2.175160 0.284383
v -3.997419 2.175160 0.964479
v -3.463827 2.175160 1.566780
v -2.840529 2.175160 2.075687
v -2.143668 2.175160 2.478020
v -1.391293 2.175160 2.763358
v -0.602889 2.175160 2.924312
v 0.201124 2.175160 2.956712
v 0.999923 2.175160 2.859721
v 1.772819 2.175160 2.635849
v 2.499795 2.175160 2.290894
v 3.162021 2.175160 1.833792
v 3.742348 2.175160 1.276381
v 4.225745 2.175160 0.633097
v 4.599692 2.175160 -0.079400
v 4.854504 2.175160 -0.842654
v 4.983581 2.175160 -1.636900
v 4.983581 2.175160 -2.441565
v 4.854504 2.175160 -3.235811
v 4.599692 2.175160 -3.999066
v 4.225745 2.175160 -4.711562
v 3.742348 2.175160 -5.354846
v 3.162021 2.175160 -5.912257
v 2.499795 2.175160 -6.369360
v 1.772819 2.175160 -6.714314
v 0.999923 2.175160 -6.938186
v 0.201124 2.175160 -7.035178
v -0.602889 2.175160 -7.002777
v -1.391293 2.175160 -6.841823
v -2.143668 2.175160 -6.556485
v -2.840529 2.175160 -6.154152
v -3.463827 2.175160 -5.645245
v -3.997419 2.175160 -5.042944
v -4.427486 2.175160 -4.362848
v -4.742888 2.175160 -3.622573
v -4.935457 2.175160 -2.841289
v -5.200205 1.975160 -2.039233
v -5.136185 1.975160 -1.225773
v -4.945699 1.975160 -0.432344
v -4.633439 1.975160 0.321518
v -4.207094 1.975160 1.017251
v -3.677161 1.975160 1.637723
v -3.056689 1.975160 2.167656
v -2.360956 1.975160 2.594001
v -1.607094 1.975160 2.906261
v -0.813665 1.975160 3.096747
v -0.000205 1.975160 3.160767
v 0.813254 1.975160 3.096747
v 1.606683 1.975160 2.906261
v 2.360545 1.975160 2.594001
v 3.056278 1.975160 2.167656
v 3.676750 1.975160 1.637723
v 4.206683 1.975160 1.017251
v 4.633028 1.975160 0.321518
v 4.945288 1.975160 -0.432344
v 5.135774 1.975160 -1.225773
v 5.199795 1.975160 -2.039233
v 5.135774 1.975160 -2.852692
v 4.945288 1.975160 -3.646121
v 4.633028 1.975160 -4.399983
v 4.206683 1.975160 -5.095716
v 3.676750 1.975160 -5.716188
v 3.056278 1.975160 -6.246121
v 2.360545 1.975160 -6.672467
v 1.606683 1.975160 -6.984727
v 0.813254 1.975160 -7.175212
v -0.000205 1.975160 -7.239233
v -0.813665 1.975160 -7.175212
v -1.607094 1.975160 -6.984727
v -2.360956 1.975160 -6.672467
v -3.056689 1.975160 -6.246121
v -3.677161 1.975160 -5.716188
v -4.207094 1.975160 -5.095716
v -4.633439 1.975160 -4.399983
v -4.945699 1.975160 -3.646121
v -5.136185 1.975160 -2.852692
vt 0.080168 0.493573 0.000000
vt 0.081308 0.513646 0.000000
vt -0.000038 0.500048 0.000000
vt -0.000038 0.520048 0.000000
vt -0.081384 0.513646 0.000000
vt 0.160651 0.494597 0.000000
vt 0.158296 0.474316 0.000000
vt 0.236037 0.463371 0.000000
vt 0.232324 0.442776 0.000000
vt 0.305611 0.420737 0.000000
vt 0.300333 0.399769 0.000000
vt 0.367658 0.367743 0.000000
vt 0.360563 0.346410 0.000000
vt 0.420651 0.305696 0.000000
vt 0.411454 0.284080 0.000000
vt 0.463286 0.236123 0.000000
vt 0.451687 0.214394 0.000000
vt 0.494512 0.160737 0.000000
vt 0.480221 0.139157 0.000000
vt 0.513560 0.081394 0.000000
vt 0.496317 0.060316 0.000000
vt 0.519962 0.000048 0.000000
vt 0.499557 -0.020085 0.000000
vt 0.513560 -0.081298 0.000000
vt 0.489858 -0.099965 0.000000
vt 0.494512 -0.160641 0.000000
vt 0.467470 -0.177255 0.000000
vt 0.463286 -0.236027 0.000000
vt 0.432975 -0.249952 0.000000
vt 0.420651 -0.305600 0.000000
vt 0.387265 -0.316175 0.000000
vt 0.367658 -0.367648 0.000000
vt 0.331524 -0.374208 0.000000
vt 0.305611 -0.420641 0.000000
vt 0.267195 -0.422547 0.000000
vt 0.236037 -0.463276 0.000000
vt 0.195946 -0.459942 0.000000
vt 0.160651 -0.494502 0.000000
vt 0.119620 -0.485423 0.000000
vt 0.081308 -0.513550 0.000000
vt 0.040195 -0.498331 0.000000
vt -0.000038 -0.519952 0.000000
vt -0.040271 -0.498331 0.000000
vt -0.081384 -0.513550 0.000000
vt -0.119696 -0.485423 0.000000
vt -0.160727 -0.494502 0.000000
vt -0.196021 -0.459942 0.000000
vt -0.236113 -0.463276 0.000000
vt -0.267271 -0.422547 0.000000
vt -0.305686 -0.420641 0.000000
vt -0.331599 -0.374208 0.000000
vt -0.367733 -0.367648 0.000000
vt -0.387340 -0.316175 0.000000
vt -0.420727 -0.305600 0.000000
vt -0.433051 -0.249952 0.000000
vt -0.463361 -0.236027 0.000000
vt -0.467546 -0.177255 0.000000
vt -0.494587 -0.160641 0.000000
vt -0.489933 -0.099965 0.000000
vt -0.513636 -0.081298 0.000000
vt -0.499632 -0.020085 0.000000
vt -0.520038 0.000048 0.000000
vt -0.496392 0.060316 0.000000
vt -0.513636 0.081394 0.000000
vt -0.480297 0.139157 0.000000
vt -0.494587 0.160737 0.000000
vt -0.451763 0.214394 0.000000
vt -0.463361 0.236123 0.000000
vt -0.411530 0.284080 0.000000
vt -0.420727 0.305696 0.000000
vt -0.360639 0.346410 0.000000
vt -0.367733 0.367743 0.000000
vt -0.300409 0.399769 0.000000
vt -0.305686 0.420737 0.000000
vt -0.232399 0.442776 0.000000
vt -0.236113 0.463371 0.000000
vt -0.158372 0.474316 0.000000
vt -0.160727 0.494597 0.000000
vt -0.080243 0.493573 0.000000
vt -0.260000 1.490243 0.000000
vt 0.000000 1.490243 0.000000
vt -0.260000 1.570796 0.000000
vt -0.000000 1.570796 0.000000
vt -0.260000 -1.570796 0.000000
vt -0.000000 -1.570796 0.000000
vt -0.260000 -1.490243 0.000000
vt 0.000000 -1.490243 0.000000
vt -0.260000 -1.409689 0.000000
vt 0.000000 -1.409689 0.000000
vt -0.260000 -1.329135 0.000000
vt 0.000000 -1.329135 0.000000
vt -0.260000 -1.248582 0.000000
vt 0.000000 -1.248582 0.000000
vt -0.260000 -1.168028 0.000000
vt 0.000000 -1.168028 0.000000
vt -0.260000 -1.087474 0.000000
vt 0.000000 -1.087474 0.000000
vt -0.260000 -1.006921 0.000000
vt 0.000000 -1.006921 0.000000
vt -0.260000 -0.926367 0.000000
vt 0.000000 -0.926367 0.000000
vt -0.260000 -0.845813 0.000000
vt 0.000000 -0.845813 0.000000
vt -0.260000 -0.765260 0.000000
vt 0.000000 -0.765260 0.000000
vt -0.260000 -0.684706 0.000000
vt 0.000000 -0.684706 0.000000
vt -0.260000 -0.604152 0.000000
vt 0.000000 -0.604152 0.000000
vt -0.260000 -0.523599 0.000000
vt 0.000000 -0.523599 0.000000
vt -0.260000 -0.443045 0.000000
vt 0.000000 -0.443045 0.000000
vt -0.260000 -0.362491 0.000000
vt 0.000000 -0.362491 0.000000
vt -0.260000 -0.281938 0.000000
vt 0.000000 -0.281938 0.000000
vt -0.260000 -0.201384 0.000000
vt 0.000000 -0.201384 0.000000
vt -0.260000 -0.120830 0.000000
vt 0.000000 -0.120830 0.000000
vt -0.260000 -0.040277 0.000000
vt 0.000000 -0.040277 0.000000
vt -0.260000 0.040277 0.000000
vt 0.000000 0.040277 0.000000
vt -0.260000 0.120830 0.000000
vt 0.000000 0.120830 0.000000
vt -0.260000 0.201384 0.000000
vt 0.000000 0.201384 0.000000
vt -0.260000 0.281938 0.000000
vt -0.000000 0.281938 0.000000
vt -0.260000 0.362491 0.000000
vt -0.000000 0.362491 0.000000
vt -0.260000 0.443045 0.000000
vt -0.000000 0.443045 0.000000
vt -0.260000 0.523599 0.000000
vt -0.000000 0.523599 0.000000
vt -0.260000 0.604152 0.000000
vt -0.000000 0.604152 0.000000
vt -0.260000 0.684706 0.000000
vt -0.000000 0.684706 0.000000
vt -0.260000 0.765260 0.000000
vt -0.000000 0.765260 0.000000
vt -0.260000 0.845813 0.000000
vt -0.000000 0.845813 0.000000
vt -0.260000 0.926367 0.000000
vt -0.000000 0.926367 0.000000
vt -0.260000 1.006921 0.000000
vt -0.000000 1.006921 0.000000
vt -0.260000 1.087474 0.000000
vt -0.000000 1.087474 0.000000
vt -0.260000 1.168028 0.000000
vt -0.000000 1.168028 0.000000
vt -0.260000 1.248582 0.000000
vt -0.000000 1.248582 0.000000
vt -0.260000 1.329135 0.000000
vt -0.000000 1.329135 0.000000
vt -0.260000 1.409689 0.000000
vt 0.000000 1.409689 0.000000
vt -0.500000 -0.000000 0.000000
vt -0.493525 -0.080206 0.000000
vt -0.493525 0.080206 0.000000
vt -0.474268 0.158334 0.000000
vt -0.474268 -0.158334 0.000000
vt -0.442728 0.232362 0.000000
vt -0.442728 -0.232362 0.000000
vt -0.399721 0.300371 0.000000
vt -0.346362 0.360601 0.000000
vt -0.284032 0.411492 0.000000
vt -0.214346 0.451725 0.000000
vt -0.139109 0.480259 0.000000
vt -0.060268 0.496354 0.000000
vt 0.020133 0.499594 0.000000
vt 0.100013 0.489895 0.000000
vt 0.177302 0.467508 0.000000
vt 0.250000 0.433013 0.000000
vt -0.399721 -0.300371 0.000000
vt 0.316223 0.387302 0.000000
vt 0.374255 0.331561 0.000000
vt 0.422595 0.267233 0.000000
vt 0.459990 0.195983 0.000000
vt 0.485471 0.119658 0.000000
vt 0.498379 0.040233 0.000000
vt 0.498379 -0.040233 0.000000
vt 0.485471 -0.119658 0.000000
vt 0.459990 -0.195983 0.000000
vt 0.422595 -0.267233 0.000000
vt 0.374255 -0.331561 0.000000
vt -0.346362 -0.360601 0.000000
vt 0.316223 -0.387302 0.000000
vt -0.284032 -0.411492 0.000000
vt 0.250000 -0.433013 0.000000
vt -0.214346 -0.451725 0.000000
vt 0.177302 -0.467508 0.000000
vt -0.139109 -0.480259 0.000000
vt 0.100013 -0.489895 0.000000
vt -0.060268 -0.496354 0.000000
vt 0.020133 -0.499594 0.000000
vt 0.300000 -1.551947 0.000000
vt -0.000000 -1.551947 0.000000
vt 0.300000 -1.633628 0.000000
vt -0.000000 -1.633628 0.000000
vt 0.300000 1.633628 0.000000
vt -0.000000 1.633628 0.000000
vt 0.300000 1.551947 0.000000
vt -0.000000 1.551947 0.000000
vt 0.300000 1.470265 0.000000
vt -0.000000 1.470265 0.000000
vt 0.300000 1.388584 0.000000
vt 0.000000 1.388584 0.000000
vt 0.300000 1.306903 0.000000
vt 0.000000 1.306903 0.000000
vt 0.300000 1.225221 0.000000
vt 0.000000 1.225221 0.000000
vt 0.300000 1.143540 0.000000
vt 0.000000 1.143540 0.000000
vt 0.300000 1.061858 0.000000
vt 0.000000 1.061858 0.000000
vt 0.300000 0.980177 0.000000
vt 0.000000 0.980177 0.000000
vt 0.300000 0.898495 0.000000
vt 0.000000 0.898495 0.000000
vt 0.300000 0.816814 0.000000
vt 0.000000 0.816814 0.000000
vt 0.300000 0.735133 0.000000
vt 0.000000 0.735133 0.000000
vt 0.300000 0.653451 0.000000
vt 0.000000 0.653451 0.000000
vt 0.300000 0.571770 0.000000
vt 0.000000 0.571770 0.000000
vt 0.300000 0.490088 0.000000
vt 0.000000 0.490088 0.000000
vt 0.300000 0.408407 0.000000
vt 0.000000 0.408407 0.000000
vt 0.300000 0.326726 0.000000
vt 0.000000 0.326726 0.000000
vt 0.300000 0.245044 0.000000
vt 0.000000 0.245044 0.000000
vt 0.300000 0.163363 0.000000
vt -0.000000 0.163363 0.000000
vt 0.300000 0.081681 0.000000
vt -0.000000 0.081681 0.000000
vt 0.300000 0.000000 0.000000
vt -0.000000 0.000000 0.000000
vt 0.300000 -0.081681 0.000000
vt -0.000000 -0.081681 0.000000
vt 0.300000 -0.163363 0.000000
vt -0.000000 -0.163363 0.000000
vt 0.300000 -0.245044 0.000000
vt -0.000000 -0.245044 0.000000
vt 0.300000 -0.326726 0.000000
vt -0.000000 -0.326726 0.000000
vt 0.300000 -0.408407 0.000000
vt -0.000000 -0.408407 0.000000
vt 0.300000 -0.490088 0.000000
vt -0.000000 -0.490088 0.000000
vt 0.300000 -0.571770 0.000000
vt -0.000000 -0.571770 0.000000
vt 0.300000 -0.653451 0.000000
vt -0.000000 -0.653451 0.000000
vt 0.300000 -0.735133 0.000000
vt -0.000000 -0.735133 0.000000
vt 0.300000 -0.816814 0.000000
vt -0.000000 -0.816814 0.000000
vt 0.300000 -0.898495 0.000000
vt -0.000000 -0.898495 0.000000
vt 0.300000 -0.980177 0.000000
vt -0.000000 -0.980177 0.000000
vt 0.300000 -1.061858 0.000000
vt -0.000000 -1.061858 0.000000
vt 0.300000 -1.143540 0.000000
vt -0.000000 -1.143540 0.000000
vt 0.300000 -1.225221 0.000000
vt -0.000000 -1.225221 0.000000
vt 0.300000 -1.306903 0.000000
vt -0.000000 -1.306903 0.000000
vt 0.300000 -1.388584 0.000000
vt -0.000000 -1.388584 0.000000
vt 0.300000 -1.470265 0.000000
vt -0.000000 -1.470265 0.000000
vt 0.513598 0.081346 0.000000
vt -0.513598 0.081346 0.000000
vt 0.520000 0.000000 0.000000
vt -0.520000 -0.000000 0.000000
vt 0.513598 -0.081346 0.000000
vt -0.513598 -0.081346 0.000000
vt 0.494549 -0.160689 0.000000
vt -0.494549 -0.160689 0.000000
vt 0.463323 -0.236075 0.000000
vt -0.463323 -0.236075 0.000000
vt 0.420689 -0.305648 0.000000
vt -0.420689 -0.305648 0.000000
vt 0.367696 -0.367696 0.000000
vt -0.367696 -0.367696 0.000000
vt 0.305648 -0.420689 0.000000
vt -0.305648 -0.420689 0.000000
vt 0.236075 -0.463323 0.000000
vt -0.236075 -0.463323 0.000000
vt 0.160689 -0.494549 0.000000
vt -0.160689 -0.494549 0.000000
vt 0.081346 -0.513598 0.000000
vt -0.081346 -0.513598 0.000000
vt -0.000000 -0.520000 0.000000
vt -0.494549 0.160689 0.000000
vt 0.494549 0.160689 0.000000
vt -0.463323 0.236075 0.000000
vt 0.463323 0.236075 0.000000
vt -0.420689 0.305648 0.000000
vt 0.420689 0.305648 0.000000
vt -0.367696 0.367696 0.000000
vt 0.367696 0.367696 0.000000
vt -0.305648 0.420689 0.000000
vt 0.305648 0.420689 0.000000
vt -0.236075 0.463323 0.000000
vt 0.236075 0.463323 0.000000
vt -0.160689 0.494549 0.000000
vt 0.160689 0.494549 0.000000
vt -0.081346 0.513598 0.000000
vt 0.081346 0.513598 0.000000
vt -0.000000 0.520000 0.000000
vt -0.079367 0.635985 0.000000
vt -0.130263 0.487865 0.000000
vt 0.340470 0.588742 0.000000
vt -0.174907 0.342472 0.000000
vt 0.069099 -0.676580 0.000000
vt -0.213832 0.198444 0.000000
vt -0.247460 0.054476 0.000000
vt -0.276109 -0.090723 0.000000
vt -0.300011 -0.238468 0.000000
vt -0.319314 -0.390138 0.000000
vt -0.334086 -0.547218 0.000000
vt -0.331343 0.548098 0.000000
vt -0.317261 0.391921 0.000000
vt 0.069098 0.676581 0.000000
vt -0.298529 0.240915 0.000000
vt -0.275074 0.093580 0.000000
vt -0.246744 -0.051485 0.000000
vt -0.213296 -0.195619 0.000000
vt -0.174392 -0.340148 0.000000
vt 0.340471 -0.588740 0.000000
vt -0.129588 -0.486425 0.000000
vt -0.078318 -0.635868 0.000000
vt -0.209919 0.605306 0.000000
vt -0.228775 0.449821 0.000000
vt 0.209441 0.647048 0.000000
vt -0.242047 0.298335 0.000000
vt -0.249976 0.149389 0.000000
vt -0.252699 0.001602 0.000000
vt 0.209441 -0.647047 0.000000
vt -0.250261 -0.146372 0.000000
vt -0.242609 -0.295884 0.000000
vt -0.229595 -0.448331 0.000000
vt -0.210968 -0.605203 0.000000
vt -0.526241 -0.430821 0.000000
vt 0.141597 -0.244058 0.000000
vt 0.173974 0.657472 0.000000
vt 0.223913 -0.121505 0.000000
vt 0.300518 0.002019 0.000000
vt -0.152540 -0.621834 0.000000
vt -0.045084 -0.492525 0.000000
vt 0.052397 -0.367191 0.000000
vt 0.372420 0.128060 0.000000
vt 0.440506 0.258225 0.000000
vt 0.505580 0.394251 0.000000
vt -0.209441 -0.647047 0.000000
vt 0.251056 0.026027 0.000000
vt -0.209441 0.647048 0.000000
vt 0.247186 0.172353 0.000000
vt 0.239231 0.316862 0.000000
vt 0.224043 -0.603901 0.000000
vt 0.237521 -0.436786 0.000000
vt 0.246359 -0.277150 0.000000
vt 0.250812 -0.123364 0.000000
vt 0.227150 0.460754 0.000000
vt 0.210834 0.605215 0.000000
vt -0.209441 -0.647047 0.000000
vt 0.258487 0.000002 0.000000
vt -0.209441 0.647047 0.000000
vt 0.255673 0.146090 0.000000
vt 0.247151 0.294197 0.000000
vt 0.211853 -0.605114 0.000000
vt 0.232683 -0.446433 0.000000
vt 0.247151 -0.294194 0.000000
vt 0.255673 -0.146087 0.000000
vt 0.232684 0.446435 0.000000
vt 0.211854 0.605113 0.000000
vt 0.209441 0.647048 0.000000
vt -0.251055 0.026028 0.000000
vt 0.209441 -0.647048 0.000000
vt -0.250811 -0.123363 0.000000
vt -0.246357 -0.277149 0.000000
vt -0.210833 0.605215 0.000000
vt -0.227149 0.460754 0.000000
vt -0.239230 0.316863 0.000000
vt -0.247185 0.172354 0.000000
vt -0.237519 -0.436785 0.000000
vt -0.224040 -0.603900 0.000000
vt 0.199908 -0.631801 0.000000
vt 0.290820 0.012705 0.000000
vt 0.173775 -0.657164 0.000000
vt 0.212886 0.138377 0.000000
vt 0.130716 0.261219 0.000000
vt 0.229410 -0.606169 0.000000
vt 0.250647 -0.588894 0.000000
vt 0.365194 -0.116931 0.000000
vt 0.264828 -0.577636 0.000000
vt 0.283012 -0.563387 0.000000
vt 0.307565 -0.544350 0.000000
vt 0.323509 -0.532064 0.000000
vt 0.343061 -0.517053 0.000000
vt 0.436625 -0.251750 0.000000
vt 0.367671 -0.498215 0.000000
vt 0.399684 -0.473775 0.000000
vt 0.419625 -0.458575 0.000000
vt 0.443145 -0.440665 0.000000
vt 0.471317 -0.419230 0.000000
vt 0.505692 -0.393096 0.000000
vt -0.526240 0.430822 0.000000
vt 0.043562 0.382315 0.000000
vt -0.049422 0.502729 0.000000
vt -0.149207 0.623537 0.000000
vt -0.151775 -0.622225 0.000000
vt -0.051067 -0.500710 0.000000
vt -0.526241 -0.430820 0.000000
vt 0.042469 -0.379831 0.000000
vt 0.129870 -0.258451 0.000000
vt 0.173974 0.657472 0.000000
vt 0.212034 -0.135454 0.000000
vt 0.289751 -0.009709 0.000000
vt 0.363724 0.119967 0.000000
vt 0.434599 0.254843 0.000000
vt 0.502974 0.396319 0.000000
vt 0.526240 0.430822 0.000000
vt -0.144646 0.280431 0.000000
vt -0.173775 -0.657164 0.000000
vt -0.227240 0.158245 0.000000
vt -0.200049 -0.631734 0.000000
vt -0.307460 0.033175 0.000000
vt -0.230325 -0.605490 0.000000
vt -0.252472 -0.587494 0.000000
vt -0.267409 -0.575638 0.000000
vt -0.385779 -0.095581 0.000000
vt -0.286728 -0.560496 0.000000
vt -0.313105 -0.540031 0.000000
vt -0.330412 -0.526682 0.000000
vt -0.351828 -0.510220 0.000000
vt -0.379090 -0.489324 0.000000
vt -0.462654 -0.228886 0.000000
vt -0.395743 -0.476583 0.000000
vt -0.415069 -0.461813 0.000000
vt -0.437780 -0.444473 0.000000
vt -0.464869 -0.423809 0.000000
vt -0.497752 -0.398745 0.000000
vt -0.538535 -0.367681 0.000000
vt 0.122540 0.637167 0.000000
vt 0.029689 0.519165 0.000000
vt -0.059181 0.400494 0.000000
vt 0.340470 0.588741 0.000000
vt -0.180291 0.357651 0.000000
vt 0.069099 -0.676580 0.000000
vt -0.218590 0.216773 0.000000
vt -0.253486 0.073950 0.000000
vt -0.092421 0.637455 0.000000
vt -0.138336 0.497558 0.000000
vt -0.285187 -0.071830 0.000000
vt -0.313860 -0.221636 0.000000
vt -0.339635 -0.376624 0.000000
vt -0.362604 -0.538068 0.000000
vt 0.149207 0.623537 0.000000
vt 0.049421 0.502729 0.000000
vt 0.526240 0.430823 0.000000
vt -0.043562 0.382316 0.000000
vt -0.130716 0.261219 0.000000
vt -0.173774 -0.657164 0.000000
vt -0.212886 0.138377 0.000000
vt -0.290820 0.012705 0.000000
vt -0.365194 -0.116931 0.000000
vt -0.250673 -0.588864 0.000000
vt -0.229436 -0.606139 0.000000
vt -0.199928 -0.631779 0.000000
vt -0.436624 -0.251750 0.000000
vt -0.343079 -0.517032 0.000000
vt -0.323530 -0.532041 0.000000
vt -0.307588 -0.544324 0.000000
vt -0.505692 -0.393097 0.000000
vt -0.471321 -0.419227 0.000000
vt -0.443152 -0.440657 0.000000
vt -0.419635 -0.458564 0.000000
vt -0.399696 -0.473761 0.000000
vt -0.367687 -0.498197 0.000000
vt -0.283037 -0.563359 0.000000
vt -0.264854 -0.577606 0.000000
vt 0.334086 -0.547218 0.000000
vt 0.319315 -0.390138 0.000000
vt -0.069099 -0.676580 0.000000
vt 0.300011 -0.238468 0.000000
vt 0.276109 -0.090722 0.000000
vt 0.247460 0.054477 0.000000
vt 0.213832 0.198445 0.000000
vt 0.174907 0.342473 0.000000
vt -0.340470 0.588741 0.000000
vt 0.130263 0.487866 0.000000
vt 0.079367 0.635986 0.000000
vt -0.173974 0.657472 0.000000
vt -0.141597 -0.244061 0.000000
vt 0.526241 -0.430820 0.000000
vt -0.052397 -0.367193 0.000000
vt 0.045084 -0.492527 0.000000
vt -0.505580 0.394250 0.000000
vt -0.440507 0.258223 0.000000
vt -0.372420 0.128057 0.000000
vt -0.300518 0.002015 0.000000
vt -0.223913 -0.121509 0.000000
vt 0.152539 -0.621835 0.000000
vt -0.340471 -0.588740 0.000000
vt 0.176625 -0.319354 0.000000
vt -0.069098 0.676581 0.000000
vt 0.215344 -0.170339 0.000000
vt 0.248305 -0.025133 0.000000
vt 0.079232 -0.635971 0.000000
vt 0.131522 -0.473912 0.000000
vt 0.275994 0.117853 0.000000
vt 0.298771 0.260118 0.000000
vt 0.316894 0.403127 0.000000
vt 0.330524 0.548360 0.000000
vt 0.173774 -0.657164 0.000000
vt 0.144649 0.280431 0.000000
vt -0.526240 0.430823 0.000000
vt 0.059183 0.400494 0.000000
vt -0.029686 0.519166 0.000000
vt 0.227243 0.158244 0.000000
vt 0.200056 -0.631730 0.000000
vt 0.307462 0.033174 0.000000
vt 0.230356 -0.605469 0.000000
vt 0.252521 -0.587458 0.000000
vt 0.267468 -0.575594 0.000000
vt 0.385781 -0.095582 0.000000
vt 0.286800 -0.560443 0.000000
vt 0.313190 -0.539967 0.000000
vt 0.330503 -0.526614 0.000000
vt 0.351924 -0.510148 0.000000
vt 0.379188 -0.489251 0.000000
vt 0.462655 -0.228887 0.000000
vt 0.395839 -0.476511 0.000000
vt 0.415160 -0.461745 0.000000
vt 0.437863 -0.444411 0.000000
vt 0.464937 -0.423759 0.000000
vt 0.497795 -0.398714 0.000000
vt 0.538536 -0.367682 0.000000
vt -0.122538 0.637169 0.000000
vt 0.210968 -0.605202 0.000000
vt 0.229595 -0.448330 0.000000
vt -0.209441 -0.647048 0.000000
vt 0.242609 -0.295883 0.000000
vt 0.250261 -0.146371 0.000000
vt 0.252699 0.001603 0.000000
vt -0.209441 0.647048 0.000000
vt 0.249975 0.149390 0.000000
vt 0.242047 0.298336 0.000000
vt 0.228775 0.449821 0.000000
vt 0.209918 0.605306 0.000000
vt -0.208543 0.605443 0.000000
vt -0.227579 0.449092 0.000000
vt 0.209441 0.647047 0.000000
vt -0.240922 0.297063 0.000000
vt -0.248828 0.147841 0.000000
vt -0.251447 -0.000000 0.000000
vt 0.209441 -0.647047 0.000000
vt -0.248828 -0.147841 0.000000
vt -0.240922 -0.297063 0.000000
vt -0.227579 -0.449092 0.000000
vt -0.208543 -0.605443 0.000000
vt 0.078318 -0.635869 0.000000
vt 0.129588 -0.486425 0.000000
vt -0.340470 -0.588741 0.000000
vt 0.174392 -0.340148 0.000000
vt -0.069098 0.676582 0.000000
vt 0.213296 -0.195618 0.000000
vt 0.246744 -0.051484 0.000000
vt 0.275074 0.093580 0.000000
vt 0.298528 0.240916 0.000000
vt 0.317261 0.391921 0.000000
vt 0.331342 0.548098 0.000000
vt -0.502974 0.396319 0.000000
vt -0.434599 0.254843 0.000000
vt -0.173974 0.657472 0.000000
vt -0.363724 0.119967 0.000000
vt -0.289751 -0.009709 0.000000
vt -0.212035 -0.135454 0.000000
vt -0.129870 -0.258450 0.000000
vt 0.526241 -0.430821 0.000000
vt -0.042469 -0.379830 0.000000
vt 0.051067 -0.500710 0.000000
vt 0.151775 -0.622225 0.000000
vt 0.069098 0.676582 0.000000
vt -0.176626 -0.319354 0.000000
vt 0.340470 -0.588741 0.000000
vt -0.131522 -0.473912 0.000000
vt -0.079232 -0.635971 0.000000
vt -0.330525 0.548360 0.000000
vt -0.316895 0.403126 0.000000
vt -0.298771 0.260117 0.000000
vt -0.275994 0.117852 0.000000
vt -0.248306 -0.025133 0.000000
vt -0.215344 -0.170340 0.000000
vt -0.069099 -0.676580 0.000000
vt 0.180294 0.357650 0.000000
vt -0.340470 0.588742 0.000000
vt 0.138339 0.497557 0.000000
vt 0.092424 0.637454 0.000000
vt 0.362605 -0.538068 0.000000
vt 0.339637 -0.376624 0.000000
vt 0.313862 -0.221637 0.000000
vt 0.285189 -0.071832 0.000000
vt 0.253488 0.073948 0.000000
vt 0.218592 0.216772 0.000000
vt 1.295908 -2.784130 0.000000
vt 1.295908 -2.860849 0.000000
vt 1.306444 -2.851344 0.000000
vt 1.295908 -2.937662 0.000000
vt 1.306444 -2.965398 0.000000
vt 1.295908 -3.014346 0.000000
vt 1.306444 -3.079452 0.000000
vt 1.295908 -3.090923 0.000000
vt 1.295909 -3.167440 0.000000
vt 1.306444 -3.193505 0.000000
vt 1.295908 -3.243942 0.000000
vt 1.306444 -3.307559 0.000000
vt 1.295908 -3.320473 0.000000
vt 1.295908 -3.397080 0.000000
vt 1.306444 -3.421613 0.000000
vt 1.295908 -3.473808 0.000000
vt 1.306444 -3.535667 0.000000
vt 1.295908 -3.550618 0.000000
vt 1.295908 -3.627293 0.000000
vt 1.306444 -3.649720 0.000000
vt 1.295908 -3.703865 0.000000
vt 1.306444 -3.763774 0.000000
vt 1.295908 -3.780380 0.000000
vt 1.295908 -3.856882 0.000000
vt 1.306444 -3.877828 0.000000
vt 1.295908 -3.933417 0.000000
vt 1.306444 -3.991882 0.000000
vt 1.295908 -4.010030 0.000000
vt 1.295908 -4.086768 0.000000
vt 1.306444 -4.105936 0.000000
vt 1.295908 -4.163573 0.000000
vt 1.306444 -4.219989 0.000000
vt 1.295908 -4.240240 0.000000
vt 1.306444 -4.334043 0.000000
vt 1.295908 -4.316807 0.000000
vt 1.295908 -4.393320 0.000000
vt 1.306444 -4.448097 0.000000
vt 1.295908 -4.469823 0.000000
vt 1.306444 -4.562151 0.000000
vt 1.295908 -4.546361 0.000000
vt 1.295907 -4.622981 0.000000
vt 1.306444 -4.676204 0.000000
vt 1.295907 -4.699729 0.000000
vt 1.306444 -4.790258 0.000000
vt 1.295907 -4.776527 0.000000
vt 1.295907 -4.853187 0.000000
vt 1.306444 -4.904312 0.000000
vt 1.306444 4.904312 0.000000
vt 1.295907 4.955437 0.000000
vt 1.295907 4.878875 0.000000
vt 1.306444 4.790258 0.000000
vt 1.295908 4.802365 0.000000
vt 1.295907 4.725861 0.000000
vt 1.306444 4.676204 0.000000
vt 1.295907 4.649318 0.000000
vt 1.306444 4.562151 0.000000
vt 1.295907 4.572692 0.000000
vt 1.295907 4.495934 0.000000
vt 1.306444 4.448097 0.000000
vt 1.295907 4.419143 0.000000
vt 1.306444 4.334043 0.000000
vt 1.295907 4.342491 0.000000
vt 1.295907 4.265934 0.000000
vt 1.306444 4.219989 0.000000
vt 1.295907 4.189425 0.000000
vt 1.306444 4.105936 0.000000
vt 1.295907 4.112920 0.000000
vt 1.295907 4.036374 0.000000
vt 1.306444 3.991882 0.000000
vt 1.295907 3.959740 0.000000
vt 1.306444 3.877828 0.000000
vt 1.295907 3.882972 0.000000
vt 1.295907 3.806153 0.000000
vt 1.306444 3.763774 0.000000
vt 1.295907 3.729394 0.000000
vt 1.306444 3.649720 0.000000
vt 1.295907 3.652649 0.000000
vt 1.295907 3.575870 0.000000
vt 1.306444 3.535667 0.000000
vt 1.295907 3.499035 0.000000
vt 1.306444 3.422237 0.000000
vt 1.295907 3.422252 0.000000
vt 1.295907 3.345506 0.000000
vt 1.306444 3.307559 0.000000
vt 1.295907 3.268749 0.000000
vt 1.306444 3.193505 0.000000
vt 1.295907 3.191936 0.000000
vt 1.295907 3.115156 0.000000
vt 1.306444 3.079452 0.000000
vt 1.295907 3.038514 0.000000
vt 1.306444 2.965398 0.000000
vt 1.295907 2.961963 0.000000
vt 1.295907 2.885456 0.000000
vt 1.306444 2.851344 0.000000
vt 1.295907 2.808949 0.000000
vt 1.306444 2.737290 0.000000
vt 1.295907 2.732397 0.000000
vt 1.295907 2.655754 0.000000
vt 1.306444 2.623237 0.000000
vt 1.295907 2.578974 0.000000
vt 1.306444 2.509183 0.000000
vt 1.295907 2.502204 0.000000
vt 1.295907 2.425569 0.000000
vt 1.306444 2.395129 0.000000
vt 1.295907 2.349022 0.000000
vt 1.306444 2.281075 0.000000
vt 1.295907 2.272517 0.000000
vt 1.295907 2.196008 0.000000
vt 1.306444 2.167022 0.000000
vt 1.295907 2.119452 0.000000
vt 1.306444 2.052968 0.000000
vt 1.295907 2.042801 0.000000
vt 1.295907 1.966011 0.000000
vt 1.306444 1.938914 0.000000
vt 1.295907 1.889252 0.000000
vt 1.306444 1.824860 0.000000
vt 1.295907 1.812624 0.000000
vt 1.295908 1.736081 0.000000
vt 1.306444 1.710806 0.000000
vt 1.295908 1.659577 0.000000
vt 1.306444 1.596753 0.000000
vt 1.295908 1.583067 0.000000
vt 1.295908 1.506506 0.000000
vt 1.306444 1.482699 0.000000
vt 1.295907 1.429848 0.000000
vt 1.306444 1.368645 0.000000
vt 1.295907 1.353050 0.000000
vt 1.295908 1.276301 0.000000
vt 1.306444 1.254591 0.000000
vt 1.295908 1.199680 0.000000
vt 1.306444 1.140538 0.000000
vt 1.295908 1.123141 0.000000
vt 1.295908 1.046638 0.000000
vt 1.306444 1.026484 0.000000
vt 1.295908 0.970126 0.000000
vt 1.306444 0.912430 0.000000
vt 1.295908 0.893559 0.000000
vt 1.306444 0.798376 0.000000
vt 1.295908 0.816893 0.000000
vt 1.295908 0.740089 0.000000
vt 1.306444 0.684323 0.000000
vt 1.295908 0.663350 0.000000
vt 1.306444 0.570269 0.000000
vt 1.295908 0.586736 0.000000
vt 1.295908 0.510200 0.000000
vt 1.306444 0.456215 0.000000
vt 1.295908 0.433698 0.000000
vt 1.306444 0.342161 0.000000
vt 1.295908 0.357184 0.000000
vt 1.295908 0.280613 0.000000
vt 1.306444 0.228108 0.000000
vt 1.295908 0.203938 0.000000
vt 1.306444 0.114054 0.000000
vt 1.295908 0.127129 0.000000
vt 1.295908 0.050399 0.000000
vt 1.306444 0.000000 0.000000
vt 1.295908 -0.026208 0.000000
vt 1.306444 -0.114054 0.000000
vt 1.295909 -0.102740 0.000000
vt 1.295909 -0.179242 0.000000
vt 1.306444 -0.228108 0.000000
vt 1.295909 -0.255758 0.000000
vt 1.306444 -0.342161 0.000000
vt 1.295908 -0.332335 0.000000
vt 1.295908 -0.409018 0.000000
vt 1.306444 -0.456215 0.000000
vt 1.295908 -0.485830 0.000000
vt 1.306444 -0.570269 0.000000
vt 1.295909 -0.562551 0.000000
vt 1.295909 -0.639152 0.000000
vt 1.306444 -0.684323 0.000000
vt 1.295909 -0.715680 0.000000
vt 1.306444 -0.798376 0.000000
vt 1.295909 -0.792182 0.000000
vt 1.295909 -0.868701 0.000000
vt 1.306444 -0.912430 0.000000
vt 1.295909 -0.945283 0.000000
vt 1.306444 -1.026484 0.000000
vt 1.295909 -1.021975 0.000000
vt 1.295909 -1.098789 0.000000
vt 1.306444 -1.140538 0.000000
vt 1.295909 -1.175500 0.000000
vt 1.306444 -1.254591 0.000000
vt 1.295909 -1.252095 0.000000
vt 1.295909 -1.328620 0.000000
vt 1.306444 -1.368645 0.000000
vt 1.295909 -1.405122 0.000000
vt 1.306444 -1.481669 0.000000
vt 1.295909 -1.481643 0.000000
vt 1.295909 -1.558232 0.000000
vt 1.306444 -1.596753 0.000000
vt 1.295909 -1.634932 0.000000
vt 1.306444 -1.711725 0.000000
vt 1.295909 -1.711747 0.000000
vt 1.295909 -1.788449 0.000000
vt 1.306444 -1.824860 0.000000
vt 1.295909 -1.865038 0.000000
vt 1.306444 -1.938914 0.000000
vt 1.295909 -1.941561 0.000000
vt 1.295909 -2.018062 0.000000
vt 1.306444 -2.052968 0.000000
vt 1.295909 -2.094587 0.000000
vt 1.306444 -2.167022 0.000000
vt 1.295909 -2.171180 0.000000
vt 1.295908 -2.247890 0.000000
vt 1.306444 -2.281075 0.000000
vt 1.295908 -2.324705 0.000000
vt 1.306444 -2.395129 0.000000
vt 1.295909 -2.401398 0.000000
vt 1.295909 -2.477981 0.000000
vt 1.306444 -2.509183 0.000000
vt 1.295909 -2.554501 0.000000
vt 1.306444 -2.623237 0.000000
vt 1.295909 -2.631002 0.000000
vt 1.295909 -2.707530 0.000000
vt 1.306444 -2.737290 0.000000
vt -1.295908 -2.937659 0.000000
vt -1.295908 -2.860849 0.000000
vt -1.306444 -2.851344 0.000000
vt -1.295909 -2.784171 0.000000
vt -1.306444 -2.737290 0.000000
vt -1.295909 -2.707597 0.000000
vt -1.306444 -2.623237 0.000000
vt -1.295909 -2.631082 0.000000
vt -1.295909 -2.554580 0.000000
vt -1.306444 -2.509183 0.000000
vt -1.295909 -2.478046 0.000000
vt -1.306444 -2.395129 0.000000
vt -1.295909 -2.401435 0.000000
vt -1.295909 -2.324699 0.000000
vt -1.306444 -2.281075 0.000000
vt -1.295909 -2.247893 0.000000
vt -1.306444 -2.167022 0.000000
vt -1.295909 -2.171223 0.000000
vt -1.295909 -2.094655 0.000000
vt -1.306444 -2.052968 0.000000
vt -1.295909 -2.018142 0.000000
vt -1.306444 -1.938914 0.000000
vt -1.295909 -1.941639 0.000000
vt -1.295909 -1.865102 0.000000
vt -1.306444 -1.824860 0.000000
vt -1.295909 -1.788484 0.000000
vt -1.306444 -1.711716 0.000000
vt -1.295909 -1.711738 0.000000
vt -1.295909 -1.634938 0.000000
vt -1.306444 -1.596753 0.000000
vt -1.295909 -1.558277 0.000000
vt -1.306444 -1.481737 0.000000
vt -1.295909 -1.481713 0.000000
vt -1.295909 -1.405202 0.000000
vt -1.306444 -1.368645 0.000000
vt -1.295909 -1.328699 0.000000
vt -1.306444 -1.254591 0.000000
vt -1.295909 -1.252157 0.000000
vt -1.295909 -1.175532 0.000000
vt -1.306444 -1.140538 0.000000
vt -1.295908 -1.098777 0.000000
vt -1.306444 -1.026484 0.000000
vt -1.295908 -1.021984 0.000000
vt -1.295909 -0.945330 0.000000
vt -1.306444 -0.912430 0.000000
vt -1.295909 -0.868772 0.000000
vt -1.306444 -0.798376 0.000000
vt -1.295909 -0.792263 0.000000
vt -1.295909 -0.715758 0.000000
vt -1.306444 -0.684323 0.000000
vt -1.295908 -0.639212 0.000000
vt -1.306444 -0.570269 0.000000
vt -1.295908 -0.562580 0.000000
vt -1.295908 -0.485815 0.000000
vt -1.306444 -0.456215 0.000000
vt -1.295908 -0.409030 0.000000
vt -1.306444 -0.342161 0.000000
vt -1.295908 -0.332384 0.000000
vt -1.295908 -0.255830 0.000000
vt -1.306444 -0.228108 0.000000
vt -1.295909 -0.179323 0.000000
vt -1.306444 -0.114054 0.000000
vt -1.295908 -0.102817 0.000000
vt -1.295908 -0.026267 0.000000
vt -1.306444 0.000000 0.000000
vt -1.295908 0.050372 0.000000
vt -1.306444 0.114054 0.000000
vt -1.295908 0.127148 0.000000
vt -1.295908 0.203923 0.000000
vt -1.306444 0.228108 0.000000
vt -1.295908 0.280561 0.000000
vt -1.306444 0.342161 0.000000
vt -1.295908 0.357111 0.000000
vt -1.295908 0.433616 0.000000
vt -1.306444 0.456215 0.000000
vt -1.295908 0.510124 0.000000
vt -1.306444 0.570269 0.000000
vt -1.295908 0.586678 0.000000
vt -1.295908 0.663325 0.000000
vt -1.306444 0.684323 0.000000
vt -1.295908 0.740111 0.000000
vt -1.306444 0.798376 0.000000
vt -1.295908 0.816875 0.000000
vt -1.295908 0.893506 0.000000
vt -1.306444 0.912430 0.000000
vt -1.295908 0.970051 0.000000
vt -1.306444 1.026484 0.000000
vt -1.295908 1.046556 0.000000
vt -1.306444 1.140538 0.000000
vt -1.295908 1.123065 0.000000
vt -1.295907 1.199624 0.000000
vt -1.306444 1.254591 0.000000
vt -1.295907 1.276279 0.000000
vt -1.306444 1.368645 0.000000
vt -1.295907 1.353073 0.000000
vt -1.295907 1.429827 0.000000
vt -1.306444 1.482699 0.000000
vt -1.295907 1.506451 0.000000
vt -1.306444 1.596753 0.000000
vt -1.295908 1.582992 0.000000
vt -1.295908 1.659495 0.000000
vt -1.306444 1.710806 0.000000
vt -1.295907 1.736006 0.000000
vt -1.306444 1.824860 0.000000
vt -1.295907 1.812570 0.000000
vt -1.295907 1.889233 0.000000
vt -1.306444 1.938914 0.000000
vt -1.295907 1.966034 0.000000
vt -1.306444 2.052968 0.000000
vt -1.295907 2.042778 0.000000
vt -1.295907 2.119395 0.000000
vt -1.306444 2.167022 0.000000
vt -1.295907 2.195932 0.000000
vt -1.306444 2.281075 0.000000
vt -1.295907 2.272435 0.000000
vt -1.295907 2.348948 0.000000
vt -1.306444 2.395129 0.000000
vt -1.295907 2.425517 0.000000
vt -1.306444 2.509183 0.000000
vt -1.295907 2.502187 0.000000
vt -1.295907 2.578994 0.000000
vt -1.306444 2.623237 0.000000
vt -1.295907 2.655728 0.000000
vt -1.306444 2.737290 0.000000
vt -1.295907 2.732339 0.000000
vt -1.295907 2.808872 0.000000
vt -1.306444 2.851344 0.000000
vt -1.295907 2.885374 0.000000
vt -1.306444 2.965398 0.000000
vt -1.295907 2.961890 0.000000
vt -1.295907 3.038464 0.000000
vt -1.306444 3.079452 0.000000
vt -1.295907 3.115142 0.000000
vt -1.306444 3.193505 0.000000
vt -1.295907 3.191953 0.000000
vt -1.295907 3.268678 0.000000
vt -1.306444 3.307559 0.000000
vt -1.295907 3.345282 0.000000
vt -1.306444 3.421807 0.000000
vt -1.295907 3.421812 0.000000
vt -1.295907 3.498314 0.000000
vt -1.306444 3.535667 0.000000
vt -1.295907 3.574831 0.000000
vt -1.306444 3.649720 0.000000
vt -1.295907 3.651411 0.000000
vt -1.295907 3.728098 0.000000
vt -1.306444 3.763774 0.000000
vt -1.295907 3.804918 0.000000
vt -1.306444 3.877828 0.000000
vt -1.295907 3.881705 0.000000
vt -1.295907 3.958453 0.000000
vt -1.306444 3.991882 0.000000
vt -1.295907 4.035207 0.000000
vt -1.306444 4.105936 0.000000
vt -1.295907 4.112015 0.000000
vt -1.295907 4.188837 0.000000
vt -1.306444 4.219989 0.000000
vt -1.295907 4.265598 0.000000
vt -1.306444 4.334043 0.000000
vt -1.295907 4.342343 0.000000
vt -1.295907 4.419119 0.000000
vt -1.306444 4.448097 0.000000
vt -1.295907 4.495947 0.000000
vt -1.306444 4.562151 0.000000
vt -1.295907 4.572660 0.000000
vt -1.295908 4.649256 0.000000
vt -1.306444 4.676204 0.000000
vt -1.295908 4.725782 0.000000
vt -1.306444 4.790258 0.000000
vt -1.295908 4.802283 0.000000
vt -1.295908 4.878805 0.000000
vt -1.306444 4.904312 0.000000
vt -1.306444 -4.904312 0.000000
vt -1.295908 -4.929819 0.000000
vt -1.295907 -4.853233 0.000000
vt -1.306444 -4.790258 0.000000
vt -1.295907 -4.776534 0.000000
vt -1.295907 -4.699719 0.000000
vt -1.306444 -4.676204 0.000000
vt -1.295908 -4.623015 0.000000
vt -1.306444 -4.562151 0.000000
vt -1.295908 -4.546425 0.000000
vt -1.295908 -4.469902 0.000000
vt -1.306444 -4.448097 0.000000
vt -1.295908 -4.393401 0.000000
vt -1.306444 -4.334043 0.000000
vt -1.295908 -4.316876 0.000000
vt -1.295908 -4.240284 0.000000
vt -1.306444 -4.219989 0.000000
vt -1.295908 -4.163577 0.000000
vt -1.306444 -4.105936 0.000000
vt -1.295908 -4.086762 0.000000
vt -1.306444 -3.991882 0.000000
vt -1.295908 -4.010067 0.000000
vt -1.295908 -3.933482 0.000000
vt -1.306444 -3.877828 0.000000
vt -1.295908 -3.856962 0.000000
vt -1.306444 -3.763774 0.000000
vt -1.295908 -3.780461 0.000000
vt -1.295908 -3.703933 0.000000
vt -1.306444 -3.649720 0.000000
vt -1.295908 -3.627335 0.000000
vt -1.306444 -3.535667 0.000000
vt -1.295908 -3.550618 0.000000
vt -1.295908 -3.473805 0.000000
vt -1.306444 -3.421613 0.000000
vt -1.295908 -3.397118 0.000000
vt -1.306444 -3.307559 0.000000
vt -1.295909 -3.320540 0.000000
vt -1.295909 -3.244022 0.000000
vt -1.306444 -3.193505 0.000000
vt -1.295909 -3.167520 0.000000
vt -1.306444 -3.079452 0.000000
vt -1.295909 -3.090990 0.000000
vt -1.295908 -3.014385 0.000000
vt -1.306444 -2.965398 0.000000
vt 1.727877 4.904312 0.000000
vt 1.643590 4.904312 0.000000
vt 1.727877 4.790258 0.000000
vt 1.643590 4.790258 0.000000
vt 1.727877 4.676204 0.000000
vt 1.643590 4.676204 0.000000
vt 1.727877 4.562151 0.000000
vt 1.643590 4.562151 0.000000
vt 1.727877 4.448097 0.000000
vt 1.643590 4.448097 0.000000
vt 1.727877 4.334043 0.000000
vt 1.643590 4.334043 0.000000
vt 1.727877 4.219989 0.000000
vt 1.643590 4.219989 0.000000
vt 1.727877 4.105936 0.000000
vt 1.643590 4.105936 0.000000
vt 1.727877 3.991882 0.000000
vt 1.643590 3.991882 0.000000
vt 1.727877 3.877828 0.000000
vt 1.643590 3.877828 0.000000
vt 1.727877 3.763774 0.000000
vt 1.643590 3.763774 0.000000
vt 1.727877 3.649720 0.000000
vt 1.643590 3.649720 0.000000
vt 1.727877 3.535667 0.000000
vt 1.643590 3.535667 0.000000
vt 1.727877 3.421613 0.000000
vt 1.643590 3.421738 0.000000
vt 1.643590 3.307559 0.000000
vt 1.559304 3.307559 0.000000
vt 1.643590 3.193505 0.000000
vt 1.559304 3.193505 0.000000
vt 1.643590 3.079452 0.000000
vt 1.559304 3.079452 0.000000
vt 1.643590 2.965398 0.000000
vt 1.559304 2.965398 0.000000
vt 1.643590 2.851344 0.000000
vt 1.559304 2.851344 0.000000
vt 1.643590 2.737290 0.000000
vt 1.559304 2.737290 0.000000
vt 1.643590 2.623237 0.000000
vt 1.559304 2.623237 0.000000
vt 1.643590 2.509183 0.000000
vt 1.559304 2.509183 0.000000
vt 1.643590 2.395129 0.000000
vt 1.559304 2.395129 0.000000
vt 1.643590 2.281075 0.000000
vt 1.559304 2.281075 0.000000
vt 1.643590 2.167022 0.000000
vt 1.559304 2.167022 0.000000
vt 1.643590 2.052968 0.000000
vt 1.559304 2.052968 0.000000
vt 1.643590 1.938914 0.000000
vt 1.559304 1.938914 0.000000
vt 1.643590 1.824860 0.000000
vt 1.559304 1.824860 0.000000
vt 1.643590 1.710806 0.000000
vt 1.559304 1.710806 0.000000
vt 1.643590 1.596753 0.000000
vt 1.559304 1.596753 0.000000
vt 1.643590 1.482699 0.000000
vt 1.559304 1.482699 0.000000
vt 1.643590 1.368645 0.000000
vt 1.559304 1.368645 0.000000
vt 1.643590 1.254591 0.000000
vt 1.559304 1.254591 0.000000
vt 1.643590 1.140538 0.000000
vt 1.559304 1.140538 0.000000
vt 1.643590 1.026484 0.000000
vt 1.559304 1.026484 0.000000
vt 1.643590 0.912430 0.000000
vt 1.559304 0.912430 0.000000
vt 1.643590 0.798376 0.000000
vt 1.559304 0.798376 0.000000
vt 1.643590 0.684323 0.000000
vt 1.559304 0.684323 0.000000
vt 1.643590 0.570269 0.000000
vt 1.559304 0.570269 0.000000
vt 1.643590 0.456215 0.000000
vt 1.559304 0.456215 0.000000
vt 1.643590 0.342161 0.000000
vt 1.559304 0.342161 0.000000
vt 1.643590 0.228108 0.000000
vt 1.559304 0.228108 0.000000
vt 1.643590 0.114054 0.000000
vt 1.559304 0.114054 0.000000
vt 1.643590 0.000000 0.000000
vt 1.559304 0.000000 0.000000
vt 1.643590 -0.114054 0.000000
vt 1.559304 -0.114054 0.000000
vt 1.643590 -0.228108 0.000000
vt 1.559304 -0.228108 0.000000
vt 1.643590 -0.342161 0.000000
vt 1.559304 -0.342161 0.000000
vt 1.643590 -0.456215 0.000000
vt 1.559304 -0.456215 0.000000
vt 1.643590 -0.570269 0.000000
vt 1.559304 -0.570269 0.000000
vt 1.643590 -0.684323 0.000000
vt 1.559304 -0.684323 0.000000
vt 1.643590 -0.798376 0.000000
vt 1.559304 -0.798376 0.000000
vt 1.643590 -0.912430 0.000000
vt 1.559304 -0.912430 0.000000
vt 1.643590 -1.026484 0.000000
vt 1.559304 -1.026484 0.000000
vt 1.643590 -1.140538 0.000000
vt 1.559304 -1.140538 0.000000
vt 1.643590 -1.254591 0.000000
vt 1.559304 -1.254591 0.000000
vt 1.643590 -1.368645 0.000000
vt 1.559304 -1.368645 0.000000
vt 1.643590 -1.482493 0.000000
vt 1.559304 -1.482287 0.000000
vt 1.559304 -1.596753 0.000000
vt 1.475017 -1.596753 0.000000
vt 1.559304 -1.711174 0.000000
vt 1.475017 -1.711357 0.000000
vt 1.559304 -1.824860 0.000000
vt 1.475017 -1.824860 0.000000
vt 1.559304 -1.938914 0.000000
vt 1.475017 -1.938914 0.000000
vt 1.559304 -2.052968 0.000000
vt 1.475017 -2.052968 0.000000
vt 1.559304 -2.167022 0.000000
vt 1.475017 -2.167022 0.000000
vt 1.559304 -2.281075 0.000000
vt 1.475017 -2.281075 0.000000
vt 1.559304 -2.395129 0.000000
vt 1.475017 -2.395129 0.000000
vt 1.559304 -2.509183 0.000000
vt 1.475017 -2.509183 0.000000
vt 1.559304 -2.623237 0.000000
vt 1.475017 -2.623237 0.000000
vt 1.559304 -2.737290 0.000000
vt 1.475017 -2.737290 0.000000
vt 1.559304 -2.851344 0.000000
vt 1.475017 -2.851344 0.000000
vt 1.559304 -2.965398 0.000000
vt 1.475017 -2.965398 0.000000
vt 1.559304 -3.079452 0.000000
vt 1.475017 -3.079452 0.000000
vt 1.559304 -3.193505 0.000000
vt 1.475017 -3.193505 0.000000
vt 1.559304 -3.307559 0.000000
vt 1.475017 -3.307559 0.000000
vt 1.559304 -3.421613 0.000000
vt 1.475017 -3.421613 0.000000
vt 1.559304 -3.535667 0.000000
vt 1.475017 -3.535667 0.000000
vt 1.559304 -3.649720 0.000000
vt 1.475017 -3.649720 0.000000
vt 1.559304 -3.763774 0.000000
vt 1.475017 -3.763774 0.000000
vt 1.559304 -3.877828 0.000000
vt 1.475017 -3.877828 0.000000
vt 1.559304 -3.991882 0.000000
vt 1.475017 -3.991882 0.000000
vt 1.559304 -4.105936 0.000000
vt 1.475017 -4.105936 0.000000
vt 1.559304 -4.219989 0.000000
vt 1.475017 -4.219989 0.000000
vt 1.559304 -4.334043 0.000000
vt 1.475017 -4.334043 0.000000
vt 1.559304 -4.448097 0.000000
vt 1.475017 -4.448097 0.000000
vt 1.559304 -4.562151 0.000000
vt 1.475017 -4.562151 0.000000
vt 1.559304 -4.676204 0.000000
vt 1.475017 -4.676204 0.000000
vt 1.559304 -4.790258 0.000000
vt 1.475017 -4.790258 0.000000
vt 1.559304 -4.904312 0.000000
vt 1.475017 -4.904312 0.000000
vt 1.559304 4.904312 0.000000
vt 1.475017 4.904312 0.000000
vt 1.559304 4.790258 0.000000
vt 1.475017 4.790258 0.000000
vt 1.559304 4.676204 0.000000
vt 1.475017 4.676204 0.000000
vt 1.559304 4.562151 0.000000
vt 1.475017 4.562151 0.000000
vt 1.559304 4.448097 0.000000
vt 1.475017 4.448097 0.000000
vt 1.559304 4.334043 0.000000
vt 1.475017 4.334043 0.000000
vt 1.559304 4.219989 0.000000
vt 1.475017 4.219989 0.000000
vt 1.559304 4.105936 0.000000
vt 1.475017 4.105936 0.000000
vt 1.559304 3.991882 0.000000
vt 1.475017 3.991882 0.000000
vt 1.559304 3.877828 0.000000
vt 1.475017 3.877828 0.000000
vt 1.559304 3.763774 0.000000
vt 1.475017 3.763774 0.000000
vt 1.559304 3.649720 0.000000
vt 1.475017 3.649720 0.000000
vt 1.559304 3.535667 0.000000
vt 1.475017 3.535667 0.000000
vt 1.559304 3.421862 0.000000
vt 1.475017 3.421987 0.000000
vt 1.475017 3.307559 0.000000
vt 1.390730 3.307559 0.000000
vt 1.475017 3.193505 0.000000
vt 1.390730 3.193505 0.000000
vt 1.475017 3.079452 0.000000
vt 1.390730 3.079452 0.000000
vt 1.475017 2.965398 0.000000
vt 1.390730 2.965398 0.000000
vt 1.475017 2.851344 0.000000
vt 1.390730 2.851344 0.000000
vt 1.475017 2.737290 0.000000
vt 1.390730 2.737290 0.000000
vt 1.475017 2.623237 0.000000
vt 1.390730 2.623237 0.000000
vt 1.475017 2.509183 0.000000
vt 1.390730 2.509183 0.000000
vt 1.475017 2.395129 0.000000
vt 1.390730 2.395129 0.000000
vt 1.475017 2.281075 0.000000
vt 1.390730 2.281075 0.000000
vt 1.475017 2.167022 0.000000
vt 1.390730 2.167022 0.000000
vt 1.475017 2.052968 0.000000
vt 1.390730 2.052968 0.000000
vt 1.475017 1.938914 0.000000
vt 1.390730 1.938914 0.000000
vt 1.475017 1.824860 0.000000
vt 1.390730 1.824860 0.000000
vt 1.475017 1.710806 0.000000
vt 1.390730 1.710806 0.000000
vt 1.475017 1.596753 0.000000
vt 1.390730 1.596753 0.000000
vt 1.475017 1.482699 0.000000
vt 1.390730 1.482699 0.000000
vt 1.475017 1.368645 0.000000
vt 1.390730 1.368645 0.000000
vt 1.475017 1.254591 0.000000
vt 1.390730 1.254591 0.000000
vt 1.475017 1.140538 0.000000
vt 1.390730 1.140538 0.000000
vt 1.475017 1.026484 0.000000
vt 1.390730 1.026484 0.000000
vt 1.475017 0.912430 0.000000
vt 1.390730 0.912430 0.000000
vt 1.475017 0.798376 0.000000
vt 1.390730 0.798376 0.000000
vt 1.475017 0.684323 0.000000
vt 1.390730 0.684323 0.000000
vt 1.475017 0.570269 0.000000
vt 1.390730 0.570269 0.000000
vt 1.475017 0.456215 0.000000
vt 1.390730 0.456215 0.000000
vt 1.475017 0.342161 0.000000
vt 1.390730 0.342161 0.000000
vt 1.475017 0.228108 0.000000
vt 1.390730 0.228108 0.000000
vt 1.475017 0.114054 0.000000
vt 1.390730 0.114054 0.000000
vt 1.475017 0.000000 0.000000
vt 1.390730 0.000000 0.000000
vt 1.475017 -0.114054 0.000000
vt 1.390730 -0.114054 0.000000
vt 1.475017 -0.228108 0.000000
vt 1.390730 -0.228108 0.000000
vt 1.475017 -0.342161 0.000000
vt 1.390730 -0.342161 0.000000
vt 1.475017 -0.456215 0.000000
vt 1.390730 -0.456215 0.000000
vt 1.475017 -0.570269 0.000000
vt 1.390730 -0.570269 0.000000
vt 1.475017 -0.684323 0.000000
vt 1.390730 -0.684323 0.000000
vt 1.475017 -0.798376 0.000000
vt 1.390730 -0.798376 0.000000
vt 1.475017 -0.912430 0.000000
vt 1.390730 -0.912430 0.000000
vt 1.475017 -1.026484 0.000000
vt 1.390730 -1.026484 0.000000
vt 1.475017 -1.140538 0.000000
vt 1.390730 -1.140538 0.000000
vt 1.475017 -1.254591 0.000000
vt 1.390730 -1.254591 0.000000
vt 1.475017 -1.368645 0.000000
vt 1.390730 -1.368645 0.000000
vt 1.475017 -1.482081 0.000000
vt 1.390730 -1.481875 0.000000
vt 1.390730 -1.596753 0.000000
vt 1.390730 -1.711541 0.000000
vt 1.390730 -1.824860 0.000000
vt 1.390730 -1.938914 0.000000
vt 1.390730 -2.052968 0.000000
vt 1.390730 -2.167022 0.000000
vt 1.390730 -2.281075 0.000000
vt 1.390730 -2.395129 0.000000
vt 1.390730 -2.509183 0.000000
vt 1.390730 -2.623237 0.000000
vt 1.390730 -2.737290 0.000000
vt 1.390730 -2.851344 0.000000
vt 1.390730 -2.965398 0.000000
vt 1.390730 -3.079452 0.000000
vt 1.390730 -3.193505 0.000000
vt 1.390730 -3.307559 0.000000
vt 1.390730 -3.421613 0.000000
vt 1.390730 -3.535667 0.000000
vt 1.390730 -3.649720 0.000000
vt 1.390730 -3.763774 0.000000
vt 1.390730 -3.877828 0.000000
vt 1.390730 -3.991882 0.000000
vt 1.390730 -4.105936 0.000000
vt 1.390730 -4.219989 0.000000
vt 1.390730 -4.334043 0.000000
vt 1.390730 -4.448097 0.000000
vt 1.390730 -4.562151 0.000000
vt 1.390730 -4.676204 0.000000
vt 1.390730 -4.790258 0.000000
vt 1.390730 -4.904312 0.000000
vt 1.390730 4.904312 0.000000
vt 1.390730 4.790258 0.000000
vt 1.390730 4.676204 0.000000
vt 1.390730 4.562151 0.000000
vt 1.390730 4.448097 0.000000
vt 1.390730 4.334043 0.000000
vt 1.390730 4.219989 0.000000
vt 1.390730 4.105936 0.000000
vt 1.390730 3.991882 0.000000
vt 1.390730 3.877828 0.000000
vt 1.390730 3.763774 0.000000
vt 1.390730 3.649720 0.000000
vt 1.390730 3.535667 0.000000
vt 1.390730 3.422112 0.000000
vt -1.727877 -4.904312 0.000000
vt -1.643590 -4.904312 0.000000
vt -1.727877 -4.790258 0.000000
vt -1.643590 -4.790258 0.000000
vt -1.727877 -4.676204 0.000000
vt -1.643590 -4.676204 0.000000
vt -1.727877 -4.562151 0.000000
vt -1.643590 -4.562151 0.000000
vt -1.727877 -4.448097 0.000000
vt -1.643590 -4.448097 0.000000
vt -1.727877 -4.334043 0.000000
vt -1.643590 -4.334043 0.000000
vt -1.727877 -4.219989 0.000000
vt -1.643590 -4.219989 0.000000
vt -1.727877 -4.105936 0.000000
vt -1.643590 -4.105936 0.000000
vt -1.727877 -3.991882 0.000000
vt -1.643590 -3.991882 0.000000
vt -1.727877 -3.877828 0.000000
vt -1.643590 -3.877828 0.000000
vt -1.727877 -3.763774 0.000000
vt -1.643590 -3.763774 0.000000
vt -1.727877 -3.649720 0.000000
vt -1.643590 -3.649720 0.000000
vt -1.727877 -3.535667 0.000000
vt -1.643590 -3.535667 0.000000
vt -1.727877 -3.421613 0.000000
vt -1.643590 -3.421613 0.000000
vt -1.727877 -3.307559 0.000000
vt -1.643590 -3.307559 0.000000
vt -1.727877 -3.193505 0.000000
vt -1.643590 -3.193505 0.000000
vt -1.727877 -3.079452 0.000000
vt -1.643590 -3.079452 0.000000
vt -1.727877 -2.965398 0.000000
vt -1.643590 -2.965398 0.000000
vt -1.727877 -2.851344 0.000000
vt -1.643590 -2.851344 0.000000
vt -1.727877 -2.737290 0.000000
vt -1.643590 -2.737290 0.000000
vt -1.727877 -2.623237 0.000000
vt -1.643590 -2.623237 0.000000
vt -1.727877 -2.509183 0.000000
vt -1.643590 -2.509183 0.000000
vt -1.727877 -2.395129 0.000000
vt -1.643590 -2.395129 0.000000
vt -1.727877 -2.281075 0.000000
vt -1.643590 -2.281075 0.000000
vt -1.727877 -2.167022 0.000000
vt -1.643590 -2.167022 0.000000
vt -1.727877 -2.052968 0.000000
vt -1.643590 -2.052968 0.000000
vt -1.727877 -1.938914 0.000000
vt -1.643590 -1.938914 0.000000
vt -1.727877 -1.824860 0.000000
vt -1.643590 -1.824860 0.000000
vt -1.643590 -1.710988 0.000000
vt -1.559304 -1.711170 0.000000
vt -1.643590 -1.596753 0.000000
vt -1.559304 -1.596753 0.000000
vt -1.643590 -1.482507 0.000000
vt -1.559304 -1.482314 0.000000
vt -1.643590 -1.368645 0.000000
vt -1.559304 -1.368645 0.000000
vt -1.643590 -1.254591 0.000000
vt -1.559304 -1.254591 0.000000
vt -1.643590 -1.140538 0.000000
vt -1.559304 -1.140538 0.000000
vt -1.643590 -1.026484 0.000000
vt -1.559304 -1.026484 0.000000
vt -1.643590 -0.912430 0.000000
vt -1.559304 -0.912430 0.000000
vt -1.643590 -0.798376 0.000000
vt -1.559304 -0.798376 0.000000
vt -1.643590 -0.684323 0.000000
vt -1.559304 -0.684323 0.000000
vt -1.643590 -0.570269 0.000000
vt -1.559304 -0.570269 0.000000
vt -1.643590 -0.456215 0.000000
vt -1.559304 -0.456215 0.000000
vt -1.643590 -0.342161 0.000000
vt -1.559304 -0.342161 0.000000
vt -1.643590 -0.228108 0.000000
vt -1.559304 -0.228108 0.000000
vt -1.643590 -0.114054 0.000000
vt -1.559304 -0.114054 0.000000
vt -1.643590 0.000000 0.000000
vt -1.559304 0.000000 0.000000
vt -1.643590 0.114054 0.000000
vt -1.559304 0.114054 0.000000
vt -1.643590 0.228108 0.000000
vt -1.559304 0.228108 0.000000
vt -1.643590 0.342161 0.000000
vt -1.559304 0.342161 0.000000
vt -1.643590 0.456215 0.000000
vt -1.559304 0.456215 0.000000
vt -1.643590 0.570269 0.000000
vt -1.559304 0.570269 0.000000
vt -1.643590 0.684323 0.000000
vt -1.559304 0.684323 0.000000
vt -1.643590 0.798376 0.000000
vt -1.559304 0.798376 0.000000
vt -1.643590 0.912430 0.000000
vt -1.559304 0.912430 0.000000
vt -1.643590 1.026484 0.000000
vt -1.559304 1.026484 0.000000
vt -1.643590 1.140538 0.000000
vt -1.559304 1.140538 0.000000
vt -1.643590 1.254591 0.000000
vt -1.559304 1.254591 0.000000
vt -1.643590 1.368645 0.000000
vt -1.559304 1.368645 0.000000
vt -1.643590 1.482699 0.000000
vt -1.559304 1.482699 0.000000
vt -1.643590 1.596753 0.000000
vt -1.559304 1.596753 0.000000
vt -1.643590 1.710806 0.000000
vt -1.559304 1.710806 0.000000
vt -1.643590 1.824860 0.000000
vt -1.559304 1.824860 0.000000
vt -1.643590 1.938914 0.000000
vt -1.559304 1.938914 0.000000
vt -1.643590 2.052968 0.000000
vt -1.559304 2.052968 0.000000
vt -1.643590 2.167022 0.000000
vt -1.559304 2.167022 0.000000
vt -1.643590 2.281075 0.000000
vt -1.559304 2.281075 0.000000
vt -1.643590 2.395129 0.000000
vt -1.559304 2.395129 0.000000
vt -1.643590 2.509183 0.000000
vt -1.559304 2.509183 0.000000
vt -1.643590 2.623237 0.000000
vt -1.559304 2.623237 0.000000
vt -1.643590 2.737290 0.000000
vt -1.559304 2.737290 0.000000
vt -1.643590 2.851344 0.000000
vt -1.559304 2.851344 0.000000
vt -1.643590 2.965398 0.000000
vt -1.559304 2.965398 0.000000
vt -1.643590 3.079452 0.000000
vt -1.559304 3.079452 0.000000
vt -1.643590 3.193505 0.000000
vt -1.559304 3.193505 0.000000
vt -1.643590 3.307559 0.000000
vt -1.559304 3.307559 0.000000
vt -1.643590 3.421652 0.000000
vt -1.559304 3.421691 0.000000
vt -1.643590 3.535667 0.000000
vt -1.559304 3.535667 0.000000
vt -1.643590 3.649720 0.000000
vt -1.559304 3.649720 0.000000
vt -1.643590 3.763774 0.000000
vt -1.559304 3.763774 0.000000
vt -1.643590 3.877828 0.000000
vt -1.559304 3.877828 0.000000
vt -1.643590 3.991882 0.000000
vt -1.559304 3.991882 0.000000
vt -1.643590 4.105936 0.000000
vt -1.559304 4.105936 0.000000
vt -1.643590 4.219989 0.000000
vt -1.559304 4.219989 0.000000
vt -1.643590 4.334043 0.000000
vt -1.559304 4.334043 0.000000
vt -1.643590 4.448097 0.000000
vt -1.559304 4.448097 0.000000
vt -1.643590 4.562151 0.000000
vt -1.559304 4.562151 0.000000
vt -1.643590 4.676204 0.000000
vt -1.559304 4.676204 0.000000
vt -1.643590 4.790258 0.000000
vt -1.559304 4.790258 0.000000
vt -1.643590 4.904312 0.000000
vt -1.559304 4.904312 0.000000
vt -1.559304 -4.904312 0.000000
vt -1.559304 -4.790258 0.000000
vt -1.559304 -4.676204 0.000000
vt -1.559304 -4.562151 0.000000
vt -1.559304 -4.448097 0.000000
vt -1.559304 -4.334043 0.000000
vt -1.559304 -4.219989 0.000000
vt -1.559304 -4.105936 0.000000
vt -1.559304 -3.991882 0.000000
vt -1.559304 -3.877828 0.000000
vt -1.559304 -3.763774 0.000000
vt -1.559304 -3.649720 0.000000
vt -1.559304 -3.535667 0.000000
vt -1.559304 -3.421613 0.000000
vt -1.559304 -3.307559 0.000000
vt -1.559304 -3.193505 0.000000
vt -1.559304 -3.079452 0.000000
vt -1.559304 -2.965398 0.000000
vt -1.559304 -2.851344 0.000000
vt -1.559304 -2.737290 0.000000
vt -1.559304 -2.623237 0.000000
vt -1.559304 -2.509183 0.000000
vt -1.559304 -2.395129 0.000000
vt -1.559304 -2.281075 0.000000
vt -1.559304 -2.167022 0.000000
vt -1.559304 -2.052968 0.000000
vt -1.559304 -1.938914 0.000000
vt -1.559304 -1.824860 0.000000
vt -1.475017 -1.711352 0.000000
vt -1.475017 -1.596753 0.000000
vt -1.475017 -1.482122 0.000000
vt -1.475017 -1.368645 0.000000
vt -1.475017 -1.254591 0.000000
vt -1.475017 -1.140538 0.000000
vt -1.475017 -1.026484 0.000000
vt -1.475017 -0.912430 0.000000
vt -1.475017 -0.798376 0.000000
vt -1.475017 -0.684323 0.000000
vt -1.475017 -0.570269 0.000000
vt -1.475017 -0.456215 0.000000
vt -1.475017 -0.342161 0.000000
vt -1.475017 -0.228108 0.000000
vt -1.475017 -0.114054 0.000000
vt -1.475017 0.000000 0.000000
vt -1.475017 0.114054 0.000000
vt -1.475017 0.228108 0.000000
vt -1.475017 0.342161 0.000000
vt -1.475017 0.456215 0.000000
vt -1.475017 0.570269 0.000000
vt -1.475017 0.684323 0.000000
vt -1.475017 0.798376 0.000000
vt -1.475017 0.912430 0.000000
vt -1.475017 1.026484 0.000000
vt -1.475017 1.140538 0.000000
vt -1.475017 1.254591 0.000000
vt -1.475017 1.368645 0.000000
vt -1.475017 1.482699 0.000000
vt -1.475017 1.596753 0.000000
vt -1.475017 1.710806 0.000000
vt -1.475017 1.824860 0.000000
vt -1.475017 1.938914 0.000000
vt -1.475017 2.052968 0.000000
vt -1.475017 2.167022 0.000000
vt -1.475017 2.281075 0.000000
vt -1.475017 2.395129 0.000000
vt -1.475017 2.509183 0.000000
vt -1.475017 2.623237 0.000000
vt -1.475017 2.737290 0.000000
vt -1.475017 2.851344 0.000000
vt -1.475017 2.965398 0.000000
vt -1.475017 3.079452 0.000000
vt -1.475017 3.193505 0.000000
vt -1.475017 3.307559 0.000000
vt -1.475017 3.421730 0.000000
vt -1.475017 3.535667 0.000000
vt -1.475017 3.649720 0.000000
vt -1.475017 3.763774 0.000000
vt -1.475017 3.877828 0.000000
vt -1.475017 3.991882 0.000000
vt -1.475017 4.105936 0.000000
vt -1.475017 4.219989 0.000000
vt -1.475017 4.334043 0.000000
vt -1.475017 4.448097 0.000000
vt -1.475017 4.562151 0.000000
vt -1.475017 4.676204 0.000000
vt -1.475017 4.790258 0.000000
vt -1.475017 4.904312 0.000000
vt -1.475017 -4.904312 0.000000
vt -1.475017 -4.790258 0.000000
vt -1.475017 -4.676204 0.000000
vt -1.475017 -4.562151 0.000000
vt -1.475017 -4.448097 0.000000
vt -1.475017 -4.334043 0.000000
vt -1.475017 -4.219989 0.000000
vt -1.475017 -4.105936 0.000000
vt -1.475017 -3.991882 0.000000
vt -1.475017 -3.877828 0.000000
vt -1.475017 -3.763774 0.000000
vt -1.475017 -3.649720 0.000000
vt -1.475017 -3.535667 0.000000
vt -1.475017 -3.421613 0.000000
vt -1.475017 -3.307559 0.000000
vt -1.475017 -3.193505 0.000000
vt -1.475017 -3.079452 0.000000
vt -1.475017 -2.965398 0.000000
vt -1.475017 -2.851344 0.000000
vt -1.475017 -2.737290 0.000000
vt -1.475017 -2.623237 0.000000
vt -1.475017 -2.509183 0.000000
vt -1.475017 -2.395129 0.000000
vt -1.475017 -2.281075 0.000000
vt -1.475017 -2.167022 0.000000
vt -1.475017 -2.052968 0.000000
vt -1.475017 -1.938914 0.000000
vt -1.475017 -1.824860 0.000000
vt -1.390730 -1.711534 0.000000
vt -1.390730 -1.596753 0.000000
vt -1.390730 -1.481930 0.000000
vt -1.390730 -1.368645 0.000000
vt -1.390730 -1.254591 0.000000
vt -1.390730 -1.140538 0.000000
vt -1.390730 -1.026484 0.000000
vt -1.390730 -0.912430 0.000000
vt -1.390730 -0.798376 0.000000
vt -1.390730 -0.684323 0.000000
vt -1.390730 -0.570269 0.000000
vt -1.390730 -0.456215 0.000000
vt -1.390730 -0.342161 0.000000
vt -1.390730 -0.228108 0.000000
vt -1.390730 -0.114054 0.000000
vt -1.390730 0.000000 0.000000
vt -1.390730 0.114054 0.000000
vt -1.390730 0.228108 0.000000
vt -1.390730 0.342161 0.000000
vt -1.390730 0.456215 0.000000
vt -1.390730 0.570269 0.000000
vt -1.390730 0.684323 0.000000
vt -1.390730 0.798376 0.000000
vt -1.390730 0.912430 0.000000
vt -1.390730 1.026484 0.000000
vt -1.390730 1.140538 0.000000
vt -1.390730 1.254591 0.000000
vt -1.390730 1.368645 0.000000
vt -1.390730 1.482699 0.000000
vt -1.390730 1.596753 0.000000
vt -1.390730 1.710806 0.000000
vt -1.390730 1.824860 0.000000
vt -1.390730 1.938914 0.000000
vt -1.390730 2.052968 0.000000
vt -1.390730 2.167022 0.000000
vt -1.390730 2.281075 0.000000
vt -1.390730 2.395129 0.000000
vt -1.390730 2.509183 0.000000
vt -1.390730 2.623237 0.000000
vt -1.390730 2.737290 0.000000
vt -1.390730 2.851344 0.000000
vt -1.390730 2.965398 0.000000
vt -1.390730 3.079452 0.000000
vt -1.390730 3.193505 0.000000
vt -1.390730 3.307559 0.000000
vt -1.390730 3.421768 0.000000
vt -1.390730 3.535667 0.000000
vt -1.390730 3.649720 0.000000
vt -1.390730 3.763774 0.000000
vt -1.390730 3.877828 0.000000
vt -1.390730 3.991882 0.000000
vt -1.390730 4.105936 0.000000
vt -1.390730 4.219989 0.000000
vt -1.390730 4.334043 0.000000
vt -1.390730 4.448097 0.000000
vt -1.390730 4.562151 0.000000
vt -1.390730 4.676204 0.000000
vt -1.390730 4.790258 0.000000
vt -1.390730 4.904312 0.000000
vt -1.390730 -4.904312 0.000000
vt -1.390730 -4.790258 0.000000
vt -1.390730 -4.676204 0.000000
vt -1.390730 -4.562151 0.000000
vt -1.390730 -4.448097 0.000000
vt -1.390730 -4.334043 0.000000
vt -1.390730 -4.219989 0.000000
vt -1.390730 -4.105936 0.000000
vt -1.390730 -3.991882 0.000000
vt -1.390730 -3.877828 0.000000
vt -1.390730 -3.763774 0.000000
vt -1.390730 -3.649720 0.000000
vt -1.390730 -3.535667 0.000000
vt -1.390730 -3.421613 0.000000
vt -1.390730 -3.307559 0.000000
vt -1.390730 -3.193505 0.000000
vt -1.390730 -3.079452 0.000000
vt -1.390730 -2.965398 0.000000
vt -1.390730 -2.851344 0.000000
vt -1.390730 -2.737290 0.000000
vt -1.390730 -2.623237 0.000000
vt -1.390730 -2.509183 0.000000
vt -1.390730 -2.395129 0.000000
vt -1.390730 -2.281075 0.000000
vt -1.390730 -2.167022 0.000000
vt -1.390730 -2.052968 0.000000
vt -1.390730 -1.938914 0.000000
vt -1.390730 -1.824860 0.000000
vt -1.727877 4.790258 0.000000
vt -1.727877 4.904312 0.000000
vt 1.727877 -4.904312 0.000000
vt 1.727877 -4.790258 0.000000
vt 1.643590 -4.790258 0.000000
vt 1.643590 -4.676204 0.000000
vt 1.727877 -4.676204 0.000000
vt 1.643590 -4.562151 0.000000
vt 1.727877 -4.562151 0.000000
vt 1.643590 -4.448097 0.000000
vt 1.727877 -4.448097 0.000000
vt 1.643590 -4.334043 0.000000
vt 1.727877 -4.334043 0.000000
vt 1.643590 -4.219989 0.000000
vt 1.727877 -4.219989 0.000000
vt 1.643590 -4.105936 0.000000
vt 1.727877 -4.105936 0.000000
vt 1.643590 -3.991882 0.000000
vt 1.727877 -3.991882 0.000000
vt 1.643590 -3.877828 0.000000
vt 1.727877 -3.877828 0.000000
vt 1.643590 -3.763774 0.000000
vt 1.727877 -3.763774 0.000000
vt 1.643590 -3.649720 0.000000
vt 1.727877 -3.649720 0.000000
vt 1.643590 -3.535667 0.000000
vt 1.727877 -3.535667 0.000000
vt 1.643590 -3.421613 0.000000
vt 1.727877 -3.421613 0.000000
vt 1.643590 -3.307559 0.000000
vt 1.727877 -3.307559 0.000000
vt 1.643590 -3.193505 0.000000
vt 1.727877 -3.193505 0.000000
vt 1.643590 -3.079452 0.000000
vt 1.727877 -3.079452 0.000000
vt 1.643590 -2.965398 0.000000
vt 1.727877 -2.965398 0.000000
vt 1.643590 -2.851344 0.000000
vt 1.727877 -2.851344 0.000000
vt 1.643590 -2.737290 0.000000
vt 1.727877 -2.737290 0.000000
vt 1.643590 -2.623237 0.000000
vt 1.727877 -2.623237 0.000000
vt 1.643590 -2.509183 0.000000
vt 1.727877 -2.509183 0.000000
vt 1.643590 -2.395129 0.000000
vt 1.727877 -2.395129 0.000000
vt 1.643590 -2.281075 0.000000
vt 1.727877 -2.281075 0.000000
vt 1.643590 -2.167022 0.000000
vt 1.727877 -2.167022 0.000000
vt 1.643590 -2.052968 0.000000
vt 1.727877 -2.052968 0.000000
vt 1.643590 -1.938914 0.000000
vt 1.727877 -1.938914 0.000000
vt 1.643590 -1.824860 0.000000
vt 1.727877 -1.824860 0.000000
vt 1.643590 -1.710990 0.000000
vt 1.727877 -1.710806 0.000000
vt 1.643590 -1.596753 0.000000
vt 1.727877 -1.596753 0.000000
vt 1.727877 -1.482699 0.000000
vt -1.727877 -1.596753 0.000000
vt -1.727877 -1.710806 0.000000
vt 1.727877 -1.368645 0.000000
vt -1.727877 -1.368645 0.000000
vt -1.727877 -1.482699 0.000000
vt 1.727877 -1.254591 0.000000
vt -1.727877 -1.254591 0.000000
vt 1.727877 -1.140538 0.000000
vt -1.727877 -1.140538 0.000000
vt 1.727877 -1.026484 0.000000
vt -1.727877 -1.026484 0.000000
vt 1.727877 -0.912430 0.000000
vt -1.727877 -0.912430 0.000000
vt 1.727877 -0.798376 0.000000
vt -1.727877 -0.798376 0.000000
vt 1.727877 -0.684323 0.000000
vt -1.727877 -0.684323 0.000000
vt 1.727877 -0.570269 0.000000
vt -1.727877 -0.570269 0.000000
vt 1.727877 -0.456215 0.000000
vt -1.727877 -0.456215 0.000000
vt 1.727877 -0.342161 0.000000
vt -1.727877 -0.342161 0.000000
vt 1.727877 -0.228108 0.000000
vt -1.727877 -0.228108 0.000000
vt 1.727877 -0.114054 0.000000
vt -1.727877 -0.114054 0.000000
vt 1.727877 0.000000 0.000000
vt -1.727877 0.000000 0.000000
vt 1.727877 0.114054 0.000000
vt -1.727877 0.114054 0.000000
vt 1.727877 0.228108 0.000000
vt -1.727877 0.228108 0.000000
vt 1.727877 0.342161 0.000000
vt -1.727877 0.342161 0.000000
vt 1.727877 0.456215 0.000000
vt -1.727877 0.456215 0.000000
vt 1.727877 0.570269 0.000000
vt -1.727877 0.570269 0.000000
vt 1.727877 0.684323 0.000000
vt -1.727877 0.684323 0.000000
vt 1.727877 0.798376 0.000000
vt -1.727877 0.798376 0.000000
vt 1.727877 0.912430 0.000000
vt -1.727877 0.912430 0.000000
vt 1.727877 1.026484 0.000000
vt -1.727877 1.026484 0.000000
vt 1.727877 1.140538 0.000000
vt -1.727877 1.140538 0.000000
vt 1.727877 1.254591 0.000000
vt -1.727877 1.254591 0.000000
vt 1.727877 1.368645 0.000000
vt -1.727877 1.368645 0.000000
vt 1.727877 1.482699 0.000000
vt -1.727877 1.482699 0.000000
vt 1.727877 1.596753 0.000000
vt -1.727877 1.596753 0.000000
vt 1.727877 1.710806 0.000000
vt -1.727877 1.710806 0.000000
vt 1.727877 1.824860 0.000000
vt -1.727877 1.824860 0.000000
vt 1.727877 1.938914 0.000000
vt -1.727877 1.938914 0.000000
vt 1.727877 2.052968 0.000000
vt -1.727877 2.052968 0.000000
vt 1.727877 2.167022 0.000000
vt -1.727877 2.167022 0.000000
vt 1.727877 2.281075 0.000000
vt -1.727877 2.281075 0.000000
vt 1.727877 2.395129 0.000000
vt -1.727877 2.395129 0.000000
vt 1.727877 2.509183 0.000000
vt -1.727877 2.509183 0.000000
vt 1.727877 2.623237 0.000000
vt -1.727877 2.623237 0.000000
vt 1.727877 2.737290 0.000000
vt -1.727877 2.737290 0.000000
vt 1.727877 2.851344 0.000000
vt -1.727877 2.851344 0.000000
vt 1.727877 2.965398 0.000000
vt -1.727877 2.965398 0.000000
vt 1.727877 3.079452 0.000000
vt -1.727877 3.079452 0.000000
vt 1.727877 3.193505 0.000000
vt -1.727877 3.193505 0.000000
vt 1.727877 3.307559 0.000000
vt -1.727877 3.307559 0.000000
vt -1.727877 3.421613 0.000000
vt -1.727877 3.535667 0.000000
vt -1.727877 3.649720 0.000000
vt -1.727877 3.763774 0.000000
vt -1.727877 3.877828 0.000000
vt -1.727877 3.991882 0.000000
vt -1.727877 4.105936 0.000000
vt -1.727877 4.219989 0.000000
vt -1.727877 4.334043 0.000000
vt -1.727877 4.448097 0.000000
vt -1.727877 4.562151 0.000000
vt -1.727877 4.676204 0.000000
vt 1.643590 -4.904312 0.000000
vt -0.431468 -0.226162 0.000000
vt -0.313266 -0.148620 0.000000
vt -0.853337 -0.180884 0.000000
vt -0.356290 -0.071510 0.000000
vt -0.847301 -0.003911 0.000000
vt -0.367787 0.014388 0.000000
vt -0.345238 0.098370 0.000000
vt -0.854194 0.172663 0.000000
vt -0.293518 0.170943 0.000000
vt -0.459287 0.241770 0.000000
vt -0.840563 0.345821 0.000000
vt -0.587873 0.379315 0.000000
vt -0.822343 0.424865 0.000000
vt -0.808201 0.461814 0.000000
vt -0.574634 0.514174 0.000000
vt -0.788724 0.496928 0.000000
vt -0.760983 0.530173 0.000000
vt -0.742419 0.546095 0.000000
vt -0.719272 0.561554 0.000000
vt -0.520249 0.618883 0.000000
vt -0.689724 0.576555 0.000000
vt -0.650838 0.591105 0.000000
vt -0.626440 0.598213 0.000000
vt -0.597540 0.605211 0.000000
vt -0.562792 0.612101 0.000000
vt -0.838460 -0.353440 0.000000
vt -0.509997 -0.338471 0.000000
vt -0.819013 -0.431916 0.000000
vt -0.529237 -0.490384 0.000000
vt -0.803884 -0.468548 0.000000
vt -0.782944 -0.503334 0.000000
vt -0.752873 -0.536248 0.000000
vt -0.510485 -0.563150 0.000000
vt -0.732573 -0.552004 0.000000
vt -0.707058 -0.567300 0.000000
vt -0.674148 -0.582139 0.000000
vt -0.653879 -0.589390 0.000000
vt -0.477605 -0.623999 0.000000
vt -0.630242 -0.596530 0.000000
vt -0.602341 -0.603559 0.000000
vt -0.568932 -0.610480 0.000000
vt -0.528234 -0.617293 0.000000
vt -0.359064 -1.017835 0.000000
vt -0.316029 -0.940732 0.000000
vt -0.856096 -0.908283 0.000000
vt -0.380054 -0.905147 0.000000
vt -0.433957 -0.863425 0.000000
vt -0.841190 -0.735826 0.000000
vt -0.514859 -0.745442 0.000000
vt -0.532643 -0.671615 0.000000
vt -0.821723 -0.657396 0.000000
vt -0.531863 -0.597650 0.000000
vt -0.806582 -0.620784 0.000000
vt -0.785628 -0.586017 0.000000
vt -0.755541 -0.553120 0.000000
vt -0.514254 -0.528801 0.000000
vt -0.735234 -0.537371 0.000000
vt -0.709714 -0.522083 0.000000
vt -0.676803 -0.507250 0.000000
vt -0.656537 -0.500003 0.000000
vt -0.480384 -0.465408 0.000000
vt -0.632905 -0.492866 0.000000
vt -0.605015 -0.485839 0.000000
vt -0.571625 -0.478922 0.000000
vt -0.530960 -0.472112 0.000000
vt -0.850086 -1.085178 0.000000
vt -0.370576 -1.103727 0.000000
vt -0.348044 -1.187709 0.000000
vt -0.857015 -1.261809 0.000000
vt -0.296339 -1.260285 0.000000
vt -0.462130 -1.331103 0.000000
vt -0.843402 -1.435051 0.000000
vt -0.590740 -1.468634 0.000000
vt -0.825190 -1.514137 0.000000
vt -0.811052 -1.551107 0.000000
vt -0.578869 -1.599061 0.000000
vt -0.791580 -1.586239 0.000000
vt -0.763846 -1.619501 0.000000
vt -0.745285 -1.635431 0.000000
vt -0.722142 -1.650898 0.000000
vt -0.692599 -1.665906 0.000000
vt -0.523151 -1.708255 0.000000
vt -0.653720 -1.680463 0.000000
vt -0.629325 -1.687575 0.000000
vt -0.600430 -1.694576 0.000000
vt -0.565687 -1.701469 0.000000
vt 0.826496 3.607901 0.000000
vt -0.194219 3.489653 0.000000
vt 0.875277 3.373962 0.000000
vt -0.197884 3.391476 0.000000
vt 0.789790 3.362250 0.000000
vt 0.709025 3.351112 0.000000
vt -0.202510 3.292730 0.000000
vt 0.539894 3.328604 0.000000
vt 0.454201 3.317848 0.000000
vt 0.371745 3.308280 0.000000
vt 0.291087 3.300002 0.000000
vt 0.206830 3.292084 0.000000
vt -0.208070 3.193480 0.000000
vt 0.158339 3.155803 0.000000
vt -0.214525 3.093795 0.000000
vt 0.121013 3.018629 0.000000
vt -0.221858 2.993745 0.000000
vt 0.094372 2.880771 0.000000
vt -0.230078 2.893399 0.000000
vt -0.239198 2.792775 0.000000
vt 0.814525 3.723993 0.000000
vt -0.189608 3.683963 0.000000
vt -0.191471 3.587180 0.000000
vt -0.188624 3.779899 0.000000
vt 0.810675 3.836080 0.000000
vt -0.188543 3.875047 0.000000
vt 0.814523 3.948167 0.000000
vt -0.189367 3.970818 0.000000
vt 0.826492 4.064259 0.000000
vt -0.191074 4.067456 0.000000
vt -0.193663 4.164856 0.000000
vt 0.875269 4.298199 0.000000
vt -0.197161 4.262922 0.000000
vt 0.708621 4.321178 0.000000
vt 0.546614 4.342865 0.000000
vt -0.201606 4.361572 0.000000
vt 0.373228 4.363455 0.000000
vt 0.287929 4.372461 0.000000
vt 0.206821 4.380072 0.000000
vt -0.207011 4.460736 0.000000
vt 0.158328 4.516353 0.000000
vt -0.213309 4.560348 0.000000
vt 0.120999 4.653528 0.000000
vt -0.220485 4.660337 0.000000
vt -0.228545 4.760635 0.000000
vt 0.094357 4.791385 0.000000
vt -0.237506 4.861207 0.000000
vt 0.078066 4.929710 0.000000
vt -0.247326 4.962056 0.000000
vt 0.071926 5.068282 0.000000
vt -0.257945 5.063119 0.000000
vt -0.269323 5.164323 0.000000
vt 0.075860 5.206879 0.000000
vt -0.281449 5.265586 0.000000
vt 0.089917 5.345277 0.000000
vt -0.294310 5.366827 0.000000
vt 0.114270 5.483255 0.000000
vt -0.307826 5.467964 0.000000
vt -0.321909 5.568895 0.000000
vt 0.052697 5.624827 0.000000
vt -0.336504 5.669498 0.000000
vt 0.003608 5.767614 0.000000
vt -0.351587 5.769686 0.000000
vt -0.367380 5.871009 0.000000
vt -0.033722 5.911384 0.000000
vt -0.383920 5.974140 0.000000
vt -0.059829 6.055897 0.000000
vt -0.401143 6.078941 0.000000
vt -0.075080 6.200904 0.000000
vt -0.419022 6.185274 0.000000
vt -0.437544 6.293017 0.000000
vt -0.079687 6.346151 0.000000
vt -0.456623 6.402068 0.000000
vt -0.073714 6.491381 0.000000
vt -0.476167 6.512324 0.000000
vt -0.057078 6.636339 0.000000
vt -0.496117 6.623668 0.000000
vt -0.516446 6.735995 0.000000
vt -0.129478 6.787804 0.000000
vt -0.537092 6.849265 0.000000
vt -0.187524 6.940867 0.000000
vt -0.557943 6.963379 0.000000
vt -0.232271 7.095249 0.000000
vt -0.578915 7.078203 0.000000
vt -0.599959 7.193584 0.000000
vt -0.264502 7.250655 0.000000
vt -0.621018 7.309360 0.000000
vt -0.284766 7.406779 0.000000
vt -0.641965 7.425368 0.000000
vt -0.293403 7.563304 0.000000
vt -0.662694 7.541405 0.000000
vt -0.683139 7.657227 0.000000
vt -0.290555 7.719910 0.000000
vt -0.703518 7.774100 0.000000
vt -0.703518 -7.570278 0.000000
vt -0.290555 -7.624468 0.000000
vt -0.276176 -7.468103 0.000000
vt -0.724120 -7.450142 0.000000
vt -0.744803 -7.326984 0.000000
vt -0.353679 -7.302005 0.000000
vt -0.765479 -7.201090 0.000000
vt -0.414769 -7.133911 0.000000
vt -0.786057 -7.072729 0.000000
vt -0.460841 -6.964188 0.000000
vt -0.806378 -6.942155 0.000000
vt -0.492907 -6.793229 0.000000
vt -0.826322 -6.809651 0.000000
vt -0.845826 -6.675506 0.000000
vt -0.511649 -6.621441 0.000000
vt -0.864792 -6.539943 0.000000
vt -0.517459 -6.449246 0.000000
vt -0.883083 -6.403271 0.000000
vt -0.510455 -6.277071 0.000000
vt -0.900618 -6.265855 0.000000
vt -0.917355 -6.128090 0.000000
vt -0.490494 -6.105343 0.000000
vt -0.933184 -5.990386 0.000000
vt -0.562874 -5.922777 0.000000
vt -0.948014 -5.853209 0.000000
vt -0.617589 -5.738019 0.000000
vt -0.961839 -5.716931 0.000000
vt -0.975102 -5.578029 0.000000
vt -0.656142 -5.551564 0.000000
vt -0.987742 -5.435209 0.000000
vt -0.679552 -5.363939 0.000000
vt -0.999510 -5.289028 0.000000
vt -0.688422 -5.175690 0.000000
vt -1.010244 -5.140088 0.000000
vt -0.682975 -4.987374 0.000000
vt -1.019873 -4.989012 0.000000
vt -1.028425 -4.836417 0.000000
vt -0.663074 -4.799550 0.000000
vt -1.035973 -4.682878 0.000000
vt -0.628210 -4.612767 0.000000
vt -1.042388 -4.528939 0.000000
vt -0.683896 -4.420744 0.000000
vt -1.047498 -4.375218 0.000000
vt -0.722573 -4.226889 0.000000
vt -1.051224 -4.222404 0.000000
vt -1.053586 -4.071234 0.000000
vt -0.745354 -4.031793 0.000000
vt -1.054704 -3.922453 0.000000
vt -0.752877 -3.836071 0.000000
vt -1.054788 -3.776196 0.000000
vt -0.745350 -3.640348 0.000000
vt -1.053872 -3.627925 0.000000
vt -1.051743 -3.477130 0.000000
vt -0.722566 -3.445252 0.000000
vt -1.048265 -3.324558 0.000000
vt -0.683886 -3.251397 0.000000
vt -1.043400 -3.170947 0.000000
vt -0.628196 -3.059375 0.000000
vt -1.037208 -3.017001 0.000000
vt -0.663057 -2.872594 0.000000
vt -1.029845 -2.863350 0.000000
vt -1.021476 -2.710545 0.000000
vt -0.682955 -2.684773 0.000000
vt -1.012044 -2.559153 0.000000
vt -0.688399 -2.496459 0.000000
vt -1.001505 -2.409785 0.000000
vt -0.679527 -2.308213 0.000000
vt -0.989913 -2.263063 0.000000
vt -0.656114 -2.120590 0.000000
vt -0.977412 -2.119597 0.000000
vt -0.964237 -1.979953 0.000000
vt -0.617559 -1.934138 0.000000
vt -0.950552 -1.843584 0.000000
vt -0.562842 -1.749383 0.000000
vt -0.935906 -1.706558 0.000000
vt -0.490460 -1.566820 0.000000
vt -0.920250 -1.568915 0.000000
vt -0.903666 -1.431132 0.000000
vt -0.510420 -1.395095 0.000000
vt -0.886270 -1.293626 0.000000
vt -0.517422 -1.222923 0.000000
vt -0.868109 -1.156795 0.000000
vt -0.511611 -1.050731 0.000000
vt -0.849255 -1.021010 0.000000
vt -0.492868 -0.878946 0.000000
vt -0.829837 -0.886595 0.000000
vt -0.809968 -0.753778 0.000000
vt -0.460801 -0.707990 0.000000
vt -0.789707 -0.622837 0.000000
vt -0.414728 -0.538270 0.000000
vt -0.769164 -0.494060 0.000000
vt -0.353639 -0.370179 0.000000
vt -0.748496 -0.367706 0.000000
vt -0.727808 -0.244036 0.000000
vt -0.276136 -0.204084 0.000000
vt -0.707182 -0.123336 0.000000
vt -0.290515 -0.047721 0.000000
vt -0.686755 -0.005886 0.000000
vt -0.293362 0.108883 0.000000
vt -0.666364 0.109872 0.000000
vt -0.645682 0.225887 0.000000
vt -0.284726 0.265405 0.000000
vt -0.624768 0.341914 0.000000
vt -0.264461 0.421526 0.000000
vt -0.603720 0.457743 0.000000
vt -0.232231 0.576930 0.000000
vt -0.582667 0.573204 0.000000
vt -0.561679 0.688138 0.000000
vt -0.187485 0.731310 0.000000
vt -0.540801 0.802388 0.000000
vt -0.129440 0.884371 0.000000
vt -0.520112 0.915818 0.000000
vt -0.057042 1.035834 0.000000
vt -0.499719 1.028316 0.000000
vt -0.479700 1.139842 0.000000
vt -0.073678 1.180790 0.000000
vt -0.460080 1.250301 0.000000
vt -0.079652 1.326018 0.000000
vt -0.440912 1.359576 0.000000
vt -0.075046 1.471263 0.000000
vt -0.422282 1.467560 0.000000
vt -0.404286 1.574155 0.000000
vt -0.059796 1.616269 0.000000
vt -0.386944 1.679241 0.000000
vt -0.033691 1.760780 0.000000
vt -0.370279 1.782682 0.000000
vt 0.003637 1.904549 0.000000
vt -0.354346 1.884341 0.000000
vt -0.339158 1.984563 0.000000
vt 0.052724 2.047334 0.000000
vt -0.324477 2.085091 0.000000
vt 0.114295 2.188905 0.000000
vt -0.310299 2.185972 0.000000
vt -0.296677 2.287078 0.000000
vt 0.089939 2.326882 0.000000
vt -0.283692 2.388306 0.000000
vt 0.075881 2.465280 0.000000
vt -0.271433 2.489570 0.000000
vt 0.071945 2.603875 0.000000
vt -0.259921 2.590790 0.000000
vt -0.249165 2.691883 0.000000
vt 0.078083 2.742447 0.000000
vt -0.194329 -55.652802 0.000000
vt 0.006464 -55.647232 0.000000
vt -0.393009 -55.653930 0.000000
vt -0.028881 -55.490307 0.000000
vt -0.053761 -55.332933 0.000000
vt -0.395994 -55.022299 0.000000
vt -0.068419 -55.176471 0.000000
vt -0.073220 -55.022298 0.000000
vt -0.068421 -54.868125 0.000000
vt -0.053765 -54.711663 0.000000
vt -0.194342 -54.391797 0.000000
vt -0.028886 -54.554289 0.000000
vt 0.006457 -54.397364 0.000000
vt -0.393015 -54.390667 0.000000
vt 0.067240 3.962675 0.000000
vt 0.068647 4.103543 0.000000
vt -0.603993 4.051051 0.000000
vt -0.056944 4.121351 0.000000
vt -0.184880 4.137358 0.000000
vt -0.604320 4.161958 0.000000
vt -0.230829 4.282804 0.000000
vt -0.604687 4.273325 0.000000
vt -0.605095 4.384950 0.000000
vt -0.263260 4.429188 0.000000
vt -0.605583 4.496654 0.000000
vt -0.282769 4.576212 0.000000
vt -0.606147 4.608320 0.000000
vt -0.289706 4.723565 0.000000
vt -0.606745 4.719767 0.000000
vt -0.607375 4.830791 0.000000
vt -0.284194 4.870936 0.000000
vt -0.608072 4.941190 0.000000
vt -0.266136 5.018013 0.000000
vt -0.608836 5.050756 0.000000
vt -0.235207 5.164486 0.000000
vt -0.609617 5.159265 0.000000
vt -0.610410 5.266465 0.000000
vt -0.190842 5.310055 0.000000
vt -0.611253 5.372438 0.000000
vt -0.237726 5.456053 0.000000
vt -0.612170 5.479562 0.000000
vt -0.270968 5.603016 0.000000
vt -0.613116 5.588129 0.000000
vt -0.614085 5.697887 0.000000
vt -0.291185 5.750639 0.000000
vt -0.615116 5.808602 0.000000
vt -0.298745 5.898612 0.000000
vt -0.616211 5.920064 0.000000
vt -0.293782 6.046618 0.000000
vt -0.617323 6.032065 0.000000
vt -0.618444 6.144397 0.000000
vt -0.276209 6.194340 0.000000
vt -0.619607 6.256867 0.000000
vt -0.245707 6.341465 0.000000
vt -0.620817 6.369350 0.000000
vt -0.201711 6.487687 0.000000
vt -0.622026 6.481666 0.000000
vt -0.623225 6.593605 0.000000
vt -0.249136 6.634373 0.000000
vt -0.624446 6.704955 0.000000
vt -0.282807 6.782042 0.000000
vt -0.625693 6.815502 0.000000
vt -0.303358 6.930388 0.000000
vt -0.626918 6.925014 0.000000
vt -0.628107 7.033233 0.000000
vt -0.311166 7.079092 0.000000
vt -0.629297 7.140130 0.000000
vt -0.306375 7.227835 0.000000
vt -0.629297 -7.062276 0.000000
vt -0.306375 -6.974570 0.000000
vt -0.630524 -6.954321 0.000000
vt -0.288898 -6.826110 0.000000
vt -0.631746 -6.844849 0.000000
vt -0.632949 -6.734126 0.000000
vt -0.258412 -6.678251 0.000000
vt -0.634168 -6.622396 0.000000
vt -0.214349 -6.531302 0.000000
vt -0.635407 -6.509880 0.000000
vt -0.261867 -6.383879 0.000000
vt -0.636617 -6.396796 0.000000
vt -0.637788 -6.283364 0.000000
vt -0.295543 -6.235463 0.000000
vt -0.638953 -6.169785 0.000000
vt -0.316018 -6.086366 0.000000
vt -0.640117 -6.056195 0.000000
vt -0.323672 -5.936910 0.000000
vt -0.641231 -5.942786 0.000000
vt -0.642287 -5.829777 0.000000
vt -0.318647 -5.787419 0.000000
vt -0.643321 -5.717392 0.000000
vt -0.300852 -5.638221 0.000000
vt -0.644336 -5.605854 0.000000
vt -0.269954 -5.489638 0.000000
vt -0.645284 -5.495409 0.000000
vt -0.646158 -5.386325 0.000000
vt -0.225368 -5.341984 0.000000
vt -0.647000 -5.278525 0.000000
vt -0.272500 -5.193976 0.000000
vt -0.647834 -5.169521 0.000000
vt -0.305747 -5.044978 0.000000
vt -0.648613 -5.059013 0.000000
vt -0.649330 -4.947273 0.000000
vt -0.325748 -4.895305 0.000000
vt -0.650024 -4.834554 0.000000
vt -0.332879 -4.745283 0.000000
vt -0.650691 -4.721085 0.000000
vt -0.327273 -4.595241 0.000000
vt -0.651284 -4.607093 0.000000
vt -0.651802 -4.492804 0.000000
vt -0.308826 -4.445509 0.000000
vt -0.652284 -4.378423 0.000000
vt -0.277190 -4.296413 0.000000
vt -0.652725 -4.264091 0.000000
vt -0.231762 -4.148270 0.000000
vt -0.653083 -4.150016 0.000000
vt -0.653359 -4.036425 0.000000
vt -0.278126 -3.999997 0.000000
vt -0.653597 -3.923547 0.000000
vt -0.310624 -3.850747 0.000000
vt -0.653790 -3.811616 0.000000
vt -0.329881 -3.700840 0.000000
vt -0.653898 -3.700885 0.000000
vt -0.653927 -3.591634 0.000000
vt -0.336260 -3.550601 0.000000
vt -0.653925 -3.483427 0.000000
vt -0.329881 -3.400362 0.000000
vt -0.653880 -3.373793 0.000000
vt -0.310624 -3.250455 0.000000
vt -0.653751 -3.262749 0.000000
vt -0.653542 -3.150568 0.000000
vt -0.278126 -3.101205 0.000000
vt -0.653298 -3.037498 0.000000
vt -0.231761 -2.952932 0.000000
vt -0.653005 -2.923769 0.000000
vt -0.277190 -2.804789 0.000000
vt -0.652625 -2.809611 0.000000
vt -0.652169 -2.695251 0.000000
vt -0.308825 -2.655693 0.000000
vt -0.651683 -2.580879 0.000000
vt -0.327273 -2.505961 0.000000
vt -0.651148 -2.466641 0.000000
vt -0.332879 -2.355919 0.000000
vt -0.650535 -2.352754 0.000000
vt -0.649857 -2.239445 0.000000
vt -0.325747 -2.205897 0.000000
vt -0.649161 -2.126940 0.000000
vt -0.305746 -2.056224 0.000000
vt -0.648431 -2.015473 0.000000
vt -0.272499 -1.907225 0.000000
vt -0.647636 -1.905301 0.000000
vt -0.646795 -1.796701 0.000000
vt -0.225367 -1.759217 0.000000
vt -0.645952 -1.688765 0.000000
vt -0.269952 -1.611564 0.000000
vt -0.645062 -1.579328 0.000000
vt -0.300850 -1.462981 0.000000
vt -0.644096 -1.468596 0.000000
vt -0.643071 -1.356833 0.000000
vt -0.318646 -1.313783 0.000000
vt -0.642036 -1.244278 0.000000
vt -0.323670 -1.164292 0.000000
vt -0.640967 -1.131152 0.000000
vt -0.316016 -1.014836 0.000000
vt -0.639839 -1.017680 0.000000
vt -0.638670 -0.904078 0.000000
vt -0.295542 -0.865739 0.000000
vt -0.637508 -0.790521 0.000000
vt -0.261866 -0.717323 0.000000
vt -0.636328 -0.677153 0.000000
vt -0.214347 -0.569900 0.000000
vt -0.635109 -0.564186 0.000000
vt -0.633869 -0.451839 0.000000
vt -0.258410 -0.422952 0.000000
vt -0.632658 -0.340330 0.000000
vt -0.288896 -0.275092 0.000000
vt -0.631453 -0.229885 0.000000
vt -0.306374 -0.126632 0.000000
vt -0.630227 -0.120754 0.000000
vt -0.629005 -0.013205 0.000000
vt -0.311165 0.022111 0.000000
vt -0.627821 0.093880 0.000000
vt -0.303356 0.170815 0.000000
vt -0.626625 0.202435 0.000000
vt -0.282806 0.319160 0.000000
vt -0.625392 0.312218 0.000000
vt -0.624146 0.422979 0.000000
vt -0.249135 0.466829 0.000000
vt -0.622935 0.534489 0.000000
vt -0.201710 0.613515 0.000000
vt -0.621735 0.646538 0.000000
vt -0.245706 0.759738 0.000000
vt -0.620523 0.758913 0.000000
vt -0.619319 0.871407 0.000000
vt -0.276208 0.906863 0.000000
vt -0.618171 0.983857 0.000000
vt -0.293782 1.054584 0.000000
vt -0.617054 1.096128 0.000000
vt -0.298744 1.202590 0.000000
vt -0.615943 1.208018 0.000000
vt -0.614859 1.319319 0.000000
vt -0.291185 1.350563 0.000000
vt -0.613847 1.429824 0.000000
vt -0.270968 1.498187 0.000000
vt -0.612885 1.539317 0.000000
vt -0.237725 1.645150 0.000000
vt -0.611944 1.647561 0.000000
vt -0.611041 1.754298 0.000000
vt -0.190841 1.791148 0.000000
vt -0.610216 1.860401 0.000000
vt -0.235206 1.936716 0.000000
vt -0.609428 1.967940 0.000000
vt -0.266135 2.083189 0.000000
vt -0.608648 2.076725 0.000000
vt -0.607895 2.186511 0.000000
vt -0.284193 2.230266 0.000000
vt -0.607218 2.297079 0.000000
vt -0.289705 2.377637 0.000000
vt -0.606599 2.408224 0.000000
vt -0.282768 2.524990 0.000000
vt -0.606007 2.519741 0.000000
vt -0.605456 2.631431 0.000000
vt -0.263260 2.672013 0.000000
vt -0.604991 2.743127 0.000000
vt -0.230828 2.818398 0.000000
vt -0.604596 2.854708 0.000000
vt -0.184880 2.963844 0.000000
vt -0.604213 2.965982 0.000000
vt -0.061560 2.979419 0.000000
vt 0.068647 2.997659 0.000000
vt -0.603924 3.076749 0.000000
vt 0.067241 3.138528 0.000000
vt -0.603700 3.186807 0.000000
vt 0.066205 3.278025 0.000000
vt -0.603552 3.295948 0.000000
vt 0.065609 3.415589 0.000000
vt -0.603439 3.403944 0.000000
vt -0.603366 3.510546 0.000000
vt 0.065442 3.550601 0.000000
vt -0.603378 3.616168 0.000000
vt 0.065609 3.685613 0.000000
vt -0.603463 3.723129 0.000000
vt 0.066205 3.823178 0.000000
vt -0.603584 3.831422 0.000000
vt -0.603745 3.940804 0.000000
vt 0.034256 2.220767 0.000000
vt 0.431172 2.307509 0.000000
vt 0.033915 2.307575 0.000000
vt 0.431172 2.394142 0.000000
vt 0.033657 2.394048 0.000000
vt 0.033472 2.480101 0.000000
vt 0.431173 2.480640 0.000000
vt 0.033329 2.565642 0.000000
vt 0.431173 2.567057 0.000000
vt 0.033212 2.650564 0.000000
vt 0.431173 2.653444 0.000000
vt 0.033137 2.734751 0.000000
vt 0.431173 2.739851 0.000000
vt 0.033146 2.818399 0.000000
vt 0.431173 2.826331 0.000000
vt 0.033231 2.902728 0.000000
vt 0.431173 2.912934 0.000000
vt 0.033354 2.987770 0.000000
vt 0.431174 2.999675 0.000000
vt 0.033503 3.073411 0.000000
vt 0.431174 3.086297 0.000000
vt 0.033699 3.159547 0.000000
vt 0.431174 3.172788 0.000000
vt 0.033981 3.246086 0.000000
vt 0.431174 3.259202 0.000000
vt 0.034322 3.332946 0.000000
vt 0.431175 3.345589 0.000000
vt 0.034686 3.420041 0.000000
vt 0.431174 3.431999 0.000000
vt 0.035065 3.507284 0.000000
vt 0.431174 3.518485 0.000000
vt 0.035479 3.594592 0.000000
vt 0.431174 3.605098 0.000000
vt 0.035954 3.681926 0.000000
vt 0.431174 3.691840 0.000000
vt 0.036451 3.769250 0.000000
vt 0.431174 3.778452 0.000000
vt 0.036937 3.856479 0.000000
vt 0.431175 3.864937 0.000000
vt 0.037407 3.943521 0.000000
vt 0.431175 3.951347 0.000000
vt 0.037882 4.030284 0.000000
vt 0.431175 4.037734 0.000000
vt 0.038380 4.116678 0.000000
vt 0.431175 4.124148 0.000000
vt 0.038853 4.202602 0.000000
vt 0.431174 4.210640 0.000000
vt 0.039270 4.287943 0.000000
vt 0.431174 4.297264 0.000000
vt 0.039632 4.372575 0.000000
vt 0.431174 4.384005 0.000000
vt 0.039972 4.456522 0.000000
vt 0.431174 4.470607 0.000000
vt 0.040296 4.541217 0.000000
vt 0.431174 4.557085 0.000000
vt 0.040552 4.626896 0.000000
vt 0.431174 4.643492 0.000000
vt 0.040719 4.713392 0.000000
vt 0.431174 4.729879 0.000000
vt 0.040817 4.800551 0.000000
vt 0.431174 4.816296 0.000000
vt 0.040869 4.888233 0.000000
vt 0.431173 4.902796 0.000000
vt 0.040830 4.976304 0.000000
vt 0.431173 4.989430 0.000000
vt 0.040671 5.064628 0.000000
vt 0.431173 5.076168 0.000000
vt 0.040401 5.153070 0.000000
vt 0.431173 5.162760 0.000000
vt 0.040053 5.241522 0.000000
vt 0.431173 5.249232 0.000000
vt 0.039608 5.329909 0.000000
vt 0.431173 5.335636 0.000000
vt 0.039031 5.418100 0.000000
vt 0.431172 5.422024 0.000000
vt 0.038322 5.505959 0.000000
vt 0.431172 5.508445 0.000000
vt 0.038322 -5.570110 0.000000
vt 0.431172 -5.567624 0.000000
vt 0.037520 -5.482724 0.000000
vt 0.431171 -5.481117 0.000000
vt 0.036638 -5.395950 0.000000
vt 0.431171 -5.394472 0.000000
vt 0.035638 -5.309941 0.000000
vt 0.431171 -5.307738 0.000000
vt 0.034516 -5.224862 0.000000
vt 0.431170 -5.221156 0.000000
vt 0.033308 -5.140888 0.000000
vt 0.431170 -5.134690 0.000000
vt 0.032033 -5.056613 0.000000
vt 0.431170 -5.048289 0.000000
vt 0.030631 -4.970989 0.000000
vt 0.431170 -4.961901 0.000000
vt 0.029094 -4.884288 0.000000
vt 0.431169 -4.875476 0.000000
vt 0.027467 -4.796761 0.000000
vt 0.431169 -4.788962 0.000000
vt 0.025772 -4.708641 0.000000
vt 0.431168 -4.702306 0.000000
vt 0.023979 -4.620153 0.000000
vt 0.431168 -4.615578 0.000000
vt 0.022104 -4.531520 0.000000
vt 0.431168 -4.529005 0.000000
vt 0.020208 -4.442933 0.000000
vt 0.431168 -4.442545 0.000000
vt 0.431168 -4.356146 0.000000
vt 0.034617 2.133708 0.000000
vt 0.431171 2.134177 0.000000
vt 0.431172 2.220771 0.000000
vt 0.431171 2.047704 0.000000
vt 0.034993 2.046486 0.000000
vt 0.431171 1.961300 0.000000
vt 0.035398 1.959184 0.000000
vt 0.431171 1.874913 0.000000
vt 0.035862 1.871855 0.000000
vt 0.431170 1.788492 0.000000
vt 0.036358 1.784522 0.000000
vt 0.431170 1.701987 0.000000
vt 0.036847 1.697270 0.000000
vt 0.431169 1.615344 0.000000
vt 0.037319 1.610188 0.000000
vt 0.431169 1.528609 0.000000
vt 0.037790 1.523368 0.000000
vt 0.431169 1.442025 0.000000
vt 0.038287 1.436900 0.000000
vt 0.431169 1.355559 0.000000
vt 0.038767 1.350883 0.000000
vt 0.431169 1.269157 0.000000
vt 0.039195 1.265427 0.000000
vt 0.431168 1.182769 0.000000
vt 0.039564 1.180658 0.000000
vt 0.431168 1.096345 0.000000
vt 0.039905 1.096663 0.000000
vt 0.040236 1.012164 0.000000
vt 0.431167 1.009832 0.000000
vt 0.040506 0.926651 0.000000
vt 0.431167 0.923178 0.000000
vt 0.040689 0.840290 0.000000
vt 0.431166 0.836449 0.000000
vt 0.040796 0.753240 0.000000
vt 0.431166 0.749875 0.000000
vt 0.040858 0.665643 0.000000
vt 0.431166 0.663414 0.000000
vt 0.040838 0.577633 0.000000
vt 0.431166 0.577015 0.000000
vt 0.431166 0.490627 0.000000
vt 0.040701 0.489344 0.000000
vt 0.431165 0.404198 0.000000
vt 0.040448 0.400914 0.000000
vt 0.431165 0.317678 0.000000
vt 0.040113 0.312460 0.000000
vt 0.431164 0.231013 0.000000
vt 0.039689 0.224053 0.000000
vt 0.431164 0.144291 0.000000
vt 0.039137 0.135816 0.000000
vt 0.431164 0.057726 0.000000
vt 0.038450 0.047888 0.000000
vt 0.431164 -0.028729 0.000000
vt 0.037660 -0.039593 0.000000
vt 0.431164 -0.115126 0.000000
vt 0.036795 -0.126488 0.000000
vt 0.431163 -0.201515 0.000000
vt 0.035818 -0.212647 0.000000
vt 0.431163 -0.287948 0.000000
vt 0.034716 -0.297906 0.000000
vt 0.431162 -0.374476 0.000000
vt 0.033520 -0.382089 0.000000
vt 0.431162 -0.461152 0.000000
vt 0.032261 -0.466115 0.000000
vt 0.431162 -0.547865 0.000000
vt 0.030884 -0.551516 0.000000
vt 0.431162 -0.634421 0.000000
vt 0.029369 -0.638042 0.000000
vt 0.431162 -0.720871 0.000000
vt 0.027754 -0.725437 0.000000
vt 0.431162 -0.807265 0.000000
vt 0.026075 -0.813466 0.000000
vt 0.431162 -0.893656 0.000000
vt 0.024299 -0.901904 0.000000
vt 0.431161 -0.980093 0.000000
vt 0.022436 -0.990527 0.000000
vt 0.431161 -1.066629 0.000000
vt 0.020541 -1.079132 0.000000
vt 0.431161 -1.153317 0.000000
vt 0.018627 -1.167564 0.000000
vt 0.431161 -1.240061 0.000000
vt 0.016675 -1.255618 0.000000
vt 0.431161 -1.326739 0.000000
vt 0.014713 -1.343080 0.000000
vt 0.431161 -1.413401 0.000000
vt 0.012806 -1.429737 0.000000
vt 0.431160 -1.500100 0.000000
vt 0.010939 -1.515369 0.000000
vt 0.431160 -1.586864 0.000000
vt 0.009106 -1.599737 0.000000
vt 0.431160 -1.673568 0.000000
vt 0.007358 -1.682683 0.000000
vt 0.431160 -1.760231 0.000000
vt 0.005781 -1.766406 0.000000
vt 0.431160 -1.846905 0.000000
vt 0.004274 -1.851668 0.000000
vt 0.431161 -1.933643 0.000000
vt 0.002751 -1.938123 0.000000
vt 0.431161 -2.020344 0.000000
vt 0.001198 -2.025436 0.000000
vt 0.431161 -2.106890 0.000000
vt -0.000321 -2.113288 0.000000
vt 0.431161 -2.193333 0.000000
vt -0.001671 -2.201389 0.000000
vt 0.431161 -2.279725 0.000000
vt -0.002690 -2.289485 0.000000
vt 0.431161 -2.366118 0.000000
vt -0.003448 -2.377329 0.000000
vt 0.431161 -2.452561 0.000000
vt -0.004080 -2.464646 0.000000
vt 0.431161 -2.539107 0.000000
vt -0.004649 -2.551135 0.000000
vt 0.431161 -2.625809 0.000000
vt -0.005146 -2.636475 0.000000
vt 0.431162 -2.712499 0.000000
vt -0.005486 -2.720341 0.000000
vt 0.431162 -2.799036 0.000000
vt -0.005520 -2.802742 0.000000
vt 0.431162 -2.885474 0.000000
vt -0.005221 -2.886309 0.000000
vt 0.431163 -2.971865 0.000000
vt -0.004744 -2.971408 0.000000
vt -0.004184 -3.057714 0.000000
vt 0.431163 -3.058259 0.000000
vt -0.003565 -3.144905 0.000000
vt 0.431163 -3.144708 0.000000
vt 0.431163 -3.231263 0.000000
vt -0.002837 -3.232676 0.000000
vt 0.431163 -3.317975 0.000000
vt -0.001878 -3.320745 0.000000
vt 0.431164 -3.404653 0.000000
vt -0.000577 -3.408863 0.000000
vt 0.431164 -3.491182 0.000000
vt 0.000924 -3.496780 0.000000
vt 0.431165 -3.577615 0.000000
vt 0.002478 -3.584213 0.000000
vt 0.431165 -3.664005 0.000000
vt 0.004009 -3.670848 0.000000
vt 0.431165 -3.750401 0.000000
vt 0.005515 -3.756350 0.000000
vt 0.431165 -3.836856 0.000000
vt 0.007070 -3.840376 0.000000
vt 0.431165 -3.923419 0.000000
vt 0.008790 -3.923231 0.000000
vt 0.010614 -4.007345 0.000000
vt 0.431166 -4.010140 0.000000
vt 0.012476 -4.092767 0.000000
vt 0.431166 -4.096807 0.000000
vt 0.014373 -4.179257 0.000000
vt 0.431167 -4.183328 0.000000
vt 0.016329 -4.266590 0.000000
vt 0.431167 -4.269758 0.000000
vt 0.018288 -4.354553 0.000000
vt 0.433657 3.131342 0.000000
vt 0.433656 3.217581 0.000000
vt 0.013838 3.217581 0.000000
vt 0.433656 3.303970 0.000000
vt 0.013858 3.305039 0.000000
vt 0.433656 3.390263 0.000000
vt 0.013829 3.392723 0.000000
vt 0.433656 3.476420 0.000000
vt 0.013809 3.480478 0.000000
vt 0.433656 3.562494 0.000000
vt 0.013815 3.568208 0.000000
vt 0.433656 3.648535 0.000000
vt 0.013807 3.655779 0.000000
vt 0.433655 3.734594 0.000000
vt 0.013772 3.743032 0.000000
vt 0.433655 3.820722 0.000000
vt 0.013744 3.829804 0.000000
vt 0.433655 3.906971 0.000000
vt 0.013747 3.915935 0.000000
vt 0.433654 3.993363 0.000000
vt 0.013735 4.001249 0.000000
vt 0.433654 4.079645 0.000000
vt 0.013694 4.085554 0.000000
vt 0.433654 4.165796 0.000000
vt 0.013659 4.168700 0.000000
vt 0.433654 4.251865 0.000000
vt 0.013657 4.252310 0.000000
vt 0.013640 4.337062 0.000000
vt 0.433654 4.337906 0.000000
vt 0.013595 4.422753 0.000000
vt 0.433653 4.423968 0.000000
vt 0.013553 4.509195 0.000000
vt 0.433652 4.510102 0.000000
vt 0.013543 4.596216 0.000000
vt 0.433652 4.596361 0.000000
vt 0.433652 4.682754 0.000000
vt 0.013520 4.683651 0.000000
vt 0.433651 4.769026 0.000000
vt 0.013471 4.771337 0.000000
vt 0.433651 4.855169 0.000000
vt 0.013424 4.859114 0.000000
vt 0.433651 4.941236 0.000000
vt 0.013409 4.946875 0.000000
vt 0.433651 5.027276 0.000000
vt 0.013382 5.034494 0.000000
vt 0.433650 5.113341 0.000000
vt 0.013329 5.121806 0.000000
vt 0.433650 5.199481 0.000000
vt 0.013279 5.208648 0.000000
vt 0.433649 5.285750 0.000000
vt 0.013262 5.294854 0.000000
vt 0.433649 5.372144 0.000000
vt 0.013234 5.380248 0.000000
vt 0.433649 5.458406 0.000000
vt 0.013179 5.464637 0.000000
vt 0.433649 5.544542 0.000000
vt 0.013127 5.547834 0.000000
vt 0.013127 -5.483861 0.000000
vt 0.433649 -5.487153 0.000000
vt 0.433648 -5.401091 0.000000
vt 0.013108 -5.400353 0.000000
vt 0.433648 -5.315050 0.000000
vt 0.013079 -5.315666 0.000000
vt 0.013022 -5.230011 0.000000
vt 0.433648 -5.228982 0.000000
vt 0.012968 -5.143583 0.000000
vt 0.433647 -5.142835 0.000000
vt 0.012946 -5.056558 0.000000
vt 0.433647 -5.056556 0.000000
vt 0.433646 -4.970148 0.000000
vt 0.012915 -4.969105 0.000000
vt 0.433646 -4.883800 0.000000
vt 0.012858 -4.881394 0.000000
vt 0.433646 -4.797485 0.000000
vt 0.012805 -4.793587 0.000000
vt 0.433645 -4.711152 0.000000
vt 0.012785 -4.705797 0.000000
vt 0.433645 -4.624751 0.000000
vt 0.012755 -4.618157 0.000000
vt 0.433645 -4.538366 0.000000
vt 0.012700 -4.530832 0.000000
vt 0.433645 -4.452041 0.000000
vt 0.012651 -4.443993 0.000000
vt 0.433645 -4.365724 0.000000
vt 0.012636 -4.357810 0.000000
vt 0.433644 -4.279363 0.000000
vt 0.012611 -4.272463 0.000000
vt 0.433644 -4.192964 0.000000
vt 0.012560 -4.188154 0.000000
vt 0.433644 -4.106715 0.000000
vt 0.012516 -4.105039 0.000000
vt 0.433644 -4.020587 0.000000
vt 0.012507 -4.021446 0.000000
vt 0.012486 -3.936678 0.000000
vt 0.433644 -3.934528 0.000000
vt 0.012440 -3.850947 0.000000
vt 0.433644 -3.848487 0.000000
vt 0.012403 -3.764448 0.000000
vt 0.433644 -3.762415 0.000000
vt 0.012399 -3.677361 0.000000
vt 0.433643 -3.676259 0.000000
vt 0.012382 -3.589858 0.000000
vt 0.433643 -3.589968 0.000000
vt 0.433643 -3.503579 0.000000
vt 0.012343 -3.502111 0.000000
vt 0.433643 -3.417339 0.000000
vt 0.012316 -3.414285 0.000000
vt 0.433644 -3.331217 0.000000
vt 0.012320 -3.326487 0.000000
vt 0.433644 -3.245161 0.000000
vt 0.012311 -3.238863 0.000000
vt 0.433644 -3.159120 0.000000
vt 0.012281 -3.151584 0.000000
vt 0.433643 -3.073044 0.000000
vt 0.012265 -3.064823 0.000000
vt 0.433643 -2.986881 0.000000
vt 0.012280 -2.978752 0.000000
vt 0.433643 -2.900579 0.000000
vt 0.012279 -2.893561 0.000000
vt 0.433643 -2.814195 0.000000
vt 0.012256 -2.809456 0.000000
vt 0.433644 -2.727965 0.000000
vt 0.012251 -2.726448 0.000000
vt 0.433644 -2.641848 0.000000
vt 0.012275 -2.642636 0.000000
vt 0.012283 -2.557687 0.000000
vt 0.433644 -2.555795 0.000000
vt 0.012268 -2.471810 0.000000
vt 0.433644 -2.469753 0.000000
vt 0.012274 -2.385199 0.000000
vt 0.433644 -2.383673 0.000000
vt 0.012306 -2.298028 0.000000
vt 0.433644 -2.297502 0.000000
vt 0.433644 -2.211189 0.000000
vt 0.012321 -2.210472 0.000000
vt 0.433644 -2.124812 0.000000
vt 0.012318 -2.122701 0.000000
vt 0.433645 -2.038590 0.000000
vt 0.012335 -2.034872 0.000000
vt 0.433645 -1.952480 0.000000
vt 0.012376 -1.947092 0.000000
vt 0.433646 -1.866428 0.000000
vt 0.012398 -1.859515 0.000000
vt 0.433646 -1.780385 0.000000
vt 0.012403 -1.772312 0.000000
vt 0.433646 -1.694301 0.000000
vt 0.012430 -1.685656 0.000000
vt 0.433646 -1.608122 0.000000
vt 0.012479 -1.599722 0.000000
vt 0.433646 -1.521798 0.000000
vt 0.012507 -1.514703 0.000000
vt 0.433647 -1.435428 0.000000
vt 0.012515 -1.430808 0.000000
vt 0.433647 -1.349215 0.000000
vt 0.012548 -1.347806 0.000000
vt 0.433648 -1.263110 0.000000
vt 0.012603 -1.263777 0.000000
vt 0.012635 -1.178662 0.000000
vt 0.433648 -1.177061 0.000000
vt 0.012648 -1.092662 0.000000
vt 0.433648 -1.091017 0.000000
vt 0.012688 -1.005965 0.000000
vt 0.433648 -1.004927 0.000000
vt 0.012746 -0.918742 0.000000
vt 0.433648 -0.918741 0.000000
vt 0.433649 -0.832404 0.000000
vt 0.012782 -0.831162 0.000000
vt 0.433649 -0.746044 0.000000
vt 0.012802 -0.743393 0.000000
vt 0.433650 -0.659840 0.000000
vt 0.012846 -0.655583 0.000000
vt 0.433650 -0.573740 0.000000
vt 0.012906 -0.567834 0.000000
vt 0.433651 -0.487692 0.000000
vt 0.012944 -0.480303 0.000000
vt 0.433651 -0.401647 0.000000
vt 0.012964 -0.393159 0.000000
vt 0.433651 -0.315552 0.000000
vt 0.013010 -0.306572 0.000000
vt 0.433651 -0.229357 0.000000
vt 0.013071 -0.220714 0.000000
vt 0.433652 -0.143009 0.000000
vt 0.013107 -0.135775 0.000000
vt 0.433652 -0.056660 0.000000
vt 0.013124 -0.051963 0.000000
vt 0.433652 0.029536 0.000000
vt 0.013167 0.031076 0.000000
vt 0.433653 0.115631 0.000000
vt 0.013227 0.115192 0.000000
vt 0.013261 0.200363 0.000000
vt 0.433653 0.201677 0.000000
vt 0.013276 0.286391 0.000000
vt 0.433654 0.287725 0.000000
vt 0.013318 0.373094 0.000000
vt 0.433654 0.373824 0.000000
vt 0.013374 0.460309 0.000000
vt 0.433654 0.460028 0.000000
vt 0.433654 0.546387 0.000000
vt 0.013408 0.547869 0.000000
vt 0.433654 0.632725 0.000000
vt 0.013422 0.635610 0.000000
vt 0.433655 0.718913 0.000000
vt 0.013460 0.723391 0.000000
vt 0.433655 0.805003 0.000000
vt 0.013513 0.811113 0.000000
vt 0.433656 0.891048 0.000000
vt 0.013542 0.898624 0.000000
vt 0.433656 0.977097 0.000000
vt 0.013552 0.985759 0.000000
vt 0.433656 1.063202 0.000000
vt 0.013585 1.072355 0.000000
vt 0.433656 1.149414 0.000000
vt 0.013634 1.158244 0.000000
vt 0.433656 1.235783 0.000000
vt 0.013658 1.243241 0.000000
vt 0.433656 1.322110 0.000000
vt 0.013660 1.327144 0.000000
vt 0.433657 1.408290 0.000000
vt 0.013685 1.410181 0.000000
vt 0.433657 1.494376 0.000000
vt 0.013729 1.494213 0.000000
vt 0.013748 1.579302 0.000000
vt 0.433657 1.580419 0.000000
vt 0.013746 1.665253 0.000000
vt 0.433657 1.666471 0.000000
vt 0.013764 1.751886 0.000000
vt 0.433657 1.752581 0.000000
vt 0.013802 1.839038 0.000000
vt 0.433657 1.838803 0.000000
vt 0.433657 1.925180 0.000000
vt 0.013817 1.926548 0.000000
vt 0.433657 2.011495 0.000000
vt 0.013811 2.014254 0.000000
vt 0.433658 2.097667 0.000000
vt 0.013822 2.102011 0.000000
vt 0.433658 2.183749 0.000000
vt 0.013854 2.189724 0.000000
vt 0.433658 2.269791 0.000000
vt 0.013864 2.277252 0.000000
vt 0.433658 2.355845 0.000000
vt 0.013852 2.364433 0.000000
vt 0.433657 2.441961 0.000000
vt 0.013855 2.451105 0.000000
vt 0.433657 2.528192 0.000000
vt 0.013883 2.537106 0.000000
vt 0.433657 2.614575 0.000000
vt 0.013889 2.622259 0.000000
vt 0.433657 2.700879 0.000000
vt 0.013869 2.706366 0.000000
vt 0.433657 2.787044 0.000000
vt 0.013864 2.789422 0.000000
vt 0.433657 2.873122 0.000000
vt 0.013885 2.873248 0.000000
vt 0.013887 2.958167 0.000000
vt 0.433657 2.959163 0.000000
vt 0.013861 3.043981 0.000000
vt 0.433657 3.045220 0.000000
vt 0.013849 3.130507 0.000000
vt 0.299802 -0.080693 0.000000
vt 0.299736 -0.027614 0.000000
vt -0.299650 -0.106603 0.000000
vt -0.299689 0.098907 0.000000
vt 0.299734 0.035646 0.000000
vt 0.299689 0.098907 0.000000
vt 0.232134 0.170557 0.000000
vt -0.232134 0.170557 0.000000
vt 0.232134 -0.171116 0.000000
vt -0.232134 -0.171116 0.000000
vt 0.299661 -0.107447 0.000000
vt 0.299735 -0.031797 0.000000
vt -0.299689 -0.097149 0.000000
vt 0.299735 0.033555 0.000000
vt -0.299689 0.098907 0.000000
vt 0.299689 0.098907 0.000000
vt 0.232134 0.170557 0.000000
vt -0.232134 0.170557 0.000000
vt 0.232134 -0.171116 0.000000
vt -0.232134 -0.171116 0.000000
vt 0.232134 0.170557 0.000000
vt -0.232134 0.170557 0.000000
vt 0.232134 -0.171116 0.000000
vt -0.232134 -0.171116 0.000000
vt 0.232134 -0.171116 0.000000
vt 0.232134 0.170557 0.000000
vt -0.232134 -0.171116 0.000000
vt -0.232134 0.170557 0.000000
vt 0.232134 0.170557 0.000000
vt -0.232134 0.170557 0.000000
vt 0.232134 -0.171116 0.000000
vt -0.232134 -0.171116 0.000000
vt 0.232134 -0.171116 0.000000
vt 0.232134 0.170557 0.000000
vt -0.232134 -0.171116 0.000000
vt -0.232134 0.170557 0.000000
vt -0.232134 -0.171116 0.000000
vt 0.232134 -0.171116 0.000000
vt -0.232134 0.170557 0.000000
vt 0.232134 0.170557 0.000000
vt 0.232134 0.170557 0.000000
vt -0.232134 0.170557 0.000000
vt 0.232134 -0.171116 0.000000
vt -0.232134 -0.171116 0.000000
vt 0.232134 0.170557 0.000000
vt -0.232134 0.170557 0.000000
vt 0.232134 -0.171116 0.000000
vt -0.232134 -0.171116 0.000000
vt 0.232134 -0.171116 0.000000
vt 0.232134 0.170557 0.000000
vt -0.232134 -0.171116 0.000000
vt -0.232134 0.170557 0.000000
vt -0.232134 -0.171116 0.000000
vt 0.232134 -0.171116 0.000000
vt -0.232134 0.170557 0.000000
vt 0.232134 0.170557 0.000000
vt -0.232134 -0.171116 0.000000
vt 0.232134 -0.171116 0.000000
vt -0.232134 0.170557 0.000000
vt 0.232134 0.170557 0.000000
vt 0.000000 0.896384 0.000000
vt 0.299689 0.739816 0.000000
vt 0.448704 0.777178 0.000000
vt 0.302315 0.246608 0.000000
vt 0.776291 0.448192 0.000000
vt 0.897408 0.000000 0.000000
vt 0.302315 -0.246608 0.000000
vt 0.776291 -0.448192 0.000000
vt 0.448704 -0.777179 0.000000
vt 0.299689 -0.739816 0.000000
vt 0.000000 -0.896384 0.000000
vt -0.299689 -0.739816 0.000000
vt -0.448704 -0.777179 0.000000
vt -0.302316 -0.246608 0.000000
vt -0.776291 -0.448192 0.000000
vt -0.897408 0.000000 0.000000
vt -0.302316 0.246608 0.000000
vt -0.776291 0.448192 0.000000
vt -0.448704 0.777178 0.000000
vt -0.299689 0.739816 0.000000
vt 12.475604 26.762047 0.000000
vt 12.464587 26.736517 0.000000
vt 12.482954 26.730972 0.000000
vt 12.398295 26.566979 0.000000
vt 12.529428 26.472750 0.000000
vt 12.332809 26.398243 0.000000
vt 12.529428 26.183454 0.000000
vt 12.204245 26.063047 0.000000
vt 12.529428 25.894158 0.000000
vt 12.223956 25.894158 0.000000
vt 12.529428 25.604861 0.000000
vt 12.223956 25.604861 0.000000
vt 12.529428 25.315565 0.000000
vt 12.223956 25.315565 0.000000
vt 12.529428 25.025488 0.000000
vt 12.223956 25.025825 0.000000
vt 12.223956 24.736973 0.000000
vt 11.918485 24.736973 0.000000
vt 12.223956 24.447676 0.000000
vt 11.918485 24.447676 0.000000
vt 12.223956 24.158380 0.000000
vt 11.918485 24.158380 0.000000
vt 12.223956 23.869084 0.000000
vt 11.918485 23.869084 0.000000
vt 12.223956 23.579787 0.000000
vt 11.918485 23.579787 0.000000
vt 12.223956 23.290491 0.000000
vt 11.918485 23.290491 0.000000
vt 12.223956 23.001195 0.000000
vt 11.918485 23.001195 0.000000
vt 12.223956 22.711899 0.000000
vt 11.918485 22.711899 0.000000
vt 12.233310 22.673217 0.000000
vt 12.028435 22.500376 0.000000
vt 11.918485 22.422602 0.000000
vt 11.820917 22.333506 0.000000
vt 11.613014 22.422602 0.000000
vt 11.610819 22.172435 0.000000
vt 11.307543 22.422602 0.000000
vt 11.307543 22.133306 0.000000
vt 11.002071 22.422602 0.000000
vt 11.002071 22.133306 0.000000
vt 10.912953 22.203042 0.000000
vt 10.827747 21.892039 0.000000
vt 12.078876 25.730673 0.000000
vt 11.956687 25.400877 0.000000
vt 11.918485 25.026161 0.000000
vt 11.837668 25.073425 0.000000
vt 11.721821 24.748091 0.000000
vt 11.609148 24.424654 0.000000
vt 11.499661 24.102898 0.000000
vt 11.613014 24.158380 0.000000
vt 11.613014 23.869084 0.000000
vt 11.393378 23.782612 0.000000
vt 11.613014 23.579787 0.000000
vt 11.290320 23.463584 0.000000
vt 11.613014 23.290491 0.000000
vt 11.307543 23.290491 0.000000
vt 11.613014 23.001195 0.000000
vt 11.307543 23.001195 0.000000
vt 11.613014 22.711899 0.000000
vt 11.307543 22.711899 0.000000
vt 11.240009 23.304477 0.000000
vt 11.190544 23.145700 0.000000
vt 11.094355 22.829673 0.000000
vt 11.001825 22.515521 0.000000
vt 10.696600 21.554713 0.000000
vt 10.965794 21.722130 0.000000
vt 11.002071 21.844010 0.000000
vt 11.183177 21.866943 0.000000
vt 11.398213 22.016979 0.000000
vt 12.435486 22.852187 0.000000
vt 12.529428 23.001195 0.000000
vt 12.600850 22.792983 0.000000
vt 12.765996 22.732099 0.000000
vt 12.834899 22.710786 0.000000
vt 12.930902 22.669468 0.000000
vt 13.140370 22.711209 0.000000
vt 13.095551 22.605022 0.000000
vt 13.259923 22.538692 0.000000
vt 13.445842 22.711631 0.000000
vt 13.424000 22.470409 0.000000
vt 13.587764 22.400104 0.000000
vt 13.751313 22.327944 0.000000
vt 13.602193 22.841285 0.000000
vt 13.443187 23.357129 0.000000
vt 13.445842 23.290491 0.000000
vt 13.445842 23.001195 0.000000
vt 13.140370 23.001195 0.000000
vt 12.834899 23.001195 0.000000
vt 13.140370 23.290491 0.000000
vt 13.323776 23.800570 0.000000
vt 13.140370 23.579787 0.000000
vt 13.140370 23.869084 0.000000
vt 12.834899 23.869084 0.000000
vt 12.834899 24.158380 0.000000
vt 12.529428 24.158380 0.000000
vt 12.529428 24.447676 0.000000
vt 13.140370 24.158380 0.000000
vt 13.201826 24.225091 0.000000
vt 13.071021 24.637038 0.000000
vt 12.905567 25.025073 0.000000
vt 12.834899 24.736973 0.000000
vt 12.834899 24.447676 0.000000
vt 12.832125 25.473302 0.000000
vt 12.834899 25.315565 0.000000
vt 12.834899 25.025151 0.000000
vt 12.529428 24.736973 0.000000
vt 12.725737 25.905330 0.000000
vt 12.609493 26.325221 0.000000
vt 12.529428 23.869084 0.000000
vt 12.834899 23.579787 0.000000
vt 12.529428 23.579787 0.000000
vt 12.529428 23.290491 0.000000
vt 12.834899 23.290491 0.000000
vt 0.109118 -9.934176 0.000000
vt -0.502067 -10.014321 0.000000
vt 0.127738 -10.332252 0.000000
vt -0.517388 -10.337282 0.000000
vt 0.131167 -10.450749 0.000000
vt -0.513796 -10.514623 0.000000
vt 0.134908 -10.568935 0.000000
vt -0.510249 -10.692663 0.000000
vt 0.139037 -10.686722 0.000000
vt 0.143598 -10.804018 0.000000
vt -0.506745 -10.871283 0.000000
vt 0.148604 -10.920730 0.000000
vt -0.503286 -11.050362 0.000000
vt 0.154052 -11.036761 0.000000
vt 0.159939 -11.152012 0.000000
vt -0.499871 -11.229775 0.000000
vt 0.137829 -11.266277 0.000000
vt 0.115780 -11.391599 0.000000
vt -0.496500 -11.409397 0.000000
vt 0.113695 -11.516920 0.000000
vt -0.493174 -11.589103 0.000000
vt 0.111588 -11.642122 0.000000
vt -0.489893 -11.768765 0.000000
vt 0.109461 -11.767165 0.000000
vt -0.486930 -9.701209 0.000000
vt 0.088295 -9.577520 0.000000
vt -0.471993 -9.388091 0.000000
vt 0.067549 -9.220632 0.000000
vt -0.457271 -9.074967 0.000000
vt 0.046778 -8.863388 0.000000
vt -0.442845 -8.763143 0.000000
vt -0.438603 -8.684808 0.000000
vt 0.025880 -8.505661 0.000000
vt -0.433609 -8.594663 0.000000
vt -0.427873 -8.492063 0.000000
vt -0.421432 -8.377558 0.000000
vt 0.015352 -8.326586 0.000000
vt -0.414326 -8.251687 0.000000
vt 0.004764 -8.147586 0.000000
vt -0.406595 -8.114980 0.000000
vt -0.398278 -7.967955 0.000000
vt -0.016647 -7.790069 0.000000
vt -0.389415 -7.811116 0.000000
vt -0.380066 -7.645337 0.000000
vt -0.038490 -7.433087 0.000000
vt -0.370594 -7.477284 0.000000
vt -0.351657 -7.141295 0.000000
vt -0.060908 -7.076513 0.000000
vt -0.347067 -7.060411 0.000000
vt -0.342700 -6.983926 0.000000
vt -0.338589 -6.912040 0.000000
vt -0.084045 -6.720222 0.000000
vt -0.334766 -6.844957 0.000000
vt -0.331264 -6.782882 0.000000
vt -0.328115 -6.726021 0.000000
vt -0.325352 -6.674581 0.000000
vt -0.322144 -6.628982 0.000000
vt -0.108043 -6.364096 0.000000
vt -0.306721 -6.287572 0.000000
vt -0.133046 -6.008014 0.000000
vt -0.292390 -5.946421 0.000000
vt -0.159197 -5.651858 0.000000
vt -0.279133 -5.605263 0.000000
vt -0.186638 -5.295510 0.000000
vt -0.266967 -5.264099 0.000000
vt -0.215513 -4.938850 0.000000
vt -0.255906 -4.922929 0.000000
vt -0.230533 -4.760364 0.000000
vt -0.245965 -4.581755 0.000000
vt -0.322041 -19.625390 0.000000
vt -0.324381 -19.732771 0.000000
vt 0.326412 -19.735696 0.000000
vt -0.302629 -20.091903 0.000000
vt 0.308228 -20.065197 0.000000
vt 0.289959 -20.381496 0.000000
vt -0.282217 -20.433179 0.000000
vt 0.271644 -20.697789 0.000000
vt -0.263347 -20.769902 0.000000
vt -0.254416 -20.938468 0.000000
vt 0.253302 -21.014075 0.000000
vt -0.245715 -21.109053 0.000000
vt -0.237251 -21.281474 0.000000
vt 0.235167 -21.330366 0.000000
vt -0.229027 -21.455553 0.000000
vt -0.221049 -21.631115 0.000000
vt -0.213322 -21.807988 0.000000
vt -0.205849 -21.986005 0.000000
vt 0.197854 -21.862074 0.000000
vt -0.198615 -22.165000 0.000000
vt -0.191571 -22.344809 0.000000
vt 0.160215 -22.396802 0.000000
vt -0.184664 -22.525266 0.000000
vt -0.177842 -22.706207 0.000000
vt 0.122250 -22.931236 0.000000
vt -0.171055 -22.887467 0.000000
vt -0.164248 -23.068886 0.000000
vt -0.157363 -23.250314 0.000000
vt 0.083961 -23.462069 0.000000
vt -0.150301 -23.431616 0.000000
vt -0.142954 -23.612630 0.000000
vt 0.062746 -23.780044 0.000000
vt -0.135212 -23.793192 0.000000
vt -0.126967 -23.973134 0.000000
vt 0.042916 -24.098057 0.000000
vt -0.118111 -24.152291 0.000000
vt -0.108535 -24.330493 0.000000
vt 0.023830 -24.416062 0.000000
vt -0.098107 -24.507575 0.000000
vt 0.005508 -24.734060 0.000000
vt -0.086695 -24.683364 0.000000
vt -0.074177 -24.857685 0.000000
vt -0.012029 -25.052051 0.000000
vt -0.060431 -25.030359 0.000000
vt -0.045333 -25.201205 0.000000
vt -0.028762 -25.370037 0.000000
vt 0.326151 -19.533524 0.000000
vt -0.325019 -19.503098 0.000000
vt -0.328459 -19.381245 0.000000
vt 0.323996 -19.314695 0.000000
vt -0.332407 -19.259934 0.000000
vt 0.321143 -19.095898 0.000000
vt -0.336873 -19.139271 0.000000
vt -0.341854 -19.019367 0.000000
vt 0.291619 -18.878208 0.000000
vt -0.347345 -18.900336 0.000000
vt -0.322357 -18.782719 0.000000
vt 0.313215 -18.741318 0.000000
vt 0.311324 -18.601157 0.000000
vt 0.309410 -18.461181 0.000000
vt -0.297030 -18.550413 0.000000
vt -0.299574 -18.666680 0.000000
vt -0.294501 -18.434233 0.000000
vt 0.307474 -18.321450 0.000000
vt -0.291987 -18.318173 0.000000
vt -144.361529 0.820403 0.000000
vt -144.367966 0.923556 0.000000
vt -144.547883 0.822452 0.000000
vt -145.508628 0.823500 0.000000
vt -144.860506 0.940776 0.000000
vt -145.508628 0.929077 0.000000
vt -145.348820 1.064634 0.000000
vt -145.508628 0.943154 0.000000
vt -145.165787 -0.976422 0.000000
vt -145.508628 -1.076885 0.000000
vt -145.348820 -2.539059 0.000000
vt -145.168144 -0.866619 0.000000
vt -145.508628 -0.971308 0.000000
vt -145.158114 -0.759248 0.000000
vt -145.508628 -0.865731 0.000000
vt -145.135972 -0.644088 0.000000
vt -145.508628 -0.753116 0.000000
vt -145.307694 -0.491404 0.000000
vt -145.508628 -0.640500 0.000000
vt -145.393574 0.169962 0.000000
vt -145.508628 -0.485654 0.000000
vt -145.270181 0.660037 0.000000
vt -145.508628 0.302654 0.000000
vt -145.098269 0.769884 0.000000
vt -145.508628 0.661616 0.000000
vt -144.918728 0.806143 0.000000
vt -145.508628 0.774231 0.000000
vt -144.734655 0.819381 0.000000
vt -145.508628 0.809423 0.000000
vt -145.508628 0.816462 0.000000
vt -144.499671 0.986458 0.000000
vt -145.460720 0.977933 0.000000
vt -144.305798 0.974523 0.000000
vt -144.870037 1.002829 0.000000
vt -145.460720 0.992106 0.000000
vt -144.686207 0.989543 0.000000
vt -145.049337 1.039161 0.000000
vt -145.460720 1.006278 0.000000
vt -145.221228 1.149028 0.000000
vt -145.460720 1.041711 0.000000
vt -145.345262 1.637650 0.000000
vt -145.460720 1.155094 0.000000
vt -145.260781 -1.321560 0.000000
vt -145.460720 -1.984211 0.000000
vt -145.345262 -1.990622 0.000000
vt -145.088788 -1.148578 0.000000
vt -145.460720 -1.318083 0.000000
vt -145.117880 -0.831056 0.000000
vt -145.460720 -1.148008 0.000000
vt -145.300913 0.742243 0.000000
vt -145.460720 0.474793 0.000000
vt -144.812599 0.866944 0.000000
vt -145.460720 0.786598 0.000000
vt -144.320059 0.884281 0.000000
vt -145.460720 0.871636 0.000000
vt -144.320800 0.916320 0.000000
vt -145.460720 0.885808 0.000000
vt -144.318035 0.948302 0.000000
vt -145.460720 0.921241 0.000000
vt -145.460720 0.949587 0.000000
vt -145.460720 0.985019 0.000000
vt -0.196413 -5.392436 0.000000
vt -0.279628 -5.518508 0.000000
vt -0.190253 -5.518659 0.000000
vt -0.279595 -5.708231 0.000000
vt -0.189796 -5.701348 0.000000
vt -0.190554 -5.885451 0.000000
vt -0.279913 -5.894857 0.000000
vt -0.190951 -6.070638 0.000000
vt -0.280101 -6.079374 0.000000
vt -0.190986 -6.256597 0.000000
vt -0.280162 -6.261359 0.000000
vt -0.190655 -6.443017 0.000000
vt -0.280100 -6.443366 0.000000
vt -0.279912 -6.627902 0.000000
vt -0.203066 -5.267382 0.000000
vt -0.269737 -5.272370 0.000000
vt -0.274709 -5.396152 0.000000
vt -0.208843 -5.142899 0.000000
vt -0.264709 -5.147380 0.000000
vt -0.240721 -5.019668 0.000000
vt -0.189959 -6.629600 0.000000
vt -0.279594 -6.814543 0.000000
vt -0.188900 -6.816152 0.000000
vt -0.190259 -7.002602 0.000000
vt -0.280227 -7.006858 0.000000
vt -0.275077 -7.143129 0.000000
vt -0.269859 -7.281252 0.000000
vt -0.204528 -7.282918 0.000000
vt -0.197248 -7.143391 0.000000
vt -0.264573 -7.420926 0.000000
vt -0.210735 -7.422331 0.000000
vt -0.283832 -7.560988 0.000000
vt -0.177432 -6.818319 0.000000
vt -0.167416 -7.000501 0.000000
vt -0.078627 -6.993768 0.000000
vt -0.155590 -7.117414 0.000000
vt -0.077384 -7.107713 0.000000
vt -0.143169 -7.233022 0.000000
vt -0.076100 -7.222869 0.000000
vt -0.131520 -7.347681 0.000000
vt -0.074777 -7.339058 0.000000
vt -0.091994 -7.458946 0.000000
vt -0.088011 -6.807651 0.000000
vt -0.186124 -6.634575 0.000000
vt -0.097297 -6.621075 0.000000
vt -0.195058 -6.449685 0.000000
vt -0.106425 -6.436584 0.000000
vt -0.204195 -6.263960 0.000000
vt -0.115357 -6.254602 0.000000
vt -0.213501 -6.077711 0.000000
vt -0.124189 -6.072803 0.000000
vt -0.222940 -5.891242 0.000000
vt -0.133034 -5.888446 0.000000
vt -0.141849 -5.701952 0.000000
vt -0.232481 -5.704771 0.000000
vt -0.150439 -5.515700 0.000000
vt -0.239349 -5.517994 0.000000
vt -0.163895 -5.338614 0.000000
vt -0.237812 -5.340206 0.000000
vt -0.236388 -5.164554 0.000000
vt -0.177256 -5.159322 0.000000
vt -0.236338 -4.986907 0.000000
vt -0.190520 -4.978523 0.000000
vt -0.237647 -4.806493 0.000000
vt -0.203685 -4.796950 0.000000
vt -0.216752 -4.615356 0.000000
vt -0.240310 -4.623841 0.000000
vt -0.229721 -4.434497 0.000000
vt -0.244314 -4.439443 0.000000
vt -0.242592 -4.255108 0.000000
vt -0.249533 -4.253758 0.000000
vt -0.255368 -4.077888 0.000000
vt 9.656869 8.420000 0.000000
vt 9.566750 8.496241 0.000000
vt 5.854936 8.464746 0.000000
vt 9.423656 8.608229 0.000000
vt 5.892141 8.622705 0.000000
vt 9.276637 8.715416 0.000000
vt 5.787416 8.704584 0.000000
vt 5.682176 8.785516 0.000000
vt 9.125910 8.817687 0.000000
vt 5.576430 8.865487 0.000000
vt 8.971698 8.914948 0.000000
vt 5.470187 8.944485 0.000000
vt 8.814226 9.007120 0.000000
vt 5.363456 9.022501 0.000000
vt 8.653720 9.094136 0.000000
vt 5.256246 9.099524 0.000000
vt 8.490409 9.175950 0.000000
vt 5.148567 9.175549 0.000000
vt 8.324546 9.252587 0.000000
vt 5.040428 9.250568 0.000000
vt 8.156389 9.324100 0.000000
vt 4.931837 9.324579 0.000000
vt 7.986196 9.390547 0.000000
vt 4.822805 9.397578 0.000000
vt 7.814221 9.451989 0.000000
vt 4.713339 9.469564 0.000000
vt 7.640714 9.508491 0.000000
vt 4.603450 9.540537 0.000000
vt 7.465923 9.560119 0.000000
vt 7.290077 9.606972 0.000000
vt 4.493146 9.610497 0.000000
vt 7.113427 9.649201 0.000000
vt 4.382436 9.679446 0.000000
vt 6.936236 9.686958 0.000000
vt 6.758759 9.720389 0.000000
vt 4.271329 9.747389 0.000000
vt 6.581252 9.749635 0.000000
vt 6.403962 9.774833 0.000000
vt 6.227136 9.796116 0.000000
vt 6.051025 9.813656 0.000000
vt 4.511017 9.832417 0.000000
vt 5.875878 9.827655 0.000000
vt 5.701943 9.838305 0.000000
vt 5.529466 9.845789 0.000000
vt 4.852556 9.847298 0.000000
vt 5.358688 9.850281 0.000000
vt 5.189849 9.851945 0.000000
vt 4.149765 9.827906 0.000000
vt 5.815725 8.307566 0.000000
vt 9.527063 8.404911 0.000000
vt 9.361703 8.369967 0.000000
vt 9.189827 8.335077 0.000000
vt 9.011081 8.300240 0.000000
vt 8.825087 8.265458 0.000000
vt 8.631438 8.230731 0.000000
vt 5.774506 8.151221 0.000000
vt 8.429692 8.196059 0.000000
vt 7.993979 8.170331 0.000000
vt 8.219376 8.161444 0.000000
vt 7.836252 8.066661 0.000000
vt 5.731277 7.995768 0.000000
vt 7.659591 8.010562 0.000000
vt 7.475363 7.954604 0.000000
vt 7.283182 7.898787 0.000000
vt 5.686038 7.841261 0.000000
vt 7.082630 7.843113 0.000000
vt 6.873261 7.787585 0.000000
vt 6.654591 7.732204 0.000000
vt 5.638793 7.687751 0.000000
vt 6.435052 7.713950 0.000000
vt 6.220032 7.600853 0.000000
vt 5.589545 7.535287 0.000000
vt 5.998484 7.537565 0.000000
vt 5.766017 7.474447 0.000000
vt 5.540087 7.390898 0.000000
vt -1.940166 0.069467 0.000000
vt -2.837914 -1.670905 0.000000
vt -1.720855 -0.077604 0.000000
vt -1.501545 -0.224676 0.000000
vt -1.062923 -0.518819 0.000000
vt -0.624301 -0.812963 0.000000
vt -0.243301 -1.284429 0.000000
vt -0.404991 -0.960036 0.000000
vt -0.185680 -1.107108 0.000000
vt -2.590954 -1.764354 0.000000
vt -0.464683 -1.797926 0.000000
vt -0.382914 -1.630383 0.000000
vt -0.309023 -1.459039 0.000000
vt -2.343994 -1.857803 0.000000
vt -0.553925 -1.961084 0.000000
vt -1.850075 -2.044701 0.000000
vt -0.650237 -2.119271 0.000000
vt -1.356156 -2.231600 0.000000
vt -0.753208 -2.271903 0.000000
vt -1.109196 -2.325049 0.000000
vt -0.862236 -2.418499 0.000000
vt -2.930117 3604.655714 0.000000
vt -0.804248 3604.604586 0.000000
vt -3.176310 3604.751102 0.000000
vt -0.721032 3604.771421 0.000000
vt -0.645619 3604.942169 0.000000
vt -2.683925 3604.560326 0.000000
vt -0.894863 3604.442254 0.000000
vt -2.191540 3604.369549 0.000000
vt -0.992474 3604.285015 0.000000
vt -1.699155 3604.178772 0.000000
vt -1.096659 3604.133444 0.000000
vt -1.452963 3604.083384 0.000000
vt -1.206770 3603.987995 0.000000
vt -0.578345 3605.116287 0.000000
vt -0.955432 3605.591156 0.000000
vt -1.391902 3605.888883 0.000000
vt -0.518962 3605.293427 0.000000
vt -0.737197 3605.442292 0.000000
vt -1.828373 3606.186610 0.000000
vt -2.046608 3606.335473 0.000000
vt -2.264843 3606.484336 0.000000
vt -0.623284 0.106051 0.000000
vt -0.483471 -0.191558 0.000000
vt -0.372841 0.292546 0.000000
vt -0.344230 -0.489364 0.000000
vt -0.115115 0.471180 0.000000
vt 0.243990 -0.220217 0.000000
vt 0.148313 0.641311 0.000000
vt 0.459177 0.380567 0.000000
vt 0.417164 0.802755 0.000000
vt 0.566770 0.680958 0.000000
vt 0.680204 0.996720 0.000000
vt 0.089121 -0.652597 0.000000
vt -0.204989 -0.787171 0.000000
vt -0.065747 -1.084977 0.000000
vt 0.638888 8.902862 0.000000
vt 0.742374 8.982926 0.000000
vt 0.527638 8.824155 0.000000
vt 0.842270 9.062975 0.000000
vt 0.938560 9.143010 0.000000
vt 1.031231 9.223032 0.000000
vt 0.322560 9.235503 0.000000
vt 1.120269 9.303041 0.000000
vt 1.205662 9.383038 0.000000
vt 1.287398 9.463023 0.000000
vt 0.117781 9.648644 0.000000
vt 1.365464 9.542996 0.000000
vt 1.439851 9.622959 0.000000
vt 1.510546 9.702912 0.000000
vt 1.577540 9.782855 0.000000
vt 1.640824 9.862789 0.000000
vt -0.097871 10.083168 0.000000
vt 1.700388 9.942714 0.000000
vt 1.756225 10.022631 0.000000
vt 1.808317 10.102544 0.000000
vt 1.903073 10.347524 0.000000
vt 0.159973 10.463115 0.000000
vt 1.997934 10.594262 0.000000
vt 0.418072 10.845896 0.000000
vt 2.187981 11.090608 0.000000
vt 0.777122 11.378224 0.000000
vt 2.378459 11.586658 0.000000
vt 0.956832 11.642896 0.000000
vt 2.473860 11.833030 0.000000
vt 1.146194 11.918878 0.000000
vt 2.569366 12.077506 0.000000
vt 1.315638 11.966105 0.000000
vt 1.496609 12.007710 0.000000
vt 1.678049 12.040490 0.000000
vt 1.859079 12.064460 0.000000
vt 2.038780 12.079866 0.000000
vt 2.391832 12.086039 0.000000
vt 2.216229 12.086977 0.000000
vt -0.236367 -0.720059 0.000000
vt -0.211103 -0.774093 0.000000
vt 0.097548 -0.648613 0.000000
vt -0.174764 -0.851814 0.000000
vt -0.138425 -0.929535 0.000000
vt -0.102086 -1.007256 0.000000
vt -0.065748 -1.084977 0.000000
vt 0.260844 -0.212249 0.000000
vt -0.337424 -0.503920 0.000000
vt -0.312160 -0.557955 0.000000
vt -0.286896 -0.611989 0.000000
vt 0.482417 0.379844 0.000000
vt 0.154675 0.645274 0.000000
vt -0.111431 0.473553 0.000000
vt -0.387952 -0.395850 0.000000
vt -0.371732 0.293152 0.000000
vt -0.413217 -0.341816 0.000000
vt -0.438481 -0.287781 0.000000
vt -0.463745 -0.233746 0.000000
vt -0.489009 -0.179712 0.000000
vt -0.514273 -0.125677 0.000000
vt -0.539538 -0.071642 0.000000
vt -0.564802 -0.017607 0.000000
vt -0.590066 0.036427 0.000000
vt -0.615330 0.090462 0.000000
vt 0.426294 0.808129 0.000000
vt 0.593203 0.675890 0.000000
vt 0.703320 0.989599 0.000000
vt -0.362688 -0.449885 0.000000
vt -0.261631 -0.666024 0.000000
vt 1.764647 -11.919066 0.000000
vt 1.816541 -11.839489 0.000000
vt -0.089669 -11.857510 0.000000
vt 1.911423 -11.594684 0.000000
vt 0.177590 -11.476059 0.000000
vt 2.006404 -11.348083 0.000000
vt 0.445089 -11.091689 0.000000
vt 2.196666 -10.851939 0.000000
vt 0.808437 -10.569650 0.000000
vt 2.387330 -10.356062 0.000000
vt 0.990277 -10.310055 0.000000
vt 2.482811 -10.109791 0.000000
vt 1.176035 -10.035151 0.000000
vt 2.578391 -9.865441 0.000000
vt 1.367735 -9.964036 0.000000
vt 1.582230 -9.916453 0.000000
vt 2.018876 -9.884140 0.000000
vt 1.798850 -9.880435 0.000000
vt 2.437622 -9.857934 0.000000
vt 2.158383 -9.857365 0.000000
vt 2.297923 -9.855139 0.000000
vt 0.152591 -12.346936 0.000000
vt 1.586702 -12.157837 0.000000
vt 1.649720 -12.078239 0.000000
vt 1.709038 -11.998649 0.000000
vt 0.341020 -12.728014 0.000000
vt 1.297821 -12.476320 0.000000
vt 1.375543 -12.396685 0.000000
vt 1.449604 -12.317060 0.000000
vt 0.526971 -13.099750 0.000000
vt 0.950556 -12.794969 0.000000
vt 1.042804 -12.715290 0.000000
vt 1.131440 -12.635622 0.000000
vt 0.652268 -13.034083 0.000000
vt 0.755274 -12.954365 0.000000
vt 0.854708 -12.874661 0.000000
vt 1.216449 -12.555966 0.000000
vt 1.519994 -12.237444 0.000000
vt -0.911623 -0.950329 0.000000
vt -0.883905 -0.935814 0.000000
vt -0.900081 -0.925559 0.000000
vt -0.737156 -0.625617 0.000000
vt 0.702368 0.206449 0.000000
vt -0.563609 -0.331653 0.000000
vt -0.379658 -0.044041 0.000000
vt -0.185536 0.236857 0.000000
vt 0.643395 0.278074 0.000000
vt 0.584688 0.349377 0.000000
vt 0.467274 0.491982 0.000000
vt 0.018511 0.510684 0.000000
vt 0.232495 0.777215 0.000000
vt 1.758082 -10.001039 0.000000
vt -0.096088 -10.061873 0.000000
vt 1.810111 -10.080953 0.000000
vt 0.055367 -10.284949 0.000000
vt 0.206821 -10.508026 0.000000
vt -0.017913 -9.904441 0.000000
vt 1.702305 -9.921118 0.000000
vt 1.642786 -9.841189 0.000000
vt 0.060261 -9.747009 0.000000
vt 1.579535 -9.761252 0.000000
vt 1.512560 -9.681306 0.000000
vt 0.138435 -9.589576 0.000000
vt 1.441870 -9.601351 0.000000
vt 1.367477 -9.521385 0.000000
vt 0.216610 -9.432144 0.000000
vt 1.289390 -9.441409 0.000000
vt 1.207620 -9.361421 0.000000
vt 0.294784 -9.274711 0.000000
vt 1.122181 -9.281422 0.000000
vt 1.033083 -9.201411 0.000000
vt 0.372959 -9.117279 0.000000
vt 0.940339 -9.121387 0.000000
vt 0.843963 -9.041350 0.000000
vt 0.451134 -8.959847 0.000000
vt 0.743969 -8.961299 0.000000
vt 0.640371 -8.881234 0.000000
vt 0.529095 -8.802274 0.000000
vt 0.358276 -10.731104 0.000000
vt 1.999709 -10.572418 0.000000
vt 1.904857 -10.325803 0.000000
vt 0.509730 -10.954183 0.000000
vt 2.189730 -11.068533 0.000000
vt 0.661185 -11.177261 0.000000
vt 0.812640 -11.400338 0.000000
vt 2.380176 -11.564363 0.000000
vt 0.964095 -11.623412 0.000000
vt 2.475557 -11.810625 0.000000
vt 1.146056 -11.896463 0.000000
vt 1.260623 -11.929247 0.000000
vt 1.375791 -11.958556 0.000000
vt 1.491401 -11.984280 0.000000
vt 2.072573 -12.026821 0.000000
vt 1.607268 -12.006385 0.000000
vt 1.723198 -12.024892 0.000000
vt 1.838990 -12.039852 0.000000
vt 1.954443 -12.051317 0.000000
vt 2.571043 -12.054988 0.000000
vt 2.195033 -12.064247 0.000000
vt 2.444858 -12.061949 0.000000
vt 2.319656 -12.065108 0.000000
vt -0.139464 -0.241916 0.000000
vt -0.267671 0.189933 0.000000
vt -0.535584 -0.293382 0.000000
vt -0.456984 0.218605 0.000000
vt -0.492473 0.223980 0.000000
vt -0.078358 0.161260 0.000000
vt 0.254986 -0.161601 0.000000
vt 0.300268 0.103915 0.000000
vt 0.489581 0.075243 0.000000
vt 0.654179 -0.084012 0.000000
vt 0.678894 0.046571 0.000000
vt 0.868207 0.017898 0.000000
vt 0.962863 0.003562 0.000000
vt 1.010191 -0.003606 0.000000
vt 1.066081 -0.011116 0.000000
vt -0.527962 0.229355 0.000000
vt -0.528252 0.230001 0.000000
vt -0.531747 -0.314822 0.000000
vt -0.428864 0.213776 0.000000
vt -0.329476 0.197552 0.000000
vt -0.230088 0.181328 0.000000
vt -0.130699 0.165104 0.000000
vt -0.165333 -0.297290 0.000000
vt 0.022788 -0.260014 0.000000
vt -0.346343 -0.332231 0.000000
vt 0.218396 -0.220298 0.000000
vt 0.068077 0.132655 0.000000
vt -0.031311 0.148879 0.000000
vt 0.421890 -0.178025 0.000000
vt 0.266854 0.100206 0.000000
vt 0.167465 0.116431 0.000000
vt 0.633704 -0.133074 0.000000
vt 0.465630 0.067758 0.000000
vt 0.366242 0.083982 0.000000
vt 0.854302 -0.085309 0.000000
vt 0.763795 0.019085 0.000000
vt 0.664407 0.035309 0.000000
vt 0.565018 0.051534 0.000000
vt 1.058571 -0.001400 0.000000
vt 0.962571 -0.013364 0.000000
vt 0.863183 0.002861 0.000000
vt -0.885704 -0.902773 0.000000
vt -0.766050 -0.850776 0.000000
vt -0.836592 -0.805260 0.000000
vt -0.680854 -0.527532 0.000000
vt 0.702508 0.206448 0.000000
vt -0.515938 -0.255102 0.000000
vt -0.342028 0.011729 0.000000
vt -0.159315 0.272666 0.000000
vt 0.644332 0.277104 0.000000
vt 0.586336 0.347543 0.000000
vt 0.528339 0.417982 0.000000
vt 0.031999 0.527420 0.000000
vt 0.470342 0.488420 0.000000
vt 0.412345 0.558859 0.000000
vt 0.354349 0.629298 0.000000
vt 0.296352 0.699737 0.000000
vt 0.238355 0.770176 0.000000
vt 4.609307 -6.355639 0.000000
vt 2.492656 -6.406738 0.000000
vt 4.603193 -6.455363 0.000000
vt 2.473805 -6.458130 0.000000
vt 3.006152 -6.457528 0.000000
vt 4.614649 -6.255409 0.000000
vt 2.529617 -6.302956 0.000000
vt 2.511261 -6.355007 0.000000
vt 4.619213 -6.154817 0.000000
vt 2.565574 -6.197960 0.000000
vt 2.547722 -6.250600 0.000000
vt 4.622995 -6.054010 0.000000
vt 2.600511 -6.091903 0.000000
vt 2.583171 -6.145055 0.000000
vt 4.625995 -5.953139 0.000000
vt 2.634414 -5.984945 0.000000
vt 2.617592 -6.038526 0.000000
vt 4.628212 -5.852353 0.000000
vt 2.667271 -5.877255 0.000000
vt 2.650974 -5.931180 0.000000
vt 4.629648 -5.751801 0.000000
vt 2.699072 -5.769010 0.000000
vt 2.683304 -5.823191 0.000000
vt 4.630308 -5.651324 0.000000
vt 2.729811 -5.660394 0.000000
vt 2.714574 -5.714737 0.000000
vt 2.744780 -5.606004 0.000000
vt 4.564727 -5.568223 0.000000
vt 2.765844 -5.527738 0.000000
vt 4.498613 -5.485652 0.000000
vt 2.786355 -5.449495 0.000000
vt 4.431973 -5.403686 0.000000
vt 2.806315 -5.371345 0.000000
vt 4.364812 -5.322399 0.000000
vt 2.825724 -5.293356 0.000000
vt 4.297137 -5.241861 0.000000
vt 2.867349 -5.244100 0.000000
vt 2.908754 -5.194388 0.000000
vt 4.228956 -5.162136 0.000000
vt 2.949935 -5.144232 0.000000
vt 2.990890 -5.093645 0.000000
vt 4.160277 -5.083284 0.000000
vt 3.031616 -5.042642 0.000000
vt 4.091108 -5.005364 0.000000
vt 3.072110 -4.991235 0.000000
vt 3.112369 -4.939441 0.000000
vt 4.021458 -4.928424 0.000000
vt 3.152391 -4.887276 0.000000
vt 3.951336 -4.852514 0.000000
vt 3.880752 -4.777675 0.000000
vt 3.809716 -4.703944 0.000000
vt 3.271010 -4.728727 0.000000
vt 3.231714 -4.781900 0.000000
vt 3.192174 -4.834756 0.000000
vt 3.310060 -4.675254 0.000000
vt 3.738239 -4.631355 0.000000
vt 3.348861 -4.621503 0.000000
vt 3.387412 -4.567495 0.000000
vt 3.666330 -4.559936 0.000000
vt 3.425710 -4.513249 0.000000
vt 3.594001 -4.489711 0.000000
vt 3.507837 -4.445505 0.000000
vt 3.538499 -6.456872 0.000000
vt 4.070846 -6.456153 0.000000
vt 0.514012 13.277881 0.000000
vt 0.439805 13.128945 0.000000
vt 0.638841 13.211210 0.000000
vt 0.741747 13.131406 0.000000
vt 0.841083 13.051617 0.000000
vt 0.362069 12.972797 0.000000
vt 0.936833 12.971842 0.000000
vt 1.028986 12.892081 0.000000
vt 0.284332 12.816648 0.000000
vt 1.117527 12.812334 0.000000
vt 1.202445 12.732599 0.000000
vt 0.206596 12.660500 0.000000
vt 1.283727 12.652877 0.000000
vt 1.361363 12.573167 0.000000
vt 0.128860 12.504351 0.000000
vt 1.435340 12.493467 0.000000
vt 1.505648 12.413779 0.000000
vt 0.051124 12.348202 0.000000
vt 1.572279 12.334101 0.000000
vt 1.635222 12.254432 0.000000
vt -0.026612 12.192053 0.000000
vt 1.694468 12.174772 0.000000
vt 1.750009 12.095121 0.000000
vt -0.104348 12.035905 0.000000
vt 1.801838 12.015476 0.000000
vt -0.025775 11.923785 0.000000
vt 1.896407 11.770578 0.000000
vt 0.052822 11.811297 0.000000
vt 0.131442 11.698498 0.000000
vt 0.210086 11.585443 0.000000
vt 1.991089 11.523953 0.000000
vt 0.288753 11.472189 0.000000
vt 0.367444 11.358795 0.000000
vt 0.446159 11.245318 0.000000
vt 0.524898 11.131817 0.000000
vt 2.180793 11.027891 0.000000
vt 0.603661 11.018351 0.000000
vt 0.682447 10.904977 0.000000
vt 0.761257 10.791755 0.000000
vt 2.370952 10.532137 0.000000
vt 0.840090 10.678742 0.000000
vt 0.918947 10.565995 0.000000
vt 0.997828 10.453571 0.000000
vt 1.076732 10.341523 0.000000
vt 2.466201 10.285893 0.000000
vt 1.159757 10.211309 0.000000
vt 1.259542 10.165057 0.000000
vt 1.378862 10.135022 0.000000
vt 1.498635 10.108847 0.000000
vt 1.618655 10.086564 0.000000
vt 1.738700 10.068138 0.000000
vt 2.099924 10.070678 0.000000
vt 2.561562 10.041520 0.000000
vt 2.212766 10.031808 0.000000
vt 2.444248 10.034972 0.000000
vt 2.328021 10.031670 0.000000
vt 1.858544 10.053508 0.000000
vt 1.977961 10.042612 0.000000
vt 0.626200 -0.343860 0.000000
vt 0.322800 0.000642 0.000000
vt 0.150836 -0.368134 0.000000
vt -0.317592 -0.129158 0.000000
vt -0.320425 -0.268764 0.000000
vt -0.311924 0.150055 0.000000
vt 0.019399 0.345144 0.000000
vt -0.306257 0.429269 0.000000
vt -0.303423 0.568875 0.000000
vt -0.300590 0.708482 0.000000
vt -0.321842 -0.338568 0.000000
vt -0.334803 -0.407818 0.000000
vt -0.300280 0.709149 0.000000
vt -0.301089 0.642180 0.000000
vt 0.059603 0.299924 0.000000
vt -0.301898 0.575210 0.000000
vt -0.302707 0.508240 0.000000
vt -0.303517 0.441271 0.000000
vt -0.304326 0.374301 0.000000
vt -0.305135 0.307331 0.000000
vt -0.305944 0.240361 0.000000
vt -0.306753 0.173392 0.000000
vt -0.307563 0.106422 0.000000
vt -0.308372 0.039452 0.000000
vt -0.309181 -0.027517 0.000000
vt -0.309990 -0.094487 0.000000
vt -0.310800 -0.161457 0.000000
vt -0.097826 -0.411376 0.000000
vt 0.130865 -0.375897 0.000000
vt 0.339114 -0.017911 0.000000
vt 0.369920 -0.337381 0.000000
vt 0.614001 -0.328829 0.000000
vt -0.311609 -0.228427 0.000000
vt -0.312418 -0.295396 0.000000
vt -0.342922 -0.397645 0.000000
vt -1.010222 -0.619586 0.000000
vt -0.629268 -0.456117 0.000000
vt 0.534697 0.578015 0.000000
vt -0.241932 -0.292051 0.000000
vt 0.151349 -0.129684 0.000000
vt 0.540297 0.055253 0.000000
vt 0.047153 4.354341 0.000000
vt 0.014416 4.264673 0.000000
vt 0.880877 -7.184660 0.000000
vt -0.022105 4.174220 0.000000
vt -0.062396 4.082993 0.000000
vt -0.106451 3.991006 0.000000
vt -0.154265 3.898270 0.000000
vt -0.205830 3.804800 0.000000
vt -0.261138 3.710608 0.000000
vt -0.320183 3.615709 0.000000
vt -0.382955 3.520116 0.000000
vt -0.449446 3.423842 0.000000
vt -0.519646 3.326901 0.000000
vt -0.593545 3.229307 0.000000
vt -0.671133 3.131074 0.000000
vt -0.752398 3.032216 0.000000
vt -0.837329 2.932747 0.000000
vt -0.930160 2.833059 0.000000
vt 0.929912 2.833094 0.000000
vt 0.836756 2.932721 0.000000
vt -0.879540 -7.184911 0.000000
vt 0.751727 3.032223 0.000000
vt 0.670375 3.131112 0.000000
vt 0.592714 3.229373 0.000000
vt 0.518754 3.326992 0.000000
vt 0.448506 3.423954 0.000000
vt 0.381979 3.520247 0.000000
vt 0.319183 3.615856 0.000000
vt 0.260128 3.710768 0.000000
vt 0.204821 3.804968 0.000000
vt 0.153271 3.898444 0.000000
vt 0.105485 3.991182 0.000000
vt 0.061469 4.083169 0.000000
vt 0.021231 4.174392 0.000000
vt -0.015224 4.264837 0.000000
vt -0.047891 4.354493 0.000000
vt -0.000001 -7.685048 0.000000
vt 0.979138 3.842523 0.000000
vt -0.979147 3.842524 0.000000
vt 0.942425 2.848430 0.000000
vt 0.832656 2.938019 0.000000
vt -0.881373 -7.184610 0.000000
vt 0.748240 3.037113 0.000000
vt 0.667467 3.135597 0.000000
vt 0.590349 3.233459 0.000000
vt 0.516897 3.330684 0.000000
vt 0.447121 3.427260 0.000000
vt 0.381030 3.523171 0.000000
vt 0.318635 3.618406 0.000000
vt 0.259944 3.712949 0.000000
vt 0.204966 3.806789 0.000000
vt 0.153707 3.899911 0.000000
vt 0.106175 3.992303 0.000000
vt 0.062378 4.083951 0.000000
vt 0.022320 4.174844 0.000000
vt -0.013992 4.264967 0.000000
vt -0.046553 4.354310 0.000000
vt -0.894372 -0.531916 0.000000
vt -0.736061 -0.476263 0.000000
vt 0.533510 0.579631 0.000000
vt -0.571742 -0.418139 0.000000
vt -0.401087 -0.357416 0.000000
vt -0.223743 -0.293952 0.000000
vt -0.039331 -0.227598 0.000000
vt 0.152557 -0.158191 0.000000
vt 0.352364 -0.085555 0.000000
vt 0.544595 0.034912 0.000000
vt -0.979138 3.842608 0.000000
vt 0.000001 -7.685218 0.000000
vt 0.979139 3.842608 0.000000
vt 0.048507 4.354523 0.000000
vt 0.015916 4.265222 0.000000
vt 0.879039 -7.184962 0.000000
vt -0.020431 4.175140 0.000000
vt -0.060528 4.084286 0.000000
vt -0.104370 3.992674 0.000000
vt -0.151951 3.900318 0.000000
vt -0.203263 3.807230 0.000000
vt -0.258300 3.713423 0.000000
vt -0.317053 3.618912 0.000000
vt -0.379515 3.523710 0.000000
vt -0.445675 3.427830 0.000000
vt -0.515525 3.331285 0.000000
vt -0.589055 3.234091 0.000000
vt -0.666253 3.136261 0.000000
vt -0.747110 3.037808 0.000000
vt -0.831613 2.938747 0.000000
vt -0.940686 2.848816 0.000000
vt 1.355838 -0.050974 0.000000
vt 1.296631 0.000969 0.000000
vt 1.089905 -0.245109 0.000000
vt 1.028146 -0.250124 0.000000
vt 0.823568 -0.438772 0.000000
vt 0.859697 -0.250124 0.000000
vt 0.635098 -0.250124 0.000000
vt 0.635098 0.025077 0.000000
vt 0.466648 0.025077 0.000000
vt 0.466648 0.190198 0.000000
vt 0.354349 0.190198 0.000000
vt 0.354349 0.300279 0.000000
vt 0.319255 0.300279 0.000000
vt 0.319255 0.410360 0.000000
vt 0.284162 0.410360 0.000000
vt 0.284162 0.479160 0.000000
vt 0.157825 0.479160 0.000000
vt 0.157825 0.534201 0.000000
vt 0.045525 0.534201 0.000000
vt 0.045525 0.561721 0.000000
vt -0.066774 0.561721 0.000000
vt -0.066774 0.589241 0.000000
vt -0.150999 0.589241 0.000000
vt -0.150999 0.616761 0.000000
vt -0.291373 0.616761 0.000000
vt -0.291373 0.644281 0.000000
vt -0.431748 0.644281 0.000000
vt -0.431748 0.699322 0.000000
vt -0.572122 0.699322 0.000000
vt -0.572122 0.823162 0.000000
vt -0.656346 0.823162 0.000000
vt -0.637839 0.888310 0.000000
vt -0.754804 0.746484 0.000000
vt 1.028146 0.025077 0.000000
vt 1.227648 0.059791 0.000000
vt 1.148441 0.125931 0.000000
vt 1.028146 0.190198 0.000000
vt 1.059186 0.198721 0.000000
vt 0.960049 0.277481 0.000000
vt 0.851198 0.361529 0.000000
vt 0.859697 0.300279 0.000000
vt 0.859697 0.190198 0.000000
vt 0.635098 0.300279 0.000000
vt 0.732800 0.450186 0.000000
vt 0.635098 0.410360 0.000000
vt 0.635098 0.479160 0.000000
vt 0.466648 0.479160 0.000000
vt 0.605023 0.542774 0.000000
vt 0.466648 0.534201 0.000000
vt 0.466648 0.561721 0.000000
vt 0.354349 0.561721 0.000000
vt 0.354349 0.589241 0.000000
vt 0.319255 0.589241 0.000000
vt 0.319255 0.616761 0.000000
vt 0.284162 0.616761 0.000000
vt 0.284162 0.644281 0.000000
vt 0.157825 0.644281 0.000000
vt 0.157825 0.699322 0.000000
vt 0.045525 0.699322 0.000000
vt 0.045525 0.823162 0.000000
vt -0.066774 0.823162 0.000000
vt 0.042936 0.914532 0.000000
vt -0.026660 0.956766 0.000000
vt 0.468350 0.638396 0.000000
vt 0.466648 0.589241 0.000000
vt 0.354349 0.616761 0.000000
vt 0.319255 0.644281 0.000000
vt 0.284162 0.699322 0.000000
vt 0.157825 0.823162 0.000000
vt 0.328138 0.732927 0.000000
vt 0.354349 0.699322 0.000000
vt 0.354349 0.644281 0.000000
vt 0.466648 0.616761 0.000000
vt 0.319255 0.699322 0.000000
vt -0.092797 0.996170 0.000000
vt -0.150999 0.823162 0.000000
vt -0.066774 0.699322 0.000000
vt -0.150999 0.699322 0.000000
vt -0.066774 0.644281 0.000000
vt -0.150999 0.644281 0.000000
vt -0.066774 0.616761 0.000000
vt -0.155246 1.032723 0.000000
vt -0.291373 0.823162 0.000000
vt -0.291373 0.699322 0.000000
vt -0.213770 1.066408 0.000000
vt -0.268129 1.097217 0.000000
vt -0.318095 1.125125 0.000000
vt -0.363446 1.150103 0.000000
vt -0.431748 0.823162 0.000000
vt -0.403815 1.172008 0.000000
vt -0.813306 0.675567 0.000000
vt -0.768646 0.699322 0.000000
vt -0.656346 0.699322 0.000000
vt -0.872033 0.604331 0.000000
vt -0.846186 0.616761 0.000000
vt -0.820339 0.644281 0.000000
vt -0.768646 0.644281 0.000000
vt -0.768646 0.616761 0.000000
vt -0.656346 0.616761 0.000000
vt -0.656346 0.589241 0.000000
vt -0.572122 0.589241 0.000000
vt -0.572122 0.561721 0.000000
vt -0.431748 0.561721 0.000000
vt -0.431748 0.534201 0.000000
vt -0.291373 0.534201 0.000000
vt -0.291373 0.479160 0.000000
vt -0.150999 0.479160 0.000000
vt -0.150999 0.410360 0.000000
vt -0.066774 0.410360 0.000000
vt -0.066774 0.300279 0.000000
vt 0.045525 0.300279 0.000000
vt 0.045525 0.190198 0.000000
vt 0.157825 0.190198 0.000000
vt 0.157825 0.025077 0.000000
vt 0.284162 0.025077 0.000000
vt 0.284162 -0.250124 0.000000
vt 0.319255 -0.250124 0.000000
vt 0.319255 -0.580366 0.000000
vt 0.354349 -0.580366 0.000000
vt 0.354349 -0.704207 0.000000
vt 0.466648 -0.580366 0.000000
vt 0.557297 -0.632394 0.000000
vt -0.846186 0.589241 0.000000
vt -0.870700 0.568537 0.000000
vt -0.846186 0.561721 0.000000
vt -0.869211 0.532881 0.000000
vt -0.846186 0.534201 0.000000
vt -0.846186 0.479160 0.000000
vt -0.820339 0.479160 0.000000
vt -0.820339 0.410360 0.000000
vt -0.768646 0.410360 0.000000
vt -0.768646 0.300279 0.000000
vt -0.656346 0.300279 0.000000
vt -0.656346 0.190198 0.000000
vt -0.572122 0.190198 0.000000
vt -0.572122 0.025077 0.000000
vt -0.431748 0.025077 0.000000
vt -0.431748 -0.250124 0.000000
vt -0.291373 -0.250124 0.000000
vt -0.291373 -0.580366 0.000000
vt -0.150999 -0.580366 0.000000
vt -0.150999 -0.704207 0.000000
vt -0.066774 -0.704207 0.000000
vt -0.066774 -0.786768 0.000000
vt 0.045525 -0.786768 0.000000
vt 0.045525 -0.855568 0.000000
vt 0.153847 -0.849284 0.000000
vt 0.016660 -0.872506 0.000000
vt -0.066774 -0.855568 0.000000
vt -0.257689 -0.918988 0.000000
vt -0.150999 -0.855568 0.000000
vt -0.291373 -0.855568 0.000000
vt -0.291373 -0.786768 0.000000
vt -0.431748 -0.786768 0.000000
vt -0.431748 -0.704207 0.000000
vt -0.572122 -0.704207 0.000000
vt -0.572122 -0.580366 0.000000
vt -0.656346 -0.580366 0.000000
vt -0.656346 -0.250124 0.000000
vt -0.768646 -0.250124 0.000000
vt -0.768646 0.025077 0.000000
vt -0.820339 0.025077 0.000000
vt -0.820339 0.190198 0.000000
vt -0.846186 0.190198 0.000000
vt -0.846186 0.300279 0.000000
vt -0.861747 0.342254 0.000000
vt -0.846186 0.410360 0.000000
vt -0.854266 0.151638 0.000000
vt -0.846186 0.025077 0.000000
vt -0.820339 -0.250124 0.000000
vt -0.768646 -0.580366 0.000000
vt -0.656346 -0.704207 0.000000
vt -0.572122 -0.786768 0.000000
vt -0.431748 -0.855568 0.000000
vt -0.431748 -0.924607 0.000000
vt -0.532034 -0.965471 0.000000
vt -0.572122 -0.924519 0.000000
vt -0.669209 -0.988707 0.000000
vt -0.656346 -0.924466 0.000000
vt -0.768646 -0.924396 0.000000
vt -0.656346 -0.855568 0.000000
vt -0.768646 -0.855568 0.000000
vt -0.768646 -0.786768 0.000000
vt -0.816862 -0.801440 0.000000
vt -0.768646 -0.704207 0.000000
vt -0.820339 -0.580366 0.000000
vt -0.839304 -0.229593 0.000000
vt -0.831823 -0.420209 0.000000
vt -0.824344 -0.610826 0.000000
vt -0.813125 -0.896750 0.000000
vt -0.811244 -0.944397 0.000000
vt -0.737796 -1.000331 0.000000
vt -0.808147 -1.000531 0.000000
vt 0.157825 -0.786768 0.000000
vt 0.291005 -0.826023 0.000000
vt 0.284162 -0.786768 0.000000
vt 0.319255 -0.786768 0.000000
vt 0.284162 -0.704207 0.000000
vt 0.319255 -0.704207 0.000000
vt 0.284162 -0.580366 0.000000
vt -0.572122 -0.250124 0.000000
vt -0.656346 0.025077 0.000000
vt -0.431748 -0.580366 0.000000
vt -0.291373 -0.704207 0.000000
vt -0.150999 -0.786768 0.000000
vt -0.150999 -0.250124 0.000000
vt -0.291373 0.025077 0.000000
vt -0.150999 0.025077 0.000000
vt -0.291373 0.190198 0.000000
vt -0.150999 0.190198 0.000000
vt -0.291373 0.300279 0.000000
vt -0.150999 0.300279 0.000000
vt -0.291373 0.410360 0.000000
vt -0.066774 -0.250124 0.000000
vt -0.066774 0.025077 0.000000
vt -0.066774 0.190198 0.000000
vt -0.066774 -0.580366 0.000000
vt 0.045525 -0.580366 0.000000
vt 0.045525 -0.250124 0.000000
vt 0.157825 -0.580366 0.000000
vt 0.157825 -0.250124 0.000000
vt 0.045525 0.025077 0.000000
vt 0.354349 -0.250124 0.000000
vt 0.319255 0.025077 0.000000
vt 0.354349 0.025077 0.000000
vt 0.319255 0.190198 0.000000
vt 0.466648 -0.250124 0.000000
vt 0.859697 0.025077 0.000000
vt 0.635098 0.190198 0.000000
vt 0.466648 0.300279 0.000000
vt 0.354349 0.410360 0.000000
vt 0.319255 0.479160 0.000000
vt 0.284162 0.534201 0.000000
vt 0.157825 0.561721 0.000000
vt 0.045525 0.589241 0.000000
vt 0.284162 0.190198 0.000000
vt 0.157825 0.300279 0.000000
vt 0.045525 0.410360 0.000000
vt -0.066774 0.479160 0.000000
vt -0.150999 0.534201 0.000000
vt -0.291373 0.561721 0.000000
vt -0.431748 0.589241 0.000000
vt -0.572122 0.616761 0.000000
vt -0.656346 0.644281 0.000000
vt -0.431748 0.190198 0.000000
vt -0.572122 0.300279 0.000000
vt -0.656346 0.410360 0.000000
vt -0.768646 0.479160 0.000000
vt -0.820339 0.534201 0.000000
vt -0.768646 0.190198 0.000000
vt -0.820339 0.300279 0.000000
vt 0.284162 0.300279 0.000000
vt -0.431748 0.300279 0.000000
vt -0.431748 0.410360 0.000000
vt -0.431748 0.479160 0.000000
vt 0.466648 0.410360 0.000000
vt 0.354349 0.479160 0.000000
vt 0.319255 0.534201 0.000000
vt 0.284162 0.561721 0.000000
vt 0.157825 0.589241 0.000000
vt 0.045525 0.616761 0.000000
vt 0.157825 0.410360 0.000000
vt 0.045525 0.479160 0.000000
vt -0.066774 0.534201 0.000000
vt -0.150999 0.561721 0.000000
vt -0.291373 0.589241 0.000000
vt -0.431748 0.616761 0.000000
vt -0.572122 0.644281 0.000000
vt -0.572122 0.410360 0.000000
vt -0.656346 0.479160 0.000000
vt -0.768646 0.534201 0.000000
vt -0.820339 0.561721 0.000000
vt 0.354349 0.534201 0.000000
vt 0.319255 0.561721 0.000000
vt 0.284162 0.589241 0.000000
vt 0.157825 0.616761 0.000000
vt 0.045525 0.644281 0.000000
vt -0.572122 0.479160 0.000000
vt -0.572122 0.534201 0.000000
vt -0.656346 0.534201 0.000000
vt -0.768646 0.561721 0.000000
vt -0.820339 0.589241 0.000000
vt -0.656346 0.561721 0.000000
vt -0.768646 0.589241 0.000000
vt -0.820339 0.616761 0.000000
vt 0.045525 -0.704207 0.000000
vt 0.157825 -0.704207 0.000000
vt -0.656346 -0.786768 0.000000
vt -0.572122 -0.855568 0.000000
vt -0.289425 -0.208660 0.000000
vt -0.096476 -0.207720 0.000000
vt -0.289425 0.208474 0.000000
vt 0.096476 -0.207708 0.000000
vt 0.289425 0.208474 0.000000
vt 0.289425 -0.208624 0.000000
vt -0.289424 -0.208660 0.000000
vt -0.096476 -0.207720 0.000000
vt -0.289424 0.208473 0.000000
vt 0.096475 -0.207709 0.000000
vt 0.289424 0.208473 0.000000
vt 0.289424 -0.208625 0.000000
vt 0.289424 -0.208472 0.000000
vt 0.000125 0.210738 0.000000
vt -0.289424 -0.208472 0.000000
vt -0.142728 0.210160 0.000000
vt -0.289424 0.208432 0.000000
vt 0.289424 0.208508 0.000000
vt 0.142918 0.210197 0.000000
vt -0.289424 -0.208660 0.000000
vt -0.096476 -0.207720 0.000000
vt -0.289424 0.208474 0.000000
vt 0.096475 -0.207708 0.000000
vt 0.289424 0.208474 0.000000
vt 0.289424 -0.208624 0.000000
vt -0.289424 0.208474 0.000000
vt -0.096475 -0.207708 0.000000
vt 0.289424 0.208474 0.000000
vt 0.096476 -0.207720 0.000000
vt 0.289424 -0.208660 0.000000
vt -0.289424 -0.208624 0.000000
vt -0.289424 -0.208660 0.000000
vt -0.096476 -0.207720 0.000000
vt -0.289424 0.208473 0.000000
vt 0.096475 -0.207709 0.000000
vt 0.289424 0.208473 0.000000
vt 0.289424 -0.208625 0.000000
vt -0.289424 -0.208660 0.000000
vt -0.096475 -0.207720 0.000000
vt -0.289425 0.208473 0.000000
vt 0.096476 -0.207709 0.000000
vt 0.289424 0.208473 0.000000
vt 0.289425 -0.208625 0.000000
vt -0.289425 0.208474 0.000000
vt -0.096476 -0.207708 0.000000
vt 0.289425 0.208474 0.000000
vt 0.096476 -0.207720 0.000000
vt 0.289424 -0.208660 0.000000
vt -0.289424 -0.208624 0.000000
vt -0.289425 0.208474 0.000000
vt -0.096476 -0.207708 0.000000
vt 0.289425 0.208474 0.000000
vt 0.096476 -0.207720 0.000000
vt 0.289425 -0.208660 0.000000
vt -0.289425 -0.208624 0.000000
vt -0.289424 0.208473 0.000000
vt -0.096475 -0.207709 0.000000
vt 0.289424 0.208473 0.000000
vt 0.096476 -0.207720 0.000000
vt 0.289424 -0.208660 0.000000
vt -0.289424 -0.208625 0.000000
vt -0.289425 0.208473 0.000000
vt -0.096476 -0.207709 0.000000
vt 0.289425 0.208473 0.000000
vt 0.096476 -0.207720 0.000000
vt 0.289425 -0.208660 0.000000
vt -0.289425 -0.208625 0.000000
vt 0.289424 0.208432 0.000000
vt 0.142728 0.210160 0.000000
vt 0.289424 -0.208472 0.000000
vt -0.000125 0.210738 0.000000
vt -0.289424 -0.208472 0.000000
vt -0.142918 0.210197 0.000000
vt -0.289424 0.208508 0.000000
vt -0.289424 0.208473 0.000000
vt -0.096475 -0.207709 0.000000
vt 0.289424 0.208473 0.000000
vt 0.096476 -0.207720 0.000000
vt 0.289424 -0.208660 0.000000
vt -0.289424 -0.208625 0.000000
vt 0.289425 0.208432 0.000000
vt 0.142728 0.210160 0.000000
vt 0.289425 -0.208472 0.000000
vt -0.000125 0.210738 0.000000
vt -0.289425 -0.208472 0.000000
vt -0.142918 0.210197 0.000000
vt -0.289425 0.208508 0.000000
vt 0.289424 0.208432 0.000000
vt 0.142728 0.210160 0.000000
vt 0.289424 -0.208472 0.000000
vt -0.000125 0.210738 0.000000
vt -0.289424 -0.208472 0.000000
vt -0.142918 0.210197 0.000000
vt -0.289424 0.208508 0.000000
vt 0.289424 0.208432 0.000000
vt 0.142728 0.210160 0.000000
vt 0.289424 -0.208472 0.000000
vt -0.000125 0.210738 0.000000
vt -0.289424 -0.208472 0.000000
vt -0.142917 0.210197 0.000000
vt -0.289424 0.208508 0.000000
vt 0.289425 0.208432 0.000000
vt 0.142728 0.210160 0.000000
vt 0.289425 -0.208472 0.000000
vt -0.000125 0.210738 0.000000
vt -0.289425 -0.208472 0.000000
vt -0.142918 0.210197 0.000000
vt -0.289425 0.208508 0.000000
vt 0.289424 -0.208472 0.000000
vt 0.000126 0.210738 0.000000
vt -0.289424 -0.208472 0.000000
vt -0.142728 0.210160 0.000000
vt -0.289424 0.208432 0.000000
vt 0.289424 0.208508 0.000000
vt 0.142918 0.210197 0.000000
vt 0.289424 -0.208472 0.000000
vt 0.000125 0.210738 0.000000
vt -0.289424 -0.208472 0.000000
vt -0.142728 0.210160 0.000000
vt -0.289424 0.208432 0.000000
vt 0.289424 0.208508 0.000000
vt 0.142918 0.210197 0.000000
vt 0.289424 0.208432 0.000000
vt 0.142728 0.210160 0.000000
vt 0.289424 -0.208472 0.000000
vt -0.000125 0.210738 0.000000
vt -0.289424 -0.208472 0.000000
vt -0.142918 0.210197 0.000000
vt -0.289424 0.208508 0.000000
vt 0.289424 -0.208472 0.000000
vt 0.000125 0.210738 0.000000
vt -0.289424 -0.208472 0.000000
vt -0.142728 0.210160 0.000000
vt -0.289424 0.208432 0.000000
vt 0.289424 0.208508 0.000000
vt 0.142918 0.210197 0.000000
vt -0.289425 -0.208660 0.000000
vt -0.096476 -0.207720 0.000000
vt -0.289424 0.208474 0.000000
vt 0.096475 -0.207708 0.000000
vt 0.289424 0.208474 0.000000
vt 0.289424 -0.208624 0.000000
vt 0.289425 -0.208472 0.000000
vt 0.000125 0.210738 0.000000
vt -0.289425 -0.208472 0.000000
vt -0.142728 0.210160 0.000000
vt -0.289425 0.208432 0.000000
vt 0.289425 0.208508 0.000000
vt 0.142918 0.210197 0.000000
vt 0.289425 -0.208472 0.000000
vt 0.000125 0.210738 0.000000
vt -0.289425 -0.208472 0.000000
vt -0.142728 0.210160 0.000000
vt -0.289425 0.208432 0.000000
vt 0.289425 0.208508 0.000000
vt 0.142918 0.210197 0.000000
vt -61.956897 1.127923 0.000000
vt -61.592114 1.127924 0.000000
vt -61.922662 1.350491 0.000000
vt -61.546357 1.350492 0.000000
vt -61.592114 1.573059 0.000000
vt -61.592701 0.898162 0.000000
vt -61.957336 0.898162 0.000000
vt -61.923939 0.675246 0.000000
vt -61.957336 0.452330 0.000000
vt -61.592701 0.452330 0.000000
vt -61.548065 0.675246 0.000000
vt -61.956897 0.222568 0.000000
vt -61.592114 0.222567 0.000000
vt -61.922662 0.000000 0.000000
vt -61.546357 0.000000 0.000000
vt -61.592114 -0.222568 0.000000
vt -61.956897 -0.222568 0.000000
vt -61.592701 -0.452330 0.000000
vt -61.957336 -0.452330 0.000000
vt -61.923939 -0.675246 0.000000
vt -61.957336 -0.898162 0.000000
vt -61.592701 -0.898162 0.000000
vt -61.548065 -0.675246 0.000000
vt -61.956897 -1.127923 0.000000
vt -61.592114 -1.127925 0.000000
vt -61.922662 -1.350491 0.000000
vt -61.546357 -1.350492 0.000000
vt -61.592114 -1.573059 0.000000
vt -61.956898 -1.573059 0.000000
vt -61.592701 -1.802822 0.000000
vt -61.957337 -1.802821 0.000000
vt -61.923940 -2.025737 0.000000
vt -61.957337 -2.248653 0.000000
vt -61.592701 -2.248653 0.000000
vt -61.548065 -2.025737 0.000000
vt -61.956898 -2.478415 0.000000
vt -61.592114 -2.478415 0.000000
vt -61.922662 -2.700983 0.000000
vt -61.546357 -2.700983 0.000000
vt -61.592114 -2.923550 0.000000
vt -61.956898 -2.923551 0.000000
vt -61.592701 -3.153313 0.000000
vt -61.957337 -3.153313 0.000000
vt -61.923940 -3.376229 0.000000
vt -61.957337 -3.599145 0.000000
vt -61.592701 -3.599145 0.000000
vt -61.548065 -3.376229 0.000000
vt -61.956898 -3.828907 0.000000
vt -61.592114 -3.828908 0.000000
vt -61.922662 -4.051475 0.000000
vt -61.546357 -4.051475 0.000000
vt -61.546357 4.051475 0.000000
vt -61.922662 4.051475 0.000000
vt -61.592114 3.828908 0.000000
vt -61.956898 3.828907 0.000000
vt -61.592701 3.599145 0.000000
vt -61.957337 3.599145 0.000000
vt -61.923940 3.376229 0.000000
vt -61.957337 3.153312 0.000000
vt -61.592701 3.153313 0.000000
vt -61.548065 3.376229 0.000000
vt -61.956898 2.923551 0.000000
vt -61.592114 2.923550 0.000000
vt -61.922663 2.700983 0.000000
vt -61.546357 2.700983 0.000000
vt -61.592114 2.478415 0.000000
vt -61.956898 2.478415 0.000000
vt -61.592701 2.248653 0.000000
vt -61.957337 2.248653 0.000000
vt -61.923940 2.025737 0.000000
vt -61.957337 1.802821 0.000000
vt -61.592701 1.802821 0.000000
vt -61.548065 2.025737 0.000000
vt -61.956898 1.573059 0.000000
vt 0.404669 1.516120 0.000000
vt 0.037675 1.516120 0.000000
vt 0.375588 1.348338 0.000000
vt -0.001182 1.348338 0.000000
vt 0.037675 1.180557 0.000000
vt 0.050675 1.685375 0.000000
vt 0.414399 1.685375 0.000000
vt 0.405292 1.854654 0.000000
vt 0.038507 1.854654 0.000000
vt 0.376867 2.022506 0.000000
vt 0.000528 2.022506 0.000000
vt 0.038507 2.190359 0.000000
vt 0.405292 2.190359 0.000000
vt 0.050675 2.359638 0.000000
vt 0.414398 2.359638 0.000000
vt 0.404669 2.528893 0.000000
vt 0.037674 2.528893 0.000000
vt 0.375588 2.696674 0.000000
vt -0.001182 2.696674 0.000000
vt 0.037674 2.864456 0.000000
vt 0.404669 2.864456 0.000000
vt 0.050675 3.033711 0.000000
vt 0.414398 3.033711 0.000000
vt 0.405292 3.202990 0.000000
vt 0.038507 3.202990 0.000000
vt 0.376867 3.370842 0.000000
vt 0.000528 3.370843 0.000000
vt 0.038507 3.538695 0.000000
vt 0.405292 3.538695 0.000000
vt 0.050675 3.707974 0.000000
vt 0.414398 3.707974 0.000000
vt 0.404669 3.877229 0.000000
vt 0.037674 3.877229 0.000000
vt 0.375588 4.045012 0.000000
vt -0.001182 4.045012 0.000000
vt -0.001182 -4.045012 0.000000
vt 0.375588 -4.045012 0.000000
vt 0.037675 -3.877232 0.000000
vt 0.404669 -3.877232 0.000000
vt 0.050675 -3.707977 0.000000
vt 0.414399 -3.707977 0.000000
vt 0.405293 -3.538698 0.000000
vt 0.038508 -3.538698 0.000000
vt 0.376868 -3.370845 0.000000
vt 0.000529 -3.370845 0.000000
vt 0.038509 -3.202992 0.000000
vt 0.405293 -3.202992 0.000000
vt 0.050677 -3.033713 0.000000
vt 0.414400 -3.033713 0.000000
vt 0.404670 -2.864457 0.000000
vt 0.037677 -2.864457 0.000000
vt 0.375589 -2.696675 0.000000
vt -0.001180 -2.696675 0.000000
vt 0.037677 -2.528894 0.000000
vt 0.404670 -2.528894 0.000000
vt 0.050677 -2.359638 0.000000
vt 0.414400 -2.359638 0.000000
vt 0.405294 -2.190359 0.000000
vt 0.038510 -2.190359 0.000000
vt 0.376869 -2.022506 0.000000
vt 0.000531 -2.022506 0.000000
vt 0.038510 -1.854653 0.000000
vt 0.405294 -1.854654 0.000000
vt 0.050678 -1.685374 0.000000
vt 0.414401 -1.685374 0.000000
vt 0.404671 -1.516119 0.000000
vt 0.037677 -1.516118 0.000000
vt 0.375590 -1.348337 0.000000
vt -0.001179 -1.348337 0.000000
vt 0.037677 -1.180555 0.000000
vt 0.404671 -1.180555 0.000000
vt 0.050677 -1.011300 0.000000
vt 0.414401 -1.011300 0.000000
vt 0.405294 -0.842020 0.000000
vt 0.038510 -0.842021 0.000000
vt 0.376869 -0.674167 0.000000
vt 0.000530 -0.674168 0.000000
vt 0.038510 -0.506315 0.000000
vt 0.405294 -0.506315 0.000000
vt 0.050677 -0.337036 0.000000
vt 0.414400 -0.337035 0.000000
vt 0.404670 -0.167780 0.000000
vt 0.037677 -0.167781 0.000000
vt 0.375589 0.000001 0.000000
vt -0.001180 0.000001 0.000000
vt 0.037676 0.167783 0.000000
vt 0.404670 0.167783 0.000000
vt 0.050676 0.337038 0.000000
vt 0.414400 0.337038 0.000000
vt 0.405293 0.506318 0.000000
vt 0.038509 0.506317 0.000000
vt 0.376868 0.674170 0.000000
vt 0.000529 0.674170 0.000000
vt 0.038508 0.842022 0.000000
vt 0.405292 0.842023 0.000000
vt 0.050676 1.011302 0.000000
vt 0.414399 1.011302 0.000000
vt 0.404669 1.180557 0.000000
vt -0.000000 0.900315 0.000000
vt -0.000000 1.117609 0.000000
vt -0.450672 0.780587 0.000000
vt -0.559443 0.968984 0.000000
vt -0.967878 0.558805 0.000000
vt 0.450672 0.780587 0.000000
vt 0.559443 0.968984 0.000000
vt 0.967878 0.558804 0.000000
vt 0.779696 0.450157 0.000000
vt 0.901344 0.000000 0.000000
vt 0.779696 -0.450157 0.000000
vt 0.967878 -0.558805 0.000000
vt 1.118887 -0.000000 0.000000
vt 0.450672 -0.780587 0.000000
vt 0.559443 -0.968984 0.000000
vt -0.000000 -1.117609 0.000000
vt -0.000000 -0.900315 0.000000
vt -0.450672 -0.780587 0.000000
vt -0.779695 -0.450157 0.000000
vt -0.967878 -0.558805 0.000000
vt -0.559443 -0.968984 0.000000
vt -0.901344 0.000000 0.000000
vt -1.118886 0.000000 0.000000
vt -0.779695 0.450157 0.000000
vt 0.000000 0.896384 0.000000
vt 0.000000 1.117609 0.000000
vt -0.448704 0.777178 0.000000
vt -0.559443 0.968984 0.000000
vt -0.967878 0.558804 0.000000
vt 0.448704 0.777178 0.000000
vt 0.559443 0.968984 0.000000
vt 0.967878 0.558804 0.000000
vt 0.776291 0.448192 0.000000
vt 0.897408 0.000000 0.000000
vt 0.776291 -0.448192 0.000000
vt 0.967878 -0.558805 0.000000
vt 1.118886 0.000000 0.000000
vt 0.448704 -0.777179 0.000000
vt 0.559443 -0.968984 0.000000
vt 0.000000 -1.117609 0.000000
vt 0.000000 -0.896384 0.000000
vt -0.448704 -0.777179 0.000000
vt -0.776291 -0.448192 0.000000
vt -0.967878 -0.558805 0.000000
vt -0.559443 -0.968984 0.000000
vt -0.897408 0.000000 0.000000
vt -1.118887 0.000000 0.000000
vt -0.776291 0.448192 0.000000
vt -0.386713 -5.152439 0.000000
vt -0.190706 -5.150130 0.000000
vt -0.386712 5.152527 0.000000
vt -0.128905 5.154206 0.000000
vt 0.000167 -5.149358 0.000000
vt 0.128906 5.154227 0.000000
vt 0.190958 -5.150081 0.000000
vt 0.386713 5.152591 0.000000
vt 0.386712 -5.152337 0.000000
vt -0.386711 -5.152439 0.000000
vt -0.190705 -5.150131 0.000000
vt -0.386712 5.152527 0.000000
vt -0.128906 5.154205 0.000000
vt 0.000168 -5.149359 0.000000
vt 0.128905 5.154226 0.000000
vt 0.190958 -5.150082 0.000000
vt 0.386712 5.152590 0.000000
vt 0.386712 -5.152338 0.000000
vt -0.386712 -5.152439 0.000000
vt -0.190705 -5.150130 0.000000
vt -0.386712 5.152527 0.000000
vt -0.128906 5.154206 0.000000
vt 0.000168 -5.149358 0.000000
vt 0.128906 5.154227 0.000000
vt 0.190958 -5.150081 0.000000
vt 0.386712 5.152591 0.000000
vt 0.386712 -5.152337 0.000000
vt -0.386712 -5.152439 0.000000
vt -0.190705 -5.150130 0.000000
vt -0.386713 5.152527 0.000000
vt -0.128906 5.154206 0.000000
vt 0.000168 -5.149358 0.000000
vt 0.128905 5.154227 0.000000
vt 0.190959 -5.150081 0.000000
vt 0.386712 5.152591 0.000000
vt 0.386713 -5.152337 0.000000
vt 0.386712 -5.152439 0.000000
vt 0.386712 5.152527 0.000000
vt 0.190705 -5.150130 0.000000
vt 0.128906 5.154206 0.000000
vt -0.000167 -5.149358 0.000000
vt -0.128906 5.154227 0.000000
vt -0.190958 -5.150081 0.000000
vt -0.386712 5.152591 0.000000
vt -0.386712 -5.152337 0.000000
vt -0.386712 -5.152439 0.000000
vt -0.190705 -5.150131 0.000000
vt -0.386712 5.152527 0.000000
vt -0.128906 5.154205 0.000000
vt 0.000167 -5.149359 0.000000
vt 0.128906 5.154226 0.000000
vt 0.190958 -5.150082 0.000000
vt 0.386712 5.152590 0.000000
vt 0.386712 -5.152338 0.000000
vt -0.386711 -5.152439 0.000000
vt -0.190705 -5.150131 0.000000
vt -0.386712 5.152527 0.000000
vt -0.128906 5.154205 0.000000
vt 0.000168 -5.149359 0.000000
vt 0.128906 5.154226 0.000000
vt 0.190958 -5.150082 0.000000
vt 0.386712 5.152590 0.000000
vt 0.386712 -5.152338 0.000000
vt 0.386712 -5.152439 0.000000
vt 0.386712 5.152527 0.000000
vt 0.190705 -5.150130 0.000000
vt 0.128906 5.154206 0.000000
vt -0.000167 -5.149358 0.000000
vt -0.128906 5.154227 0.000000
vt -0.190958 -5.150081 0.000000
vt -0.386712 5.152591 0.000000
vt -0.386712 -5.152337 0.000000
vt 0.386712 -5.152439 0.000000
vt 0.386713 5.152527 0.000000
vt 0.190705 -5.150130 0.000000
vt 0.128906 5.154206 0.000000
vt -0.000168 -5.149358 0.000000
vt -0.128905 5.154227 0.000000
vt -0.190958 -5.150081 0.000000
vt -0.386712 5.152591 0.000000
vt -0.386712 -5.152337 0.000000
vt 0.386712 -5.152439 0.000000
vt 0.386712 5.152527 0.000000
vt 0.190705 -5.150131 0.000000
vt 0.128906 5.154205 0.000000
vt -0.000168 -5.149359 0.000000
vt -0.128905 5.154226 0.000000
vt -0.190959 -5.150082 0.000000
vt -0.386712 5.152590 0.000000
vt -0.386712 -5.152338 0.000000
vt 0.386712 -5.152439 0.000000
vt 0.386712 5.152527 0.000000
vt 0.190705 -5.150131 0.000000
vt 0.128906 5.154205 0.000000
vt -0.000167 -5.149359 0.000000
vt -0.128906 5.154226 0.000000
vt -0.190958 -5.150082 0.000000
vt -0.386713 5.152590 0.000000
vt -0.386712 -5.152338 0.000000
vt 0.386712 -5.152439 0.000000
vt 0.386712 5.152527 0.000000
vt 0.190705 -5.150131 0.000000
vt 0.128906 5.154205 0.000000
vt -0.000167 -5.149359 0.000000
vt -0.128906 5.154226 0.000000
vt -0.190958 -5.150082 0.000000
vt -0.386712 5.152590 0.000000
vt -0.386712 -5.152338 0.000000
vt -0.502691 1.337492 0.000000
vt -0.231701 1.141548 0.000000
vt -0.007544 1.228590 0.000000
vt -0.265266 1.023792 0.000000
vt -0.009030 0.921651 0.000000
vt -0.273590 0.897086 0.000000
vt -0.255463 0.772540 0.000000
vt -0.008458 0.614552 0.000000
vt -0.213549 0.660343 0.000000
vt -0.009823 0.307316 0.000000
vt -0.608590 -0.000002 0.000000
vt -0.008915 -0.000001 0.000000
vt -0.009822 -0.307317 0.000000
vt -0.213547 -0.660344 0.000000
vt -0.008456 -0.614553 0.000000
vt -0.255461 -0.772541 0.000000
vt -0.009028 -0.921651 0.000000
vt -0.273589 -0.897085 0.000000
vt -0.265266 -1.023791 0.000000
vt -0.231701 -1.141547 0.000000
vt -0.007542 -1.228589 0.000000
vt -0.502691 -1.337492 0.000000
vt -0.008237 -1.535391 0.000000
vt -0.600689 -1.542127 0.000000
vt -0.007087 -1.842112 0.000000
vt -0.638890 -1.842112 0.000000
vt -0.007087 1.842112 0.000000
vt -0.638890 1.842112 0.000000
vt -0.600689 1.542127 0.000000
vt -0.008238 1.535391 0.000000
vt -0.233152 -0.177709 0.000000
vt 0.233152 -0.177709 0.000000
vt -0.233152 0.177777 0.000000
vt 0.233152 0.177784 0.000000
vt -0.233152 -0.177709 0.000000
vt 0.233152 -0.177709 0.000000
vt -0.233152 0.177777 0.000000
vt 0.233152 0.177783 0.000000
vt -0.233152 -0.177709 0.000000
vt 0.233152 -0.177709 0.000000
vt -0.233152 0.177777 0.000000
vt 0.233152 0.177783 0.000000
vt -0.233153 -0.177709 0.000000
vt 0.233153 -0.177709 0.000000
vt -0.233152 0.177777 0.000000
vt 0.233152 0.177784 0.000000
vt -0.233152 -0.177709 0.000000
vt 0.233152 -0.177709 0.000000
vt -0.233152 0.177777 0.000000
vt 0.233152 0.177783 0.000000
vt -0.233152 -0.177709 0.000000
vt 0.233152 -0.177709 0.000000
vt -0.233152 0.177776 0.000000
vt 0.233152 0.177783 0.000000
vt 0.233152 -0.177709 0.000000
vt 0.233152 0.177777 0.000000
vt -0.233152 -0.177709 0.000000
vt -0.233152 0.177783 0.000000
vt 0.233152 -0.177709 0.000000
vt 0.233152 0.177776 0.000000
vt -0.233152 -0.177709 0.000000
vt -0.233152 0.177783 0.000000
vt 0.233153 -0.177709 0.000000
vt 0.233153 0.177777 0.000000
vt -0.233153 -0.177709 0.000000
vt -0.233153 0.177784 0.000000
vt 0.233152 -0.177709 0.000000
vt 0.233152 0.177777 0.000000
vt -0.233152 -0.177709 0.000000
vt -0.233153 0.177784 0.000000
vt 0.233152 -0.177709 0.000000
vt 0.233152 0.177777 0.000000
vt -0.233152 -0.177709 0.000000
vt -0.233152 0.177783 0.000000
vt 0.233152 -0.177709 0.000000
vt 0.233153 0.177777 0.000000
vt -0.233152 -0.177709 0.000000
vt -0.233152 0.177783 0.000000
vt -0.084252 -0.493546 0.000000
vt -0.085393 -0.513618 0.000000
vt -0.004047 -0.500021 0.000000
vt -0.004047 -0.520021 0.000000
vt 0.077299 -0.513618 0.000000
vt -0.164735 -0.494570 0.000000
vt -0.162381 -0.474289 0.000000
vt -0.240122 -0.463344 0.000000
vt -0.236408 -0.442749 0.000000
vt -0.309695 -0.420709 0.000000
vt -0.304418 -0.399742 0.000000
vt -0.371742 -0.367716 0.000000
vt -0.364648 -0.346383 0.000000
vt -0.424735 -0.305669 0.000000
vt -0.415539 -0.284053 0.000000
vt -0.467370 -0.236096 0.000000
vt -0.455772 -0.214367 0.000000
vt -0.498596 -0.160709 0.000000
vt -0.484306 -0.139129 0.000000
vt -0.517645 -0.081366 0.000000
vt -0.500401 -0.060289 0.000000
vt -0.524047 -0.000021 0.000000
vt -0.503641 0.020112 0.000000
vt -0.517645 0.081325 0.000000
vt -0.493942 0.099992 0.000000
vt -0.498596 0.160668 0.000000
vt -0.471555 0.177282 0.000000
vt -0.467370 0.236055 0.000000
vt -0.437059 0.249979 0.000000
vt -0.424735 0.305628 0.000000
vt -0.391349 0.316202 0.000000
vt -0.371742 0.367675 0.000000
vt -0.335608 0.374235 0.000000
vt -0.309695 0.420668 0.000000
vt -0.271280 0.422575 0.000000
vt -0.240122 0.463303 0.000000
vt -0.200030 0.459969 0.000000
vt -0.164735 0.494529 0.000000
vt -0.123704 0.485450 0.000000
vt -0.085393 0.513577 0.000000
vt -0.044280 0.498358 0.000000
vt -0.004047 0.519979 0.000000
vt 0.036187 0.498358 0.000000
vt 0.077299 0.513577 0.000000
vt 0.115611 0.485450 0.000000
vt 0.156642 0.494529 0.000000
vt 0.191937 0.459969 0.000000
vt 0.232028 0.463303 0.000000
vt 0.263186 0.422575 0.000000
vt 0.301602 0.420668 0.000000
vt 0.327515 0.374235 0.000000
vt 0.363649 0.367675 0.000000
vt 0.383256 0.316202 0.000000
vt 0.416642 0.305628 0.000000
vt 0.428966 0.249979 0.000000
vt 0.459277 0.236055 0.000000
vt 0.463462 0.177282 0.000000
vt 0.490503 0.160668 0.000000
vt 0.485849 0.099992 0.000000
vt 0.509551 0.081325 0.000000
vt 0.495548 0.020112 0.000000
vt 0.515953 -0.000021 0.000000
vt 0.492308 -0.060289 0.000000
vt 0.509551 -0.081366 0.000000
vt 0.476212 -0.139129 0.000000
vt 0.490503 -0.160709 0.000000
vt 0.447679 -0.214367 0.000000
vt 0.459277 -0.236096 0.000000
vt 0.407445 -0.284053 0.000000
vt 0.416642 -0.305669 0.000000
vt 0.356555 -0.346383 0.000000
vt 0.363649 -0.367716 0.000000
vt 0.296325 -0.399742 0.000000
vt 0.301602 -0.420709 0.000000
vt 0.228315 -0.442749 0.000000
vt 0.232028 -0.463344 0.000000
vt 0.154287 -0.474289 0.000000
vt 0.156642 -0.494570 0.000000
vt 0.076159 -0.493546 0.000000
vt -0.280000 1.490243 0.000000
vt -0.000000 1.490243 0.000000
vt -0.280000 1.570796 0.000000
vt -0.000000 1.570796 0.000000
vt -0.280000 -1.570796 0.000000
vt -0.000000 -1.570796 0.000000
vt -0.280000 -1.490243 0.000000
vt -0.000000 -1.490243 0.000000
vt -0.280000 -1.409689 0.000000
vt -0.000000 -1.409689 0.000000
vt -0.280000 -1.329135 0.000000
vt -0.000000 -1.329135 0.000000
vt -0.280000 -1.248582 0.000000
vt -0.000000 -1.248582 0.000000
vt -0.280000 -1.168028 0.000000
vt -0.000000 -1.168028 0.000000
vt -0.280000 -1.087474 0.000000
vt -0.000000 -1.087474 0.000000
vt -0.280000 -1.006921 0.000000
vt -0.000000 -1.006921 0.000000
vt -0.280000 -0.926367 0.000000
vt -0.000000 -0.926367 0.000000
vt -0.280000 -0.845813 0.000000
vt -0.000000 -0.845813 0.000000
vt -0.280000 -0.765260 0.000000
vt -0.000000 -0.765260 0.000000
vt -0.280000 -0.684706 0.000000
vt -0.000000 -0.684706 0.000000
vt -0.280000 -0.604152 0.000000
vt -0.000000 -0.604152 0.000000
vt -0.280000 -0.523599 0.000000
vt -0.000000 -0.523599 0.000000
vt -0.280000 -0.443045 0.000000
vt -0.000000 -0.443045 0.000000
vt -0.280000 -0.362491 0.000000
vt -0.000000 -0.362491 0.000000
vt -0.280000 -0.281938 0.000000
vt -0.000000 -0.281938 0.000000
vt -0.280000 -0.201384 0.000000
vt -0.000000 -0.201384 0.000000
vt -0.280000 -0.120830 0.000000
vt -0.000000 -0.120830 0.000000
vt -0.280000 -0.040277 0.000000
vt -0.000000 -0.040277 0.000000
vt -0.280000 0.040277 0.000000
vt -0.000000 0.040277 0.000000
vt -0.280000 0.120830 0.000000
vt -0.000000 0.120830 0.000000
vt -0.280000 0.201384 0.000000
vt -0.000000 0.201384 0.000000
vt -0.280000 0.281938 0.000000
vt 0.000000 0.281938 0.000000
vt -0.280000 0.362491 0.000000
vt 0.000000 0.362491 0.000000
vt -0.280000 0.443045 0.000000
vt 0.000000 0.443045 0.000000
vt -0.280000 0.523599 0.000000
vt 0.000000 0.523599 0.000000
vt -0.280000 0.604152 0.000000
vt 0.000000 0.604152 0.000000
vt -0.280000 0.684706 0.000000
vt 0.000000 0.684706 0.000000
vt -0.280000 0.765260 0.000000
vt 0.000000 0.765260 0.000000
vt -0.280000 0.845813 0.000000
vt 0.000000 0.845813 0.000000
vt -0.280000 0.926367 0.000000
vt 0.000000 0.926367 0.000000
vt -0.280000 1.006921 0.000000
vt 0.000000 1.006921 0.000000
vt -0.280000 1.087474 0.000000
vt 0.000000 1.087474 0.000000
vt -0.280000 1.168028 0.000000
vt 0.000000 1.168028 0.000000
vt -0.280000 1.248582 0.000000
vt 0.000000 1.248582 0.000000
vt -0.280000 1.329135 0.000000
vt 0.000000 1.329135 0.000000
vt -0.280000 1.409689 0.000000
vt -0.000000 1.409689 0.000000
vt -0.500000 -0.000000 0.000000
vt -0.493525 -0.080206 0.000000
vt -0.493525 0.080206 0.000000
vt -0.474268 0.158334 0.000000
vt -0.474268 -0.158334 0.000000
vt -0.442728 0.232362 0.000000
vt -0.442728 -0.232362 0.000000
vt -0.399721 0.300371 0.000000
vt -0.346362 0.360601 0.000000
vt -0.284032 0.411492 0.000000
vt -0.214346 0.451725 0.000000
vt -0.139109 0.480259 0.000000
vt -0.060268 0.496354 0.000000
vt 0.020133 0.499594 0.000000
vt 0.100013 0.489895 0.000000
vt 0.177302 0.467508 0.000000
vt 0.250000 0.433013 0.000000
vt -0.399721 -0.300371 0.000000
vt 0.316223 0.387302 0.000000
vt 0.374255 0.331561 0.000000
vt 0.422595 0.267233 0.000000
vt 0.459990 0.195983 0.000000
vt 0.485471 0.119658 0.000000
vt 0.498379 0.040233 0.000000
vt 0.498379 -0.040233 0.000000
vt 0.485471 -0.119658 0.000000
vt 0.459990 -0.195983 0.000000
vt 0.422595 -0.267233 0.000000
vt 0.374255 -0.331561 0.000000
vt -0.346362 -0.360601 0.000000
vt 0.316223 -0.387302 0.000000
vt -0.284032 -0.411492 0.000000
vt 0.250000 -0.433013 0.000000
vt -0.214346 -0.451725 0.000000
vt 0.177302 -0.467508 0.000000
vt -0.139109 -0.480259 0.000000
vt 0.100013 -0.489895 0.000000
vt -0.060268 -0.496354 0.000000
vt 0.020133 -0.499594 0.000000
vt 0.513598 0.081346 0.000000
vt -0.513598 0.081346 0.000000
vt 0.520000 -0.000000 0.000000
vt -0.520000 -0.000000 0.000000
vt 0.513598 -0.081346 0.000000
vt -0.513598 -0.081346 0.000000
vt 0.494549 -0.160689 0.000000
vt -0.494549 -0.160689 0.000000
vt 0.463323 -0.236075 0.000000
vt -0.463323 -0.236075 0.000000
vt 0.420689 -0.305648 0.000000
vt -0.420689 -0.305648 0.000000
vt 0.367696 -0.367696 0.000000
vt -0.367696 -0.367696 0.000000
vt 0.305648 -0.420689 0.000000
vt -0.305648 -0.420689 0.000000
vt 0.236075 -0.463323 0.000000
vt -0.236075 -0.463323 0.000000
vt 0.160689 -0.494549 0.000000
vt -0.160689 -0.494549 0.000000
vt 0.081346 -0.513598 0.000000
vt -0.081346 -0.513598 0.000000
vt -0.000000 -0.520000 0.000000
vt -0.494549 0.160689 0.000000
vt 0.494549 0.160689 0.000000
vt -0.463323 0.236075 0.000000
vt 0.463323 0.236075 0.000000
vt -0.420689 0.305648 0.000000
vt 0.420689 0.305648 0.000000
vt -0.367696 0.367696 0.000000
vt 0.367696 0.367696 0.000000
vt -0.305648 0.420689 0.000000
vt 0.305648 0.420689 0.000000
vt -0.236075 0.463323 0.000000
vt 0.236075 0.463323 0.000000
vt -0.160689 0.494549 0.000000
vt 0.160689 0.494549 0.000000
vt -0.081346 0.513598 0.000000
vt 0.081346 0.513598 0.000000
vt -0.000000 0.520000 0.000000
vt 0.300000 -1.551947 0.000000
vt 0.000000 -1.551947 0.000000
vt 0.300000 -1.633628 0.000000
vt -0.000000 -1.633628 0.000000
vt 0.300000 1.633628 0.000000
vt -0.000000 1.633628 0.000000
vt 0.300000 1.551947 0.000000
vt 0.000000 1.551947 0.000000
vt 0.300000 1.470265 0.000000
vt 0.000000 1.470265 0.000000
vt 0.300000 1.388584 0.000000
vt -0.000000 1.388584 0.000000
vt 0.300000 1.306903 0.000000
vt -0.000000 1.306903 0.000000
vt 0.300000 1.225221 0.000000
vt -0.000000 1.225221 0.000000
vt 0.300000 1.143540 0.000000
vt -0.000000 1.143540 0.000000
vt 0.300000 1.061858 0.000000
vt -0.000000 1.061858 0.000000
vt 0.300000 0.980177 0.000000
vt -0.000000 0.980177 0.000000
vt 0.300000 0.898495 0.000000
vt -0.000000 0.898495 0.000000
vt 0.300000 0.816814 0.000000
vt -0.000000 0.816814 0.000000
vt 0.300000 0.735133 0.000000
vt -0.000000 0.735133 0.000000
vt 0.300000 0.653451 0.000000
vt -0.000000 0.653451 0.000000
vt 0.300000 0.571770 0.000000
vt -0.000000 0.571770 0.000000
vt 0.300000 0.490088 0.000000
vt -0.000000 0.490088 0.000000
vt 0.300000 0.408407 0.000000
vt -0.000000 0.408407 0.000000
vt 0.300000 0.326726 0.000000
vt -0.000000 0.326726 0.000000
vt 0.300000 0.245044 0.000000
vt -0.000000 0.245044 0.000000
vt 0.300000 0.163363 0.000000
vt 0.000000 0.163363 0.000000
vt 0.300000 0.081681 0.000000
vt 0.000000 0.081681 0.000000
vt 0.300000 0.000000 0.000000
vt 0.000000 0.000000 0.000000
vt 0.300000 -0.081681 0.000000
vt 0.000000 -0.081681 0.000000
vt 0.300000 -0.163363 0.000000
vt 0.000000 -0.163363 0.000000
vt 0.300000 -0.245044 0.000000
vt 0.000000 -0.245044 0.000000
vt 0.300000 -0.326726 0.000000
vt 0.000000 -0.326726 0.000000
vt 0.300000 -0.408407 0.000000
vt 0.000000 -0.408407 0.000000
vt 0.300000 -0.490088 0.000000
vt 0.000000 -0.490088 0.000000
vt 0.300000 -0.571770 0.000000
vt 0.000000 -0.571770 0.000000
vt 0.300000 -0.653451 0.000000
vt 0.000000 -0.653451 0.000000
vt 0.300000 -0.735133 0.000000
vt 0.000000 -0.735133 0.000000
vt 0.300000 -0.816814 0.000000
vt 0.000000 -0.816814 0.000000
vt 0.300000 -0.898495 0.000000
vt 0.000000 -0.898495 0.000000
vt 0.300000 -0.980177 0.000000
vt 0.000000 -0.980177 0.000000
vt 0.300000 -1.061858 0.000000
vt 0.000000 -1.061858 0.000000
vt 0.300000 -1.143540 0.000000
vt 0.000000 -1.143540 0.000000
vt 0.300000 -1.225221 0.000000
vt 0.000000 -1.225221 0.000000
vt 0.300000 -1.306903 0.000000
vt 0.000000 -1.306903 0.000000
vt 0.300000 -1.388584 0.000000
vt 0.000000 -1.388584 0.000000
vt 0.300000 -1.470265 0.000000
vt 0.000000 -1.470265 0.000000
vn 0.000000 0.100000 -0.000000
vn 0.000000 0.100000 -0.000000
vn 0.000000 0.100000 -0.000000
vn 0.000000 0.100000 -0.000000
vn 0.000000 0.100000 -0.000000
vn 0.000000 0.100000 -0.000000
vn 0.000000 0.100000 -0.000000
vn 0.000000 0.100000 -0.000000
vn 0.000000 0.100000 -0.000000
vn 0.000000 0.100000 -0.000000
vn 0.000000 0.100000 -0.000000
vn 0.000000 0.100000 -0.000000
vn 0.000000 0.100000 -0.000000
vn 0.000000 0.100000 -0.000000
vn 0.000000 0.100000 -0.000000
vn 0.000000 0.100000 -0.000000
vn 0.000000 0.100000 -0.000000
vn 0.000000 0.100000 -0.000000
vn 0.000000 0.100000 -0.000000
vn 0.000000 0.100000 -0.000000
vn 0.000000 0.100000 -0.000000
vn 0.000000 0.100000 -0.000000
vn 0.000000 0.100000 -0.000000
vn 0.000000 0.100000 -0.000000
vn 0.000000 0.100000 -0.000000
vn 0.000000 0.100000 -0.000000
vn 0.000000 0.100000 -0.000000
vn 0.000000 0.100000 -0.000000
vn 0.000000 0.100000 -0.000000
vn 0.000000 0.100000 -0.000000
vn 0.000000 0.100000 -0.000000
vn 0.000000 0.100000 -0.000000
vn 0.000000 0.100000 -0.000000
vn 0.000000 0.100000 -0.000000
vn 0.000000 0.100000 -0.000000
vn 0.000000 0.100000 -0.000000
vn 0.000000 0.100000 -0.000000
vn 0.000000 0.100000 -0.000000
vn 0.000000 0.100000 -0.000000
vn 0.000000 0.100000 -0.000000
vn 0.000000 0.100000 -0.000000
vn 0.000000 0.100000 -0.000000
vn 0.000000 0.100000 -0.000000
vn 0.000000 0.100000 -0.000000
vn 0.000000 0.100000 -0.000000
vn 0.000000 0.100000 -0.000000
vn 0.000000 0.100000 -0.000000
vn 0.000000 0.100000 -0.000000
vn 0.000000 0.100000 -0.000000
vn 0.000000 0.100000 -0.000000
vn 0.000000 0.100000 -0.000000
vn 0.000000 0.100000 -0.000000
vn 0.000000 0.100000 -0.000000
vn 0.000000 0.100000 -0.000000
vn 0.000000 0.100000 -0.000000
vn 0.000000 0.100000 -0.000000
vn 0.000000 0.100000 -0.000000
vn 0.000000 0.100000 -0.000000
vn 0.000000 0.100000 -0.000000
vn 0.000000 0.100000 -0.000000
vn 0.000000 0.100000 -0.000000
vn 0.000000 0.100000 -0.000000
vn 0.000000 0.100000 -0.000000
vn 0.000000 0.100000 -0.000000
vn 0.000000 0.100000 -0.000000
vn 0.000000 0.100000 -0.000000
vn 0.000000 0.100000 -0.000000
vn 0.000000 0.100000 -0.000000
vn 0.000000 0.100000 -0.000000
vn 0.000000 0.100000 -0.000000
vn 0.000000 0.100000 -0.000000
vn 0.000000 0.100000 -0.000000
vn 0.000000 0.100000 -0.000000
vn 0.000000 0.100000 -0.000000
vn 0.000000 0.100000 -0.000000
vn 0.000000 0.100000 -0.000000
vn 0.000000 0.100000 -0.000000
vn 0.000000 0.100000 -0.000000
vn 0.000000 0.100000 -0.000000
vn 0.098705 -0.000000 0.016041
vn 0.098705 -0.000000 0.016041
vn 0.100000 -0.000000 0.000000
vn 0.100000 -0.000000 0.000000
vn 0.098705 0.000000 -0.016041
vn 0.098705 0.000000 -0.016041
vn 0.094854 0.000000 -0.031667
vn 0.094854 0.000000 -0.031667
vn 0.088546 0.000000 -0.046472
vn 0.088546 0.000000 -0.046472
vn 0.079944 0.000000 -0.060074
vn 0.079944 0.000000 -0.060074
vn 0.069272 0.000000 -0.072120
vn 0.069272 0.000000 -0.072120
vn 0.056806 0.000000 -0.082298
vn 0.056806 0.000000 -0.082298
vn 0.042869 0.000000 -0.090345
vn 0.042869 0.000000 -0.090345
vn 0.027822 0.000000 -0.096052
vn 0.027822 0.000000 -0.096052
vn 0.012054 0.000000 -0.099271
vn 0.012054 0.000000 -0.099271
vn -0.004027 0.000000 -0.099919
vn -0.004027 0.000000 -0.099919
vn -0.020003 0.000000 -0.097979
vn -0.020003 0.000000 -0.097979
vn -0.035460 0.000000 -0.093502
vn -0.035460 0.000000 -0.093502
vn -0.050000 0.000000 -0.086603
vn -0.050000 0.000000 -0.086603
vn -0.063245 0.000000 -0.077460
vn -0.063245 0.000000 -0.077460
vn -0.074851 0.000000 -0.066312
vn -0.074851 0.000000 -0.066312
vn -0.084519 0.000000 -0.053447
vn -0.084519 0.000000 -0.053447
vn -0.091998 0.000000 -0.039197
vn -0.091998 0.000000 -0.039197
vn -0.097094 0.000000 -0.023932
vn -0.097094 0.000000 -0.023932
vn -0.099676 0.000000 -0.008047
vn -0.099676 0.000000 -0.008047
vn -0.099676 0.000000 0.008047
vn -0.099676 0.000000 0.008047
vn -0.097094 0.000000 0.023932
vn -0.097094 0.000000 0.023932
vn -0.091998 0.000000 0.039197
vn -0.091998 0.000000 0.039197
vn -0.084519 0.000000 0.053447
vn -0.084519 0.000000 0.053447
vn -0.074851 0.000000 0.066312
vn -0.074851 0.000000 0.066312
vn -0.063245 0.000000 0.077460
vn -0.063245 0.000000 0.077460
vn -0.050000 0.000000 0.086603
vn -0.050000 0.000000 0.086603
vn -0.035460 0.000000 0.093502
vn -0.035460 0.000000 0.093502
vn -0.020003 0.000000 0.097979
vn -0.020003 0.000000 0.097979
vn -0.004027 0.000000 0.099919
vn -0.004027 0.000000 0.099919
vn 0.012054 -0.000000 0.099271
vn 0.012054 -0.000000 0.099271
vn 0.027822 -0.000000 0.096052
vn 0.027822 -0.000000 0.096052
vn 0.042869 -0.000000 0.090345
vn 0.042869 -0.000000 0.090345
vn 0.056806 -0.000000 0.082298
vn 0.056806 -0.000000 0.082298
vn 0.069272 -0.000000 0.072120
vn 0.069272 -0.000000 0.072120
vn 0.079944 -0.000000 0.060074
vn 0.079944 -0.000000 0.060074
vn 0.088546 -0.000000 0.046472
vn 0.088546 -0.000000 0.046472
vn 0.094854 -0.000000 0.031667
vn 0.094854 -0.000000 0.031667
vn 0.000000 0.100000 0.000000
vn 0.000000 0.100000 0.000000
vn 0.000000 0.100000 0.000000
vn 0.000000 0.100000 0.000000
vn 0.000000 0.100000 0.000000
vn 0.000000 0.100000 0.000000
vn 0.000000 0.100000 0.000000
vn 0.000000 0.100000 0.000000
vn 0.000000 0.100000 0.000000
vn 0.000000 0.100000 0.000000
vn 0.000000 0.100000 0.000000
vn 0.000000 0.100000 0.000000
vn 0.000000 0.100000 0.000000
vn 0.000000 0.100000 0.000000
vn 0.000000 0.100000 0.000000
vn 0.000000 0.100000 0.000000
vn 0.000000 0.100000 0.000000
vn 0.000000 0.100000 0.000000
vn 0.000000 0.100000 0.000000
vn 0.000000 0.100000 0.000000
vn 0.000000 0.100000 0.000000
vn 0.000000 0.100000 0.000000
vn 0.000000 0.100000 0.000000
vn 0.000000 0.100000 0.000000
vn 0.000000 0.100000 0.000000
vn 0.000000 0.100000 0.000000
vn 0.000000 0.100000 0.000000
vn 0.000000 0.100000 0.000000
vn 0.000000 0.100000 0.000000
vn 0.000000 0.100000 0.000000
vn 0.000000 0.100000 0.000000
vn 0.000000 0.100000 0.000000
vn 0.000000 0.100000 0.000000
vn 0.000000 0.100000 0.000000
vn 0.000000 0.100000 0.000000
vn 0.000000 0.100000 0.000000
vn 0.000000 0.100000 0.000000
vn 0.000000 0.100000 0.000000
vn 0.000000 0.100000 0.000000
vn -0.098769 0.000000 0.015643
vn -0.098769 0.000000 0.015643
vn -0.100000 0.000000 0.000000
vn -0.100000 0.000000 0.000000
vn -0.098769 0.000000 -0.015643
vn -0.098769 0.000000 -0.015643
vn -0.095106 0.000000 -0.030902
vn -0.095106 0.000000 -0.030902
vn -0.089101 0.000000 -0.045399
vn -0.089101 0.000000 -0.045399
vn -0.080902 0.000000 -0.058779
vn -0.080902 0.000000 -0.058779
vn -0.070711 0.000000 -0.070711
vn -0.070711 0.000000 -0.070711
vn -0.058779 0.000000 -0.080902
vn -0.058779 0.000000 -0.080902
vn -0.045399 0.000000 -0.089101
vn -0.045399 0.000000 -0.089101
vn -0.030902 0.000000 -0.095106
vn -0.030902 0.000000 -0.095106
vn -0.015643 0.000000 -0.098769
vn -0.015643 0.000000 -0.098769
vn 0.000000 0.000000 -0.100000
vn 0.000000 0.000000 -0.100000
vn 0.015643 0.000000 -0.098769
vn 0.015643 0.000000 -0.098769
vn 0.030902 0.000000 -0.095106
vn 0.030902 0.000000 -0.095106
vn 0.045399 0.000000 -0.089101
vn 0.045399 0.000000 -0.089101
vn 0.058779 0.000000 -0.080902
vn 0.058779 0.000000 -0.080902
vn 0.070711 0.000000 -0.070711
vn 0.070711 0.000000 -0.070711
vn 0.080902 0.000000 -0.058779
vn 0.080902 0.000000 -0.058779
vn 0.089101 0.000000 -0.045399
vn 0.089101 0.000000 -0.045399
vn 0.095106 0.000000 -0.030902
vn 0.095106 0.000000 -0.030902
vn 0.098769 0.000000 -0.015643
vn 0.098769 0.000000 -0.015643
vn 0.100000 0.000000 0.000000
vn 0.100000 0.000000 0.000000
vn 0.098769 -0.000000 0.015643
vn 0.098769 -0.000000 0.015643
vn 0.095106 -0.000000 0.030902
vn 0.095106 -0.000000 0.030902
vn 0.089101 -0.000000 0.045399
vn 0.089101 -0.000000 0.045399
vn 0.080902 -0.000000 0.058779
vn 0.080902 -0.000000 0.058779
vn 0.070711 -0.000000 0.070711
vn 0.070711 -0.000000 0.070711
vn 0.058779 -0.000000 0.080902
vn 0.058779 -0.000000 0.080902
vn 0.045399 -0.000000 0.089101
vn 0.045399 -0.000000 0.089101
vn 0.030902 -0.000000 0.095106
vn 0.030902 -0.000000 0.095106
vn 0.015643 -0.000000 0.098769
vn 0.015643 -0.000000 0.098769
vn 0.000000 -0.000000 0.100000
vn 0.000000 -0.000000 0.100000
vn -0.015643 0.000000 0.098769
vn -0.015643 0.000000 0.098769
vn -0.030902 0.000000 0.095106
vn -0.030902 0.000000 0.095106
vn -0.045399 0.000000 0.089101
vn -0.045399 0.000000 0.089101
vn -0.058779 0.000000 0.080902
vn -0.058779 0.000000 0.080902
vn -0.070711 0.000000 0.070711
vn -0.070711 0.000000 0.070711
vn -0.080902 0.000000 0.058779
vn -0.080902 0.000000 0.058779
vn -0.089101 0.000000 0.045399
vn -0.089101 0.000000 0.045399
vn -0.095106 0.000000 0.030902
vn -0.095106 0.000000 0.030902
vn 0.000000 -0.100000 0.000000
vn 0.000000 -0.100000 0.000000
vn 0.000000 -0.100000 0.000000
vn 0.000000 -0.100000 0.000000
vn 0.000000 -0.100000 0.000000
vn 0.000000 -0.100000 0.000000
vn 0.000000 -0.100000 0.000000
vn 0.000000 -0.100000 0.000000
vn 0.000000 -0.100000 0.000000
vn 0.000000 -0.100000 0.000000
vn 0.000000 -0.100000 0.000000
vn 0.000000 -0.100000 0.000000
vn 0.000000 -0.100000 0.000000
vn 0.000000 -0.100000 0.000000
vn 0.000000 -0.100000 0.000000
vn 0.000000 -0.100000 0.000000
vn 0.000000 -0.100000 0.000000
vn 0.000000 -0.100000 0.000000
vn 0.000000 -0.100000 0.000000
vn 0.000000 -0.100000 0.000000
vn 0.000000 -0.100000 0.000000
vn 0.000000 -0.100000 0.000000
vn 0.000000 -0.100000 0.000000
vn 0.000000 -0.100000 0.000000
vn 0.000000 -0.100000 0.000000
vn 0.000000 -0.100000 0.000000
vn 0.000000 -0.100000 0.000000
vn 0.000000 -0.100000 0.000000
vn 0.000000 -0.100000 0.000000
vn 0.000000 -0.100000 0.000000
vn 0.000000 -0.100000 0.000000
vn 0.000000 -0.100000 0.000000
vn 0.000000 -0.100000 0.000000
vn 0.000000 -0.100000 0.000000
vn 0.000000 -0.100000 0.000000
vn 0.000000 -0.100000 0.000000
vn 0.000000 -0.100000 0.000000
vn 0.000000 -0.100000 0.000000
vn 0.000000 -0.100000 0.000000
vn 0.000000 -0.100000 0.000000
vn -0.080406 -0.046422 -0.037147
vn -0.080406 -0.046422 -0.037147
vn -0.080406 -0.046422 -0.037147
vn -0.080406 -0.046422 -0.037147
vn -0.080406 -0.046422 -0.037147
vn -0.080406 -0.046422 -0.037147
vn -0.080406 -0.046422 -0.037147
vn -0.080406 -0.046422 -0.037147
vn -0.080406 -0.046422 -0.037147
vn -0.080406 -0.046422 -0.037147
vn -0.080406 -0.046422 -0.037147
vn -0.080406 0.046422 -0.037147
vn -0.080406 0.046422 -0.037147
vn -0.080406 0.046422 -0.037147
vn -0.080406 0.046422 -0.037147
vn -0.080406 0.046422 -0.037147
vn -0.080406 0.046422 -0.037147
vn -0.080406 0.046422 -0.037147
vn -0.080406 0.046422 -0.037147
vn -0.080406 0.046422 -0.037147
vn -0.080406 0.046422 -0.037147
vn -0.080406 0.046422 -0.037147
vn -0.092844 0.000000 -0.037147
vn -0.092844 0.000000 -0.037147
vn -0.092844 0.000000 -0.037147
vn -0.092844 0.000000 -0.037147
vn -0.092844 0.000000 -0.037147
vn -0.092844 0.000000 -0.037147
vn -0.092844 0.000000 -0.037147
vn -0.092844 0.000000 -0.037147
vn -0.092844 0.000000 -0.037147
vn -0.092844 0.000000 -0.037147
vn -0.092844 0.000000 -0.037147
vn -0.046422 0.080406 0.037147
vn -0.046422 0.080406 0.037147
vn -0.046422 0.080406 0.037147
vn -0.046422 0.080406 0.037147
vn -0.046422 0.080406 0.037147
vn -0.046422 0.080406 0.037147
vn -0.046422 0.080406 0.037147
vn -0.046422 0.080406 0.037147
vn -0.046422 0.080406 0.037147
vn -0.046422 0.080406 0.037147
vn -0.046422 0.080406 0.037147
vn -0.092844 0.000000 0.037147
vn -0.092844 0.000000 0.037147
vn -0.092844 0.000000 0.037147
vn -0.092844 0.000000 0.037147
vn -0.092844 0.000000 0.037147
vn -0.092844 0.000000 0.037147
vn -0.092844 0.000000 0.037147
vn -0.092844 0.000000 0.037147
vn -0.092844 0.000000 0.037147
vn -0.092844 0.000000 0.037147
vn -0.092844 0.000000 0.037147
vn 0.000000 0.092844 0.037147
vn 0.000000 0.092844 0.037147
vn 0.000000 0.092844 0.037147
vn 0.000000 0.092844 0.037147
vn 0.000000 0.092844 0.037147
vn 0.000000 0.092844 0.037147
vn 0.000000 0.092844 0.037147
vn 0.000000 0.092844 0.037147
vn 0.000000 0.092844 0.037147
vn 0.000000 0.092844 0.037147
vn 0.000000 0.092844 0.037147
vn 0.092845 0.000000 0.037147
vn 0.092845 0.000000 0.037147
vn 0.092845 0.000000 0.037147
vn 0.092845 0.000000 0.037147
vn 0.092845 0.000000 0.037147
vn 0.092845 0.000000 0.037147
vn 0.092845 0.000000 0.037147
vn 0.092845 0.000000 0.037147
vn 0.092845 0.000000 0.037147
vn 0.092845 0.000000 0.037147
vn 0.092845 0.000000 0.037147
vn 0.046422 -0.080406 -0.037147
vn 0.046422 -0.080406 -0.037147
vn 0.046422 -0.080406 -0.037147
vn 0.046422 -0.080406 -0.037147
vn 0.046422 -0.080406 -0.037147
vn 0.046422 -0.080406 -0.037147
vn 0.046422 -0.080406 -0.037147
vn 0.046422 -0.080406 -0.037147
vn 0.046422 -0.080406 -0.037147
vn 0.046422 -0.080406 -0.037147
vn 0.046422 -0.080406 -0.037147
vn 0.046422 -0.080406 -0.037147
vn 0.046422 -0.080406 -0.037147
vn 0.046422 -0.080406 -0.037147
vn 0.046422 -0.080406 -0.037147
vn 0.046422 -0.080406 -0.037147
vn 0.046422 -0.080406 -0.037147
vn 0.046422 -0.080406 -0.037147
vn 0.046422 -0.080406 -0.037147
vn 0.046422 -0.080406 -0.037147
vn 0.046422 -0.080406 -0.037147
vn 0.046422 -0.080406 -0.037147
vn 0.046422 -0.080406 -0.037147
vn 0.046422 -0.080406 -0.037147
vn 0.046422 0.080406 -0.037147
vn 0.046422 0.080406 -0.037147
vn 0.046422 0.080406 -0.037147
vn 0.046422 0.080406 -0.037147
vn 0.046422 0.080406 -0.037147
vn 0.046422 0.080406 -0.037147
vn 0.046422 0.080406 -0.037147
vn 0.046422 0.080406 -0.037147
vn 0.046422 0.080406 -0.037147
vn 0.046422 0.080406 -0.037147
vn 0.046422 0.080406 -0.037147
vn 0.046422 -0.080406 0.037147
vn 0.046422 -0.080406 0.037147
vn 0.046422 -0.080406 0.037147
vn 0.046422 -0.080406 0.037147
vn 0.046422 -0.080406 0.037147
vn 0.046422 -0.080406 0.037147
vn 0.046422 -0.080406 0.037147
vn 0.046422 -0.080406 0.037147
vn 0.046422 -0.080406 0.037147
vn 0.046422 -0.080406 0.037147
vn 0.046422 -0.080406 0.037147
vn 0.046422 -0.080406 0.037147
vn 0.046422 -0.080406 0.037147
vn 0.046422 -0.080406 0.037147
vn 0.046422 -0.080406 0.037147
vn 0.046422 -0.080406 0.037147
vn 0.046422 -0.080406 0.037147
vn 0.046422 -0.080406 0.037147
vn 0.046422 -0.080406 0.037147
vn 0.046422 -0.080406 0.037147
vn 0.046422 -0.080406 0.037147
vn 0.046422 -0.080406 0.037147
vn 0.046422 -0.080406 0.037147
vn 0.046422 -0.080406 0.037147
vn 0.046422 -0.080406 0.037147
vn 0.080406 -0.046422 0.037147
vn 0.080406 -0.046422 0.037147
vn 0.080406 -0.046422 0.037147
vn 0.080406 -0.046422 0.037147
vn 0.080406 -0.046422 0.037147
vn 0.080406 -0.046422 0.037147
vn 0.080406 -0.046422 0.037147
vn 0.080406 -0.046422 0.037147
vn 0.080406 -0.046422 0.037147
vn 0.080406 -0.046422 0.037147
vn 0.080406 -0.046422 0.037147
vn -0.046422 -0.080406 -0.037147
vn -0.046422 -0.080406 -0.037147
vn -0.046422 -0.080406 -0.037147
vn -0.046422 -0.080406 -0.037147
vn -0.046422 -0.080406 -0.037147
vn -0.046422 -0.080406 -0.037147
vn -0.046422 -0.080406 -0.037147
vn -0.046422 -0.080406 -0.037147
vn -0.046422 -0.080406 -0.037147
vn -0.046422 -0.080406 -0.037147
vn -0.046422 -0.080406 -0.037147
vn -0.046422 -0.080406 -0.037147
vn -0.046422 -0.080406 -0.037147
vn -0.046422 -0.080406 -0.037147
vn -0.046422 -0.080406 -0.037147
vn -0.046422 -0.080406 -0.037147
vn -0.046422 -0.080406 -0.037147
vn -0.046422 -0.080406 -0.037147
vn -0.046422 -0.080406 -0.037147
vn -0.046422 -0.080406 -0.037147
vn -0.046422 -0.080406 -0.037147
vn -0.046422 -0.080406 -0.037147
vn -0.046422 -0.080406 -0.037147
vn -0.046422 -0.080406 -0.037147
vn 0.080406 -0.046422 -0.037147
vn 0.080406 -0.046422 -0.037147
vn 0.080406 -0.046422 -0.037147
vn 0.080406 -0.046422 -0.037147
vn 0.080406 -0.046422 -0.037147
vn 0.080406 -0.046422 -0.037147
vn 0.080406 -0.046422 -0.037147
vn 0.080406 -0.046422 -0.037147
vn 0.080406 -0.046422 -0.037147
vn 0.080406 -0.046422 -0.037147
vn 0.080406 -0.046422 -0.037147
vn 0.046422 0.080406 0.037147
vn 0.046422 0.080406 0.037147
vn 0.046422 0.080406 0.037147
vn 0.046422 0.080406 0.037147
vn 0.046422 0.080406 0.037147
vn 0.046422 0.080406 0.037147
vn 0.046422 0.080406 0.037147
vn 0.046422 0.080406 0.037147
vn 0.046422 0.080406 0.037147
vn 0.046422 0.080406 0.037147
vn 0.046422 0.080406 0.037147
vn -0.080406 0.046422 0.037147
vn -0.080406 0.046422 0.037147
vn -0.080406 0.046422 0.037147
vn -0.080406 0.046422 0.037147
vn -0.080406 0.046422 0.037147
vn -0.080406 0.046422 0.037147
vn -0.080406 0.046422 0.037147
vn -0.080406 0.046422 0.037147
vn -0.080406 0.046422 0.037147
vn -0.080406 0.046422 0.037147
vn -0.080406 0.046422 0.037147
vn -0.046422 -0.080406 0.037147
vn -0.046422 -0.080406 0.037147
vn -0.046422 -0.080406 0.037147
vn -0.046422 -0.080406 0.037147
vn -0.046422 -0.080406 0.037147
vn -0.046422 -0.080406 0.037147
vn -0.046422 -0.080406 0.037147
vn -0.046422 -0.080406 0.037147
vn -0.046422 -0.080406 0.037147
vn -0.046422 -0.080406 0.037147
vn -0.046422 -0.080406 0.037147
vn -0.046422 -0.080406 0.037147
vn -0.046422 -0.080406 0.037147
vn -0.046422 -0.080406 0.037147
vn -0.046422 -0.080406 0.037147
vn -0.046422 -0.080406 0.037147
vn -0.046422 -0.080406 0.037147
vn -0.046422 -0.080406 0.037147
vn -0.046422 -0.080406 0.037147
vn -0.046422 -0.080406 0.037147
vn -0.046422 -0.080406 0.037147
vn -0.046422 -0.080406 0.037147
vn -0.046422 -0.080406 0.037147
vn -0.046422 -0.080406 0.037147
vn -0.046422 -0.080406 0.037147
vn 0.092845 0.000000 -0.037147
vn 0.092845 0.000000 -0.037147
vn 0.092845 0.000000 -0.037147
vn 0.092845 0.000000 -0.037147
vn 0.092845 0.000000 -0.037147
vn 0.092845 0.000000 -0.037147
vn 0.092845 0.000000 -0.037147
vn 0.092845 0.000000 -0.037147
vn 0.092845 0.000000 -0.037147
vn 0.092845 0.000000 -0.037147
vn 0.092845 0.000000 -0.037147
vn -0.000000 0.092844 -0.037147
vn -0.000000 0.092844 -0.037147
vn -0.000000 0.092844 -0.037147
vn -0.000000 0.092844 -0.037147
vn -0.000000 0.092844 -0.037147
vn -0.000000 0.092844 -0.037147
vn -0.000000 0.092844 -0.037147
vn -0.000000 0.092844 -0.037147
vn -0.000000 0.092844 -0.037147
vn -0.000000 0.092844 -0.037147
vn -0.000000 0.092844 -0.037147
vn 0.080406 0.046422 -0.037147
vn 0.080406 0.046422 -0.037147
vn 0.080406 0.046422 -0.037147
vn 0.080406 0.046422 -0.037147
vn 0.080406 0.046422 -0.037147
vn 0.080406 0.046422 -0.037147
vn 0.080406 0.046422 -0.037147
vn 0.080406 0.046422 -0.037147
vn 0.080406 0.046422 -0.037147
vn 0.080406 0.046422 -0.037147
vn 0.080406 0.046422 -0.037147
vn -0.046422 0.080406 -0.037147
vn -0.046422 0.080406 -0.037147
vn -0.046422 0.080406 -0.037147
vn -0.046422 0.080406 -0.037147
vn -0.046422 0.080406 -0.037147
vn -0.046422 0.080406 -0.037147
vn -0.046422 0.080406 -0.037147
vn -0.046422 0.080406 -0.037147
vn -0.046422 0.080406 -0.037147
vn -0.046422 0.080406 -0.037147
vn -0.046422 0.080406 -0.037147
vn 0.080406 0.046422 0.037147
vn 0.080406 0.046422 0.037147
vn 0.080406 0.046422 0.037147
vn 0.080406 0.046422 0.037147
vn 0.080406 0.046422 0.037147
vn 0.080406 0.046422 0.037147
vn 0.080406 0.046422 0.037147
vn 0.080406 0.046422 0.037147
vn 0.080406 0.046422 0.037147
vn 0.080406 0.046422 0.037147
vn 0.080406 0.046422 0.037147
vn -0.080406 -0.046422 0.037147
vn -0.080406 -0.046422 0.037147
vn -0.080406 -0.046422 0.037147
vn -0.080406 -0.046422 0.037147
vn -0.080406 -0.046422 0.037147
vn -0.080406 -0.046422 0.037147
vn -0.080406 -0.046422 0.037147
vn -0.080406 -0.046422 0.037147
vn -0.080406 -0.046422 0.037147
vn -0.080406 -0.046422 0.037147
vn -0.080406 -0.046422 0.037147
vn -0.014924 0.069118 0.070711
vn -0.018301 0.068301 0.070711
vn -0.018224 0.069709 0.069343
vn -0.021639 0.067319 0.070711
vn -0.023264 0.068193 0.069343
vn -0.024918 0.066175 0.070711
vn -0.028180 0.066313 0.069343
vn -0.028133 0.064873 0.070711
vn -0.031278 0.063417 0.070711
vn -0.032945 0.064079 0.069343
vn -0.034346 0.061809 0.070711
vn -0.037535 0.061503 0.069343
vn -0.037334 0.060051 0.070711
vn -0.040235 0.058148 0.070711
vn -0.041924 0.058599 0.069343
vn -0.043043 0.056101 0.070711
vn -0.046090 0.055383 0.069343
vn -0.045750 0.053916 0.070711
vn -0.048342 0.051605 0.070711
vn -0.050010 0.051871 0.069343
vn -0.050814 0.049172 0.070711
vn -0.053662 0.048082 0.069343
vn -0.053162 0.046624 0.070711
vn -0.055382 0.043964 0.070711
vn -0.057029 0.044036 0.069343
vn -0.057470 0.041197 0.070711
vn -0.060091 0.039756 0.069343
vn -0.059422 0.038328 0.070711
vn -0.061234 0.035362 0.070711
vn -0.062833 0.035264 0.069343
vn -0.062899 0.032307 0.070711
vn -0.065240 0.030583 0.069343
vn -0.064409 0.029181 0.070711
vn -0.067298 0.025739 0.069343
vn -0.065762 0.025988 0.070711
vn -0.066956 0.022735 0.070711
vn -0.068997 0.020758 0.069343
vn -0.067990 0.019427 0.070711
vn -0.070328 0.015666 0.069343
vn -0.068860 0.016072 0.070711
vn -0.069565 0.012674 0.070711
vn -0.071284 0.010491 0.069343
vn -0.070104 0.009240 0.070711
vn -0.071860 0.005259 0.069343
vn -0.070474 0.005782 0.070711
vn -0.070673 0.002315 0.070711
vn -0.072052 -0.000000 0.069343
vn -0.070701 -0.001152 0.070711
vn -0.071860 -0.005259 0.069343
vn -0.070560 -0.004614 0.070711
vn -0.070249 -0.008065 0.070711
vn -0.071284 -0.010491 0.069343
vn -0.069769 -0.011499 0.070711
vn -0.070328 -0.015666 0.069343
vn -0.069121 -0.014908 0.070711
vn -0.068305 -0.018287 0.070711
vn -0.068997 -0.020758 0.069343
vn -0.067323 -0.021624 0.070711
vn -0.067298 -0.025739 0.069343
vn -0.066181 -0.024902 0.070711
vn -0.064880 -0.028117 0.070711
vn -0.065240 -0.030583 0.069343
vn -0.063425 -0.031261 0.070711
vn -0.062833 -0.035264 0.069343
vn -0.061817 -0.034331 0.070711
vn -0.060060 -0.037319 0.070711
vn -0.060091 -0.039756 0.069343
vn -0.058157 -0.040222 0.070711
vn -0.057029 -0.044036 0.069343
vn -0.056109 -0.043032 0.070711
vn -0.053925 -0.045740 0.070711
vn -0.053662 -0.048082 0.069343
vn -0.051611 -0.048335 0.070711
vn -0.050010 -0.051871 0.069343
vn -0.049174 -0.050813 0.070711
vn -0.046616 -0.053169 0.070711
vn -0.046090 -0.055383 0.069343
vn -0.043944 -0.055398 0.070711
vn -0.041948 -0.058583 0.069343
vn -0.041167 -0.057491 0.070711
vn -0.038292 -0.059445 0.070711
vn -0.037535 -0.061503 0.069343
vn -0.035324 -0.061255 0.070711
vn -0.032945 -0.064079 0.069343
vn -0.032269 -0.062918 0.070711
vn -0.029136 -0.064429 0.070711
vn -0.028180 -0.066313 0.069343
vn -0.025939 -0.065781 0.070711
vn -0.023264 -0.068193 0.069343
vn -0.022684 -0.066973 0.070711
vn -0.019376 -0.068004 0.070711
vn -0.018224 -0.069709 0.069343
vn -0.016021 -0.068872 0.070711
vn -0.013087 -0.070854 0.069343
vn -0.012626 -0.069574 0.070711
vn -0.009196 -0.070110 0.070711
vn -0.007880 -0.071620 0.069343
vn -0.005738 -0.070477 0.070711
vn -0.002631 -0.072004 0.069343
vn -0.002267 -0.070674 0.070711
vn 0.001204 -0.070700 0.070711
vn 0.002631 -0.072004 0.069343
vn 0.004668 -0.070556 0.070711
vn 0.007880 -0.071620 0.069343
vn 0.008119 -0.070243 0.070711
vn 0.011550 -0.069761 0.070711
vn 0.013087 -0.070854 0.069343
vn 0.014956 -0.069111 0.070711
vn 0.018224 -0.069709 0.069343
vn 0.018330 -0.068293 0.070711
vn 0.021666 -0.067310 0.070711
vn 0.023264 -0.068193 0.069343
vn 0.024948 -0.066163 0.070711
vn 0.028180 -0.066313 0.069343
vn 0.028164 -0.064860 0.070711
vn 0.031310 -0.063401 0.070711
vn 0.032945 -0.064079 0.069343
vn 0.034378 -0.061791 0.070711
vn 0.037535 -0.061503 0.069343
vn 0.037364 -0.060033 0.070711
vn 0.040262 -0.058129 0.070711
vn 0.041924 -0.058599 0.069343
vn 0.043067 -0.056083 0.070711
vn 0.046090 -0.055383 0.069343
vn 0.045772 -0.053897 0.070711
vn 0.048366 -0.051582 0.070711
vn 0.050010 -0.051871 0.069343
vn 0.050838 -0.049147 0.070711
vn 0.053662 -0.048082 0.069343
vn 0.053186 -0.046597 0.070711
vn 0.055405 -0.043935 0.070711
vn 0.057029 -0.044036 0.069343
vn 0.057491 -0.041168 0.070711
vn 0.060091 -0.039756 0.069343
vn 0.059440 -0.038300 0.070711
vn 0.062833 -0.035264 0.069343
vn 0.061248 -0.035336 0.070711
vn 0.062912 -0.032281 0.070711
vn 0.065240 -0.030583 0.069343
vn 0.064422 -0.029151 0.070711
vn 0.067298 -0.025739 0.069343
vn 0.065775 -0.025955 0.070711
vn 0.066968 -0.022701 0.070711
vn 0.068997 -0.020758 0.069343
vn 0.067999 -0.019393 0.070711
vn 0.070328 -0.015666 0.069343
vn 0.068868 -0.016038 0.070711
vn 0.069571 -0.012642 0.070711
vn 0.071284 -0.010491 0.069343
vn 0.070108 -0.009211 0.070711
vn 0.071860 -0.005259 0.069343
vn 0.070476 -0.005752 0.070711
vn 0.070674 -0.002282 0.070711
vn 0.072052 -0.000000 0.069343
vn 0.070701 0.001187 0.070711
vn 0.071860 0.005259 0.069343
vn 0.070558 0.004650 0.070711
vn 0.070245 0.008101 0.070711
vn 0.071284 0.010491 0.069343
vn 0.069764 0.011533 0.070711
vn 0.070328 0.015666 0.069343
vn 0.069114 0.014940 0.070711
vn 0.068298 0.018316 0.070711
vn 0.068997 0.020758 0.069343
vn 0.067314 0.021653 0.070711
vn 0.067298 0.025739 0.069343
vn 0.066169 0.024933 0.070711
vn 0.064867 0.028149 0.070711
vn 0.065240 0.030583 0.069343
vn 0.063409 0.031294 0.070711
vn 0.062833 0.035264 0.069343
vn 0.061800 0.034362 0.070711
vn 0.060042 0.037349 0.070711
vn 0.060091 0.039756 0.069343
vn 0.058139 0.040248 0.070711
vn 0.057029 0.044036 0.069343
vn 0.056092 0.043055 0.070711
vn 0.053906 0.045762 0.070711
vn 0.053662 0.048082 0.069343
vn 0.051594 0.048354 0.070711
vn 0.050010 0.051871 0.069343
vn 0.049160 0.050826 0.070711
vn 0.046610 0.053174 0.070711
vn 0.046090 0.055383 0.069343
vn 0.043950 0.055394 0.070711
vn 0.041963 0.058572 0.069343
vn 0.041183 0.057481 0.070711
vn 0.038314 0.059431 0.070711
vn 0.037535 0.061503 0.069343
vn 0.035349 0.061241 0.070711
vn 0.032908 0.064098 0.069343
vn 0.032294 0.062906 0.070711
vn 0.029166 0.064416 0.070711
vn 0.028180 0.066313 0.069343
vn 0.025971 0.065769 0.070711
vn 0.023264 0.068193 0.069343
vn 0.022718 0.066962 0.070711
vn 0.019410 0.067995 0.070711
vn 0.018224 0.069709 0.069343
vn 0.016055 0.068864 0.070711
vn 0.013087 0.070854 0.069343
vn 0.012658 0.069569 0.070711
vn 0.009226 0.070106 0.070711
vn 0.007880 0.071620 0.069343
vn 0.005767 0.070475 0.070711
vn 0.002631 0.072004 0.069343
vn 0.002299 0.070673 0.070711
vn -0.001170 0.070701 0.070711
vn -0.002631 0.072004 0.069343
vn -0.004632 0.070559 0.070711
vn -0.007880 0.071620 0.069343
vn -0.008083 0.070247 0.070711
vn -0.011516 0.069767 0.070711
vn -0.013087 0.070854 0.069343
vn -0.021638 0.067319 -0.070711
vn -0.018301 0.068301 -0.070711
vn -0.018224 0.069709 -0.069343
vn -0.014926 0.069118 -0.070711
vn -0.013087 0.070854 -0.069343
vn -0.011519 0.069766 -0.070711
vn -0.007880 0.071620 -0.069343
vn -0.008087 0.070247 -0.070711
vn -0.004636 0.070559 -0.070711
vn -0.002631 0.072004 -0.069343
vn -0.001173 0.070701 -0.070711
vn 0.002631 0.072004 -0.069343
vn 0.002297 0.070673 -0.070711
vn 0.005767 0.070475 -0.070711
vn 0.007880 0.071620 -0.069343
vn 0.009226 0.070106 -0.070711
vn 0.013087 0.070854 -0.069343
vn 0.012656 0.069569 -0.070711
vn 0.016052 0.068865 -0.070711
vn 0.018224 0.069709 -0.069343
vn 0.019407 0.067996 -0.070711
vn 0.023264 0.068193 -0.069343
vn 0.022714 0.066963 -0.070711
vn 0.025969 0.065770 -0.070711
vn 0.028180 0.066313 -0.069343
vn 0.029164 0.064416 -0.070711
vn 0.032908 0.064098 -0.069343
vn 0.032294 0.062905 -0.070711
vn 0.035349 0.061241 -0.070711
vn 0.037535 0.061503 -0.069343
vn 0.038312 0.059432 -0.070711
vn 0.041960 0.058573 -0.069343
vn 0.041180 0.057482 -0.070711
vn 0.043947 0.055396 -0.070711
vn 0.046090 0.055383 -0.069343
vn 0.046608 0.053177 -0.070711
vn 0.050010 0.051871 -0.069343
vn 0.049158 0.050828 -0.070711
vn 0.051593 0.048355 -0.070711
vn 0.053662 0.048082 -0.069343
vn 0.053907 0.045761 -0.070711
vn 0.057029 0.044036 -0.069343
vn 0.056092 0.043055 -0.070711
vn 0.058137 0.040250 -0.070711
vn 0.060091 0.039756 -0.069343
vn 0.060041 0.037352 -0.070711
vn 0.062833 0.035264 -0.069343
vn 0.061798 0.034365 -0.070711
vn 0.063408 0.031297 -0.070711
vn 0.065240 0.030583 -0.069343
vn 0.064865 0.028151 -0.070711
vn 0.067298 0.025739 -0.069343
vn 0.066169 0.024934 -0.070711
vn 0.067314 0.021652 -0.070711
vn 0.068997 0.020758 -0.069343
vn 0.068297 0.018316 -0.070711
vn 0.070328 0.015666 -0.069343
vn 0.069114 0.014942 -0.070711
vn 0.069763 0.011536 -0.070711
vn 0.071284 0.010491 -0.069343
vn 0.070245 0.008105 -0.070711
vn 0.071860 0.005259 -0.069343
vn 0.070557 0.004654 -0.070711
vn 0.070701 0.001190 -0.070711
vn 0.072052 0.000000 -0.069343
vn 0.070674 -0.002281 -0.070711
vn 0.071860 -0.005259 -0.069343
vn 0.070476 -0.005753 -0.070711
vn 0.070108 -0.009211 -0.070711
vn 0.071284 -0.010491 -0.069343
vn 0.069572 -0.012640 -0.070711
vn 0.070328 -0.015666 -0.069343
vn 0.068869 -0.016035 -0.070711
vn 0.068000 -0.019389 -0.070711
vn 0.068997 -0.020758 -0.069343
vn 0.066969 -0.022697 -0.070711
vn 0.067298 -0.025739 -0.069343
vn 0.065776 -0.025953 -0.070711
vn 0.064423 -0.029150 -0.070711
vn 0.065240 -0.030583 -0.069343
vn 0.062912 -0.032282 -0.070711
vn 0.062833 -0.035264 -0.069343
vn 0.061249 -0.035335 -0.070711
vn 0.059441 -0.038298 -0.070711
vn 0.060091 -0.039756 -0.069343
vn 0.057493 -0.041166 -0.070711
vn 0.057029 -0.044036 -0.069343
vn 0.055407 -0.043933 -0.070711
vn 0.053662 -0.048082 -0.069343
vn 0.053188 -0.046594 -0.070711
vn 0.050840 -0.049146 -0.070711
vn 0.050010 -0.051871 -0.069343
vn 0.048367 -0.051582 -0.070711
vn 0.046090 -0.055383 -0.069343
vn 0.045772 -0.053898 -0.070711
vn 0.043067 -0.056082 -0.070711
vn 0.041924 -0.058599 -0.069343
vn 0.040264 -0.058128 -0.070711
vn 0.037535 -0.061503 -0.069343
vn 0.037367 -0.060031 -0.070711
vn 0.034381 -0.061789 -0.070711
vn 0.032945 -0.064079 -0.069343
vn 0.031313 -0.063400 -0.070711
vn 0.028180 -0.066313 -0.069343
vn 0.028167 -0.064858 -0.070711
vn 0.024949 -0.066163 -0.070711
vn 0.023264 -0.068193 -0.069343
vn 0.021665 -0.067310 -0.070711
vn 0.018224 -0.069709 -0.069343
vn 0.018331 -0.068293 -0.070711
vn 0.014959 -0.069110 -0.070711
vn 0.013087 -0.070854 -0.069343
vn 0.011554 -0.069760 -0.070711
vn 0.007880 -0.071620 -0.069343
vn 0.008123 -0.070243 -0.070711
vn 0.004671 -0.070556 -0.070711
vn 0.002631 -0.072004 -0.069343
vn 0.001207 -0.070700 -0.070711
vn -0.002631 -0.072004 -0.069343
vn -0.002266 -0.070674 -0.070711
vn -0.005739 -0.070477 -0.070711
vn -0.007880 -0.071620 -0.069343
vn -0.009195 -0.070110 -0.070711
vn -0.013087 -0.070854 -0.069343
vn -0.012623 -0.069575 -0.070711
vn -0.016017 -0.068873 -0.070711
vn -0.018224 -0.069709 -0.069343
vn -0.019372 -0.068005 -0.070711
vn -0.023264 -0.068193 -0.069343
vn -0.022681 -0.066974 -0.070711
vn -0.025937 -0.065782 -0.070711
vn -0.028180 -0.066313 -0.069343
vn -0.029136 -0.064429 -0.070711
vn -0.032945 -0.064079 -0.069343
vn -0.032269 -0.062918 -0.070711
vn -0.035321 -0.061257 -0.070711
vn -0.037535 -0.061503 -0.069343
vn -0.038284 -0.059450 -0.070711
vn -0.041931 -0.058594 -0.069343
vn -0.041151 -0.057503 -0.070711
vn -0.043918 -0.055418 -0.070711
vn -0.046090 -0.055383 -0.069343
vn -0.046581 -0.053200 -0.070711
vn -0.050010 -0.051871 -0.069343
vn -0.049133 -0.050852 -0.070711
vn -0.051571 -0.048378 -0.070711
vn -0.053662 -0.048082 -0.069343
vn -0.053888 -0.045782 -0.070711
vn -0.057029 -0.044036 -0.069343
vn -0.056074 -0.043077 -0.070711
vn -0.058124 -0.040270 -0.070711
vn -0.060091 -0.039756 -0.069343
vn -0.060032 -0.037364 -0.070711
vn -0.062833 -0.035264 -0.069343
vn -0.061797 -0.034367 -0.070711
vn -0.063413 -0.031285 -0.070711
vn -0.065240 -0.030583 -0.069343
vn -0.064874 -0.028131 -0.070711
vn -0.067298 -0.025739 -0.069343
vn -0.066178 -0.024909 -0.070711
vn -0.067323 -0.021625 -0.070711
vn -0.068997 -0.020758 -0.069343
vn -0.068305 -0.018287 -0.070711
vn -0.070328 -0.015666 -0.069343
vn -0.069121 -0.014910 -0.070711
vn -0.069769 -0.011502 -0.070711
vn -0.071284 -0.010491 -0.069343
vn -0.070249 -0.008069 -0.070711
vn -0.071860 -0.005259 -0.069343
vn -0.070560 -0.004618 -0.070711
vn -0.070701 -0.001155 -0.070711
vn -0.072052 0.000000 -0.069343
vn -0.070673 0.002313 -0.070711
vn -0.071860 0.005259 -0.069343
vn -0.070474 0.005781 -0.070711
vn -0.070104 0.009241 -0.070711
vn -0.071284 0.010491 -0.069343
vn -0.069566 0.012673 -0.070711
vn -0.070328 0.015666 -0.069343
vn -0.068861 0.016069 -0.070711
vn -0.067991 0.019424 -0.070711
vn -0.068997 0.020758 -0.069343
vn -0.066957 0.022731 -0.070711
vn -0.067298 0.025739 -0.069343
vn -0.065763 0.025985 -0.070711
vn -0.064410 0.029179 -0.070711
vn -0.065240 0.030583 -0.069343
vn -0.062899 0.032307 -0.070711
vn -0.062833 0.035264 -0.069343
vn -0.061234 0.035362 -0.070711
vn -0.060091 0.039756 -0.069343
vn -0.059423 0.038326 -0.070711
vn -0.057472 0.041194 -0.070711
vn -0.057029 0.044036 -0.069343
vn -0.055385 0.043961 -0.070711
vn -0.053662 0.048082 -0.069343
vn -0.053165 0.046621 -0.070711
vn -0.050816 0.049170 -0.070711
vn -0.050010 0.051871 -0.069343
vn -0.048344 0.051603 -0.070711
vn -0.046090 0.055383 -0.069343
vn -0.045750 0.053916 -0.070711
vn -0.043043 0.056101 -0.070711
vn -0.041924 0.058599 -0.069343
vn -0.040236 0.058147 -0.070711
vn -0.037535 0.061503 -0.069343
vn -0.037337 0.060050 -0.070711
vn -0.034350 0.061807 -0.070711
vn -0.032945 0.064079 -0.069343
vn -0.031281 0.063416 -0.070711
vn -0.028180 0.066313 -0.069343
vn -0.028136 0.064872 -0.070711
vn -0.024920 0.066174 -0.070711
vn -0.023264 0.068193 -0.069343
vn -0.100000 -0.000000 0.000000
vn -0.098828 -0.000000 0.015265
vn -0.099733 -0.007300 0.000000
vn -0.098564 -0.007214 0.015265
vn -0.098934 -0.014560 0.000000
vn -0.097775 -0.014389 0.015265
vn -0.097608 -0.021743 0.000000
vn -0.096464 -0.021488 0.015265
vn -0.095760 -0.028810 0.000000
vn -0.094638 -0.028472 0.015265
vn -0.093402 -0.035723 0.000000
vn -0.092307 -0.035304 0.015265
vn -0.090545 -0.042446 0.000000
vn -0.089484 -0.041948 0.015265
vn -0.087205 -0.048942 -0.000000
vn -0.086183 -0.048368 0.015265
vn -0.083400 -0.055177 -0.000000
vn -0.082422 -0.054530 0.015265
vn -0.079150 -0.061117 -0.000000
vn -0.078222 -0.060401 0.015265
vn -0.074477 -0.066732 -0.000000
vn -0.073604 -0.065950 0.015265
vn -0.069407 -0.071990 -0.000000
vn -0.068594 -0.071147 0.015265
vn -0.063967 -0.076865 -0.000000
vn -0.063218 -0.075964 0.015265
vn -0.058186 -0.081329 -0.000000
vn -0.057510 -0.080371 0.015265
vn -0.051484 -0.084359 0.015265
vn -0.049666 -0.081381 0.030172
vn -0.045188 -0.087892 0.015265
vn -0.043593 -0.084790 0.030172
vn -0.038652 -0.090956 0.015265
vn -0.037288 -0.087745 0.030172
vn -0.031910 -0.093535 0.015265
vn -0.030783 -0.090233 0.030172
vn -0.024997 -0.095615 0.015265
vn -0.024115 -0.092240 0.030172
vn -0.017951 -0.097184 0.015265
vn -0.017317 -0.093754 0.030172
vn -0.010809 -0.098235 0.015265
vn -0.010427 -0.094768 0.030172
vn -0.003609 -0.098762 0.015265
vn -0.003482 -0.095276 0.030172
vn 0.003609 -0.098762 0.015265
vn 0.003482 -0.095276 0.030172
vn 0.010809 -0.098235 0.015265
vn 0.010427 -0.094768 0.030172
vn 0.017951 -0.097184 0.015265
vn 0.017317 -0.093754 0.030172
vn 0.024997 -0.095615 0.015265
vn 0.024115 -0.092240 0.030172
vn 0.031910 -0.093535 0.015265
vn 0.030783 -0.090233 0.030172
vn 0.038652 -0.090956 0.015265
vn 0.037288 -0.087745 0.030172
vn 0.045188 -0.087892 0.015265
vn 0.043593 -0.084790 0.030172
vn 0.051484 -0.084359 0.015265
vn 0.049666 -0.081381 0.030172
vn 0.057504 -0.080376 0.015265
vn 0.055474 -0.077539 0.030172
vn 0.063218 -0.075964 0.015265
vn 0.060986 -0.073283 0.030172
vn 0.068594 -0.071147 0.015265
vn 0.066173 -0.068635 0.030172
vn 0.073604 -0.065950 0.015265
vn 0.071006 -0.063622 0.030172
vn 0.078222 -0.060401 0.015265
vn 0.075461 -0.058269 0.030172
vn 0.082422 -0.054530 0.015265
vn 0.079513 -0.052605 0.030172
vn 0.086183 -0.048368 0.015265
vn 0.083141 -0.046661 0.030172
vn 0.089484 -0.041948 0.015265
vn 0.086325 -0.040468 0.030172
vn 0.092307 -0.035304 0.015265
vn 0.089049 -0.034058 0.030172
vn 0.094638 -0.028472 0.015265
vn 0.091297 -0.027467 0.030172
vn 0.096464 -0.021488 0.015265
vn 0.093059 -0.020730 0.030172
vn 0.097775 -0.014389 0.015265
vn 0.094324 -0.013882 0.030172
vn 0.098564 -0.007214 0.015265
vn 0.095085 -0.006959 0.030172
vn 0.098828 -0.000000 0.015265
vn 0.095340 -0.000000 0.030172
vn 0.098564 0.007214 0.015265
vn 0.095085 0.006959 0.030172
vn 0.097775 0.014389 0.015265
vn 0.094324 0.013882 0.030172
vn 0.096464 0.021488 0.015265
vn 0.093059 0.020730 0.030172
vn 0.094638 0.028472 0.015265
vn 0.091297 0.027467 0.030172
vn 0.092307 0.035304 0.015265
vn 0.089049 0.034058 0.030172
vn 0.089484 0.041948 0.015265
vn 0.086325 0.040468 0.030172
vn 0.086183 0.048368 0.015265
vn 0.083141 0.046661 0.030172
vn 0.082422 0.054530 0.015265
vn 0.079513 0.052605 0.030172
vn 0.078222 0.060401 0.015265
vn 0.075461 0.058269 0.030172
vn 0.073604 0.065950 0.015265
vn 0.071006 0.063622 0.030172
vn 0.068594 0.071147 0.015265
vn 0.066173 0.068635 0.030172
vn 0.063218 0.075964 0.015265
vn 0.060986 0.073283 0.030172
vn 0.057515 0.080368 0.015265
vn 0.055495 0.077524 0.030172
vn 0.049666 0.081381 0.030172
vn 0.046685 0.076496 0.044372
vn 0.043573 0.084800 0.030172
vn 0.040948 0.079714 0.044372
vn 0.037288 0.087745 0.030172
vn 0.035049 0.082478 0.044372
vn 0.030783 0.090233 0.030172
vn 0.028935 0.084817 0.044372
vn 0.024115 0.092240 0.030172
vn 0.022667 0.086703 0.044372
vn 0.017317 0.093754 0.030172
vn 0.016278 0.088126 0.044372
vn 0.010427 0.094768 0.030172
vn 0.009801 0.089079 0.044372
vn 0.003482 0.095276 0.030172
vn 0.003273 0.089557 0.044372
vn -0.003482 0.095276 0.030172
vn -0.003273 0.089557 0.044372
vn -0.010427 0.094768 0.030172
vn -0.009801 0.089079 0.044372
vn -0.017317 0.093754 0.030172
vn -0.016278 0.088126 0.044372
vn -0.024115 0.092240 0.030172
vn -0.022667 0.086703 0.044372
vn -0.030783 0.090233 0.030172
vn -0.028935 0.084817 0.044372
vn -0.037288 0.087745 0.030172
vn -0.035049 0.082478 0.044372
vn -0.043593 0.084790 0.030172
vn -0.040976 0.079700 0.044372
vn -0.049666 0.081381 0.030172
vn -0.046685 0.076496 0.044372
vn -0.055474 0.077539 0.030172
vn -0.052144 0.072884 0.044372
vn -0.060986 0.073283 0.030172
vn -0.057325 0.068884 0.044372
vn -0.066173 0.068635 0.030172
vn -0.062201 0.064515 0.044372
vn -0.071006 0.063622 0.030172
vn -0.066744 0.059803 0.044372
vn -0.075461 0.058269 0.030172
vn -0.070931 0.054771 0.044372
vn -0.079513 0.052605 0.030172
vn -0.074740 0.049448 0.044372
vn -0.083141 0.046661 0.030172
vn -0.078150 0.043860 0.044372
vn -0.086325 0.040468 0.030172
vn -0.081143 0.038038 0.044372
vn -0.089049 0.034058 0.030172
vn -0.083703 0.032014 0.044372
vn -0.091297 0.027467 0.030172
vn -0.085817 0.025818 0.044372
vn -0.093059 0.020730 0.030172
vn -0.087473 0.019485 0.044372
vn -0.094324 0.013882 0.030172
vn -0.088662 0.013048 0.044372
vn -0.095085 0.006959 0.030172
vn -0.089377 0.006542 0.044372
vn -0.095340 -0.000000 0.030172
vn -0.089617 -0.000000 0.044372
vn -0.095085 -0.006959 0.030172
vn -0.089377 -0.006542 0.044372
vn -0.094324 -0.013882 0.030172
vn -0.088662 -0.013048 0.044372
vn -0.093059 -0.020730 0.030172
vn -0.087473 -0.019485 0.044372
vn -0.091297 -0.027467 0.030172
vn -0.085817 -0.025818 0.044372
vn -0.089049 -0.034058 0.030172
vn -0.083703 -0.032014 0.044372
vn -0.086325 -0.040468 0.030172
vn -0.081143 -0.038038 0.044372
vn -0.083141 -0.046661 0.030172
vn -0.078150 -0.043860 0.044372
vn -0.079513 -0.052605 0.030172
vn -0.074740 -0.049448 0.044372
vn -0.075461 -0.058269 0.030172
vn -0.070931 -0.054771 0.044372
vn -0.071006 -0.063622 0.030172
vn -0.066744 -0.059803 0.044372
vn -0.066173 -0.068635 0.030172
vn -0.062201 -0.064515 0.044372
vn -0.060986 -0.073283 0.030172
vn -0.057325 -0.068884 0.044372
vn -0.055487 -0.077530 0.030172
vn -0.052162 -0.072872 0.044372
vn -0.046685 -0.076496 0.044372
vn -0.042609 -0.069818 0.057532
vn -0.040976 -0.079700 0.044372
vn -0.037399 -0.072742 0.057532
vn -0.035049 -0.082478 0.044372
vn -0.031990 -0.075278 0.057532
vn -0.028935 -0.084817 0.044372
vn -0.026409 -0.077412 0.057532
vn -0.022667 -0.086703 0.044372
vn -0.020688 -0.079133 0.057532
vn -0.016278 -0.088126 0.044372
vn -0.014857 -0.080432 0.057532
vn -0.009801 -0.089079 0.044372
vn -0.008946 -0.081302 0.057532
vn -0.003273 -0.089557 0.044372
vn -0.002987 -0.081738 0.057532
vn 0.003273 -0.089557 0.044372
vn 0.002987 -0.081738 0.057532
vn 0.009801 -0.089079 0.044372
vn 0.008946 -0.081302 0.057532
vn 0.016278 -0.088126 0.044372
vn 0.014857 -0.080432 0.057532
vn 0.022667 -0.086703 0.044372
vn 0.020688 -0.079133 0.057532
vn 0.028935 -0.084817 0.044372
vn 0.026409 -0.077412 0.057532
vn 0.035049 -0.082478 0.044372
vn 0.031990 -0.075278 0.057532
vn 0.040976 -0.079700 0.044372
vn 0.037399 -0.072742 0.057532
vn 0.046685 -0.076496 0.044372
vn 0.042609 -0.069818 0.057532
vn 0.052144 -0.072884 0.044372
vn 0.047592 -0.066521 0.057532
vn 0.057325 -0.068884 0.044372
vn 0.052321 -0.062870 0.057532
vn 0.062201 -0.064515 0.044372
vn 0.056770 -0.058883 0.057532
vn 0.066744 -0.059803 0.044372
vn 0.060917 -0.054582 0.057532
vn 0.070931 -0.054771 0.044372
vn 0.064739 -0.049990 0.057532
vn 0.074740 -0.049448 0.044372
vn 0.068215 -0.045131 0.057532
vn 0.078150 -0.043860 0.044372
vn 0.071327 -0.040031 0.057532
vn 0.081143 -0.038038 0.044372
vn 0.074059 -0.034718 0.057532
vn 0.083703 -0.032014 0.044372
vn 0.076396 -0.029219 0.057532
vn 0.085817 -0.025818 0.044372
vn 0.078325 -0.023564 0.057532
vn 0.087473 -0.019485 0.044372
vn 0.079836 -0.017784 0.057532
vn 0.088662 -0.013048 0.044372
vn 0.080921 -0.011909 0.057532
vn 0.089377 -0.006542 0.044372
vn 0.081575 -0.005971 0.057532
vn 0.089617 -0.000000 0.044372
vn 0.081793 -0.000000 0.057532
vn 0.089377 0.006542 0.044372
vn 0.081575 0.005971 0.057532
vn 0.088662 0.013048 0.044372
vn 0.080921 0.011909 0.057532
vn 0.087473 0.019485 0.044372
vn 0.079836 0.017784 0.057532
vn 0.085817 0.025818 0.044372
vn 0.078325 0.023564 0.057532
vn 0.083703 0.032014 0.044372
vn 0.076396 0.029219 0.057532
vn 0.081143 0.038038 0.044372
vn 0.074059 0.034718 0.057532
vn 0.078150 0.043860 0.044372
vn 0.071327 0.040031 0.057532
vn 0.074740 0.049448 0.044372
vn 0.068215 0.045131 0.057532
vn 0.070931 0.054771 0.044372
vn 0.064739 0.049990 0.057532
vn 0.066744 0.059803 0.044372
vn 0.060917 0.054582 0.057532
vn 0.062201 0.064515 0.044372
vn 0.056770 0.058883 0.057532
vn 0.057325 0.068884 0.044372
vn 0.052321 0.062870 0.057532
vn 0.052173 0.072864 0.044372
vn 0.047627 0.066496 0.057532
vn 0.042609 0.069818 0.057532
vn 0.037365 0.072759 0.057532
vn 0.031990 0.075278 0.057532
vn 0.026409 0.077412 0.057532
vn 0.020688 0.079133 0.057532
vn 0.014857 0.080432 0.057532
vn 0.008946 0.081302 0.057532
vn 0.002987 0.081738 0.057532
vn -0.002987 0.081738 0.057532
vn -0.008946 0.081302 0.057532
vn -0.014857 0.080432 0.057532
vn -0.020688 0.079133 0.057532
vn -0.026409 0.077412 0.057532
vn -0.031990 0.075278 0.057532
vn -0.037399 0.072742 0.057532
vn -0.042609 0.069818 0.057532
vn -0.047592 0.066521 0.057532
vn -0.052321 0.062870 0.057532
vn -0.056770 0.058883 0.057532
vn -0.060917 0.054582 0.057532
vn -0.064739 0.049990 0.057532
vn -0.068215 0.045131 0.057532
vn -0.071327 0.040031 0.057532
vn -0.074059 0.034718 0.057532
vn -0.076396 0.029219 0.057532
vn -0.078325 0.023564 0.057532
vn -0.079836 0.017784 0.057532
vn -0.080921 0.011909 0.057532
vn -0.081575 0.005971 0.057532
vn -0.081793 -0.000000 0.057532
vn -0.081575 -0.005971 0.057532
vn -0.080921 -0.011909 0.057532
vn -0.079836 -0.017784 0.057532
vn -0.078325 -0.023564 0.057532
vn -0.076396 -0.029219 0.057532
vn -0.074059 -0.034718 0.057532
vn -0.071327 -0.040031 0.057532
vn -0.068215 -0.045131 0.057532
vn -0.064739 -0.049990 0.057532
vn -0.060917 -0.054582 0.057532
vn -0.056770 -0.058883 0.057532
vn -0.052321 -0.062870 0.057532
vn -0.047613 -0.066506 0.057532
vn -0.098828 0.000000 -0.015265
vn -0.099733 0.007300 0.000000
vn -0.098564 0.007214 -0.015265
vn -0.098934 0.014560 0.000000
vn -0.097775 0.014389 -0.015265
vn -0.097608 0.021743 0.000000
vn -0.096464 0.021488 -0.015265
vn -0.095760 0.028810 0.000000
vn -0.094638 0.028472 -0.015265
vn -0.093402 0.035723 0.000000
vn -0.092307 0.035304 -0.015265
vn -0.090545 0.042446 0.000000
vn -0.089484 0.041948 -0.015265
vn -0.087205 0.048942 0.000000
vn -0.086183 0.048368 -0.015265
vn -0.083400 0.055177 0.000000
vn -0.082422 0.054530 -0.015265
vn -0.079150 0.061117 0.000000
vn -0.078222 0.060401 -0.015265
vn -0.074477 0.066732 0.000000
vn -0.073604 0.065950 -0.015265
vn -0.069407 0.071990 0.000000
vn -0.068594 0.071147 -0.015265
vn -0.063967 0.076865 0.000000
vn -0.063218 0.075964 -0.015265
vn -0.058186 0.081329 0.000000
vn -0.057504 0.080376 -0.015265
vn -0.052094 0.085359 0.000000
vn -0.051484 0.084359 -0.015265
vn -0.045724 0.088934 0.000000
vn -0.045188 0.087892 -0.015265
vn -0.039110 0.092035 0.000000
vn -0.038652 0.090956 -0.015265
vn -0.032288 0.094644 0.000000
vn -0.031910 0.093535 -0.015265
vn -0.025293 0.096748 0.000000
vn -0.024997 0.095615 -0.015265
vn -0.018164 0.098337 0.000000
vn -0.017951 0.097184 -0.015265
vn -0.010937 0.099400 0.000000
vn -0.010809 0.098235 -0.015265
vn -0.003652 0.099933 0.000000
vn -0.003609 0.098762 -0.015265
vn 0.003652 0.099933 0.000000
vn 0.003609 0.098762 -0.015265
vn 0.010937 0.099400 0.000000
vn 0.010809 0.098235 -0.015265
vn 0.018164 0.098337 0.000000
vn 0.017951 0.097184 -0.015265
vn 0.025293 0.096748 0.000000
vn 0.024997 0.095615 -0.015265
vn 0.032288 0.094644 0.000000
vn 0.031910 0.093535 -0.015265
vn 0.039110 0.092035 0.000000
vn 0.038652 0.090956 -0.015265
vn 0.045178 0.087897 -0.015265
vn 0.043574 0.084800 -0.030172
vn 0.051484 0.084359 -0.015265
vn 0.049666 0.081381 -0.030172
vn 0.057514 0.080369 -0.015265
vn 0.055493 0.077525 -0.030172
vn 0.063218 0.075964 -0.015265
vn 0.060986 0.073283 -0.030172
vn 0.068594 0.071147 -0.015265
vn 0.066173 0.068635 -0.030172
vn 0.073604 0.065950 -0.015265
vn 0.071006 0.063622 -0.030172
vn 0.078222 0.060401 -0.015265
vn 0.075461 0.058269 -0.030172
vn 0.082422 0.054530 -0.015265
vn 0.079513 0.052605 -0.030172
vn 0.086183 0.048368 -0.015265
vn 0.083141 0.046661 -0.030172
vn 0.089484 0.041948 -0.015265
vn 0.086325 0.040468 -0.030172
vn 0.092307 0.035304 -0.015265
vn 0.089049 0.034058 -0.030172
vn 0.094638 0.028472 -0.015265
vn 0.091297 0.027467 -0.030172
vn 0.096464 0.021488 -0.015265
vn 0.093059 0.020730 -0.030172
vn 0.097775 0.014389 -0.015265
vn 0.094324 0.013882 -0.030172
vn 0.098564 0.007214 -0.015265
vn 0.095085 0.006959 -0.030172
vn 0.098828 0.000000 -0.015265
vn 0.095340 0.000000 -0.030172
vn 0.098564 -0.007214 -0.015265
vn 0.095085 -0.006959 -0.030172
vn 0.097775 -0.014389 -0.015265
vn 0.094324 -0.013882 -0.030172
vn 0.096464 -0.021488 -0.015265
vn 0.093059 -0.020730 -0.030172
vn 0.094638 -0.028472 -0.015265
vn 0.091297 -0.027467 -0.030172
vn 0.092307 -0.035304 -0.015265
vn 0.089049 -0.034058 -0.030172
vn 0.089484 -0.041948 -0.015265
vn 0.086325 -0.040468 -0.030172
vn 0.086183 -0.048368 -0.015265
vn 0.083141 -0.046661 -0.030172
vn 0.082422 -0.054530 -0.015265
vn 0.079513 -0.052605 -0.030172
vn 0.078222 -0.060401 -0.015265
vn 0.075461 -0.058269 -0.030172
vn 0.073604 -0.065950 -0.015265
vn 0.071006 -0.063622 -0.030172
vn 0.068594 -0.071147 -0.015265
vn 0.066173 -0.068635 -0.030172
vn 0.063218 -0.075964 -0.015265
vn 0.060986 -0.073283 -0.030172
vn 0.057504 -0.080376 -0.015265
vn 0.055474 -0.077539 -0.030172
vn 0.051484 -0.084359 -0.015265
vn 0.049666 -0.081381 -0.030172
vn 0.045188 -0.087892 -0.015265
vn 0.043593 -0.084790 -0.030172
vn 0.038652 -0.090956 -0.015265
vn 0.037288 -0.087745 -0.030172
vn 0.031910 -0.093535 -0.015265
vn 0.030783 -0.090233 -0.030172
vn 0.024997 -0.095615 -0.015265
vn 0.024115 -0.092240 -0.030172
vn 0.017951 -0.097184 -0.015265
vn 0.017317 -0.093754 -0.030172
vn 0.010809 -0.098235 -0.015265
vn 0.010427 -0.094768 -0.030172
vn 0.003609 -0.098762 -0.015265
vn 0.003482 -0.095276 -0.030172
vn -0.003609 -0.098762 -0.015265
vn -0.003482 -0.095276 -0.030172
vn -0.010809 -0.098235 -0.015265
vn -0.010427 -0.094768 -0.030172
vn -0.017951 -0.097184 -0.015265
vn -0.017317 -0.093754 -0.030172
vn -0.024997 -0.095615 -0.015265
vn -0.024115 -0.092240 -0.030172
vn -0.031910 -0.093535 -0.015265
vn -0.030783 -0.090233 -0.030172
vn -0.038652 -0.090956 -0.015265
vn -0.037288 -0.087745 -0.030172
vn -0.045188 -0.087892 -0.015265
vn -0.043593 -0.084790 -0.030172
vn -0.051484 -0.084359 -0.015265
vn -0.049666 -0.081381 -0.030172
vn -0.057506 -0.080374 -0.015265
vn -0.055478 -0.077536 -0.030172
vn -0.063218 -0.075964 -0.015265
vn -0.060986 -0.073283 -0.030172
vn -0.068594 -0.071147 -0.015265
vn -0.066173 -0.068635 -0.030172
vn -0.073604 -0.065950 -0.015265
vn -0.071006 -0.063622 -0.030172
vn -0.078222 -0.060401 -0.015265
vn -0.075461 -0.058269 -0.030172
vn -0.082422 -0.054530 -0.015265
vn -0.079513 -0.052605 -0.030172
vn -0.086183 -0.048368 -0.015265
vn -0.083141 -0.046661 -0.030172
vn -0.089484 -0.041948 -0.015265
vn -0.086325 -0.040468 -0.030172
vn -0.092307 -0.035304 -0.015265
vn -0.089049 -0.034058 -0.030172
vn -0.094638 -0.028472 -0.015265
vn -0.091297 -0.027467 -0.030172
vn -0.096464 -0.021488 -0.015265
vn -0.093059 -0.020730 -0.030172
vn -0.097775 -0.014389 -0.015265
vn -0.094324 -0.013882 -0.030172
vn -0.098564 -0.007214 -0.015265
vn -0.095085 -0.006959 -0.030172
vn -0.095340 0.000000 -0.030172
vn -0.095085 0.006959 -0.030172
vn -0.094324 0.013882 -0.030172
vn -0.093059 0.020730 -0.030172
vn -0.091297 0.027467 -0.030172
vn -0.089049 0.034058 -0.030172
vn -0.086325 0.040468 -0.030172
vn -0.083141 0.046661 -0.030172
vn -0.079513 0.052605 -0.030172
vn -0.075461 0.058269 -0.030172
vn -0.071006 0.063622 -0.030172
vn -0.066173 0.068635 -0.030172
vn -0.060986 0.073283 -0.030172
vn -0.055474 0.077539 -0.030172
vn -0.049666 0.081381 -0.030172
vn -0.043593 0.084790 -0.030172
vn -0.037288 0.087745 -0.030172
vn -0.030783 0.090233 -0.030172
vn -0.024115 0.092240 -0.030172
vn -0.017317 0.093754 -0.030172
vn -0.010427 0.094768 -0.030172
vn -0.003482 0.095276 -0.030172
vn 0.003482 0.095276 -0.030172
vn 0.010427 0.094768 -0.030172
vn 0.017317 0.093754 -0.030172
vn 0.024115 0.092240 -0.030172
vn 0.030783 0.090233 -0.030172
vn 0.037288 0.087745 -0.030172
vn 0.040949 0.079714 -0.044372
vn 0.046685 0.076496 -0.044372
vn 0.052171 0.072865 -0.044372
vn 0.057325 0.068884 -0.044372
vn 0.062201 0.064515 -0.044372
vn 0.066744 0.059803 -0.044372
vn 0.070931 0.054771 -0.044372
vn 0.074740 0.049448 -0.044372
vn 0.078150 0.043860 -0.044372
vn 0.081143 0.038038 -0.044372
vn 0.083703 0.032014 -0.044372
vn 0.085817 0.025818 -0.044372
vn 0.087473 0.019485 -0.044372
vn 0.088662 0.013048 -0.044372
vn 0.089377 0.006542 -0.044372
vn 0.089617 0.000000 -0.044372
vn 0.089377 -0.006542 -0.044372
vn 0.088662 -0.013048 -0.044372
vn 0.087473 -0.019485 -0.044372
vn 0.085817 -0.025818 -0.044372
vn 0.083703 -0.032014 -0.044372
vn 0.081143 -0.038038 -0.044372
vn 0.078150 -0.043860 -0.044372
vn 0.074740 -0.049448 -0.044372
vn 0.070931 -0.054771 -0.044372
vn 0.066744 -0.059803 -0.044372
vn 0.062201 -0.064515 -0.044372
vn 0.057325 -0.068884 -0.044372
vn 0.052144 -0.072884 -0.044372
vn 0.046685 -0.076496 -0.044372
vn 0.040976 -0.079700 -0.044372
vn 0.035049 -0.082478 -0.044372
vn 0.028935 -0.084817 -0.044372
vn 0.022667 -0.086703 -0.044372
vn 0.016278 -0.088126 -0.044372
vn 0.009801 -0.089079 -0.044372
vn 0.003273 -0.089557 -0.044372
vn -0.003273 -0.089557 -0.044372
vn -0.009801 -0.089079 -0.044372
vn -0.016278 -0.088126 -0.044372
vn -0.022667 -0.086703 -0.044372
vn -0.028935 -0.084817 -0.044372
vn -0.035049 -0.082478 -0.044372
vn -0.040976 -0.079700 -0.044372
vn -0.046685 -0.076496 -0.044372
vn -0.052150 -0.072880 -0.044372
vn -0.057325 -0.068884 -0.044372
vn -0.062201 -0.064515 -0.044372
vn -0.066744 -0.059803 -0.044372
vn -0.070931 -0.054771 -0.044372
vn -0.074740 -0.049448 -0.044372
vn -0.078150 -0.043860 -0.044372
vn -0.081143 -0.038038 -0.044372
vn -0.083703 -0.032014 -0.044372
vn -0.085817 -0.025818 -0.044372
vn -0.087473 -0.019485 -0.044372
vn -0.088662 -0.013048 -0.044372
vn -0.089377 -0.006542 -0.044372
vn -0.089617 0.000000 -0.044372
vn -0.089377 0.006542 -0.044372
vn -0.088662 0.013048 -0.044372
vn -0.087473 0.019485 -0.044372
vn -0.085817 0.025818 -0.044372
vn -0.083703 0.032014 -0.044372
vn -0.081143 0.038038 -0.044372
vn -0.078150 0.043860 -0.044372
vn -0.074740 0.049448 -0.044372
vn -0.070931 0.054771 -0.044372
vn -0.066744 0.059803 -0.044372
vn -0.062201 0.064515 -0.044372
vn -0.057325 0.068884 -0.044372
vn -0.052144 0.072884 -0.044372
vn -0.046685 0.076496 -0.044372
vn -0.040976 0.079700 -0.044372
vn -0.035049 0.082478 -0.044372
vn -0.028935 0.084817 -0.044372
vn -0.022667 0.086703 -0.044372
vn -0.016278 0.088126 -0.044372
vn -0.009801 0.089079 -0.044372
vn -0.003273 0.089557 -0.044372
vn 0.003273 0.089557 -0.044372
vn 0.009801 0.089079 -0.044372
vn 0.016278 0.088126 -0.044372
vn 0.022667 0.086703 -0.044372
vn 0.028935 0.084817 -0.044372
vn 0.035049 0.082478 -0.044372
vn 0.037365 0.072759 -0.057532
vn 0.042609 0.069818 -0.057532
vn 0.047625 0.066498 -0.057532
vn 0.052321 0.062870 -0.057532
vn 0.056770 0.058883 -0.057532
vn 0.060917 0.054582 -0.057532
vn 0.064739 0.049990 -0.057532
vn 0.068215 0.045131 -0.057532
vn 0.071327 0.040031 -0.057532
vn 0.074059 0.034718 -0.057532
vn 0.076396 0.029219 -0.057532
vn 0.078325 0.023564 -0.057532
vn 0.079836 0.017784 -0.057532
vn 0.080921 0.011909 -0.057532
vn 0.081575 0.005971 -0.057532
vn 0.081793 0.000000 -0.057532
vn 0.081575 -0.005971 -0.057532
vn 0.080921 -0.011909 -0.057532
vn 0.079836 -0.017784 -0.057532
vn 0.078325 -0.023564 -0.057532
vn 0.076396 -0.029219 -0.057532
vn 0.074059 -0.034718 -0.057532
vn 0.071327 -0.040031 -0.057532
vn 0.068215 -0.045131 -0.057532
vn 0.064739 -0.049990 -0.057532
vn 0.060917 -0.054582 -0.057532
vn 0.056770 -0.058883 -0.057532
vn 0.052321 -0.062870 -0.057532
vn 0.047592 -0.066521 -0.057532
vn 0.042609 -0.069818 -0.057532
vn 0.037399 -0.072742 -0.057532
vn 0.031990 -0.075278 -0.057532
vn 0.026409 -0.077412 -0.057532
vn 0.020688 -0.079133 -0.057532
vn 0.014857 -0.080432 -0.057532
vn 0.008946 -0.081302 -0.057532
vn 0.002987 -0.081738 -0.057532
vn -0.002987 -0.081738 -0.057532
vn -0.008946 -0.081302 -0.057532
vn -0.014857 -0.080432 -0.057532
vn -0.020688 -0.079133 -0.057532
vn -0.026409 -0.077412 -0.057532
vn -0.031990 -0.075278 -0.057532
vn -0.037399 -0.072742 -0.057532
vn -0.042609 -0.069818 -0.057532
vn -0.047599 -0.066517 -0.057532
vn -0.052321 -0.062870 -0.057532
vn -0.056770 -0.058883 -0.057532
vn -0.060917 -0.054582 -0.057532
vn -0.064739 -0.049990 -0.057532
vn -0.068215 -0.045131 -0.057532
vn -0.071327 -0.040031 -0.057532
vn -0.074059 -0.034718 -0.057532
vn -0.076396 -0.029219 -0.057532
vn -0.078325 -0.023564 -0.057532
vn -0.079836 -0.017784 -0.057532
vn -0.080921 -0.011909 -0.057532
vn -0.081575 -0.005971 -0.057532
vn -0.081793 0.000000 -0.057532
vn -0.081575 0.005971 -0.057532
vn -0.080921 0.011909 -0.057532
vn -0.079836 0.017784 -0.057532
vn -0.078325 0.023564 -0.057532
vn -0.076396 0.029219 -0.057532
vn -0.074059 0.034718 -0.057532
vn -0.071327 0.040031 -0.057532
vn -0.068215 0.045131 -0.057532
vn -0.064739 0.049990 -0.057532
vn -0.060917 0.054582 -0.057532
vn -0.056770 0.058883 -0.057532
vn -0.052321 0.062870 -0.057532
vn -0.047592 0.066521 -0.057532
vn -0.042609 0.069818 -0.057532
vn -0.037399 0.072742 -0.057532
vn -0.031990 0.075278 -0.057532
vn -0.026409 0.077412 -0.057532
vn -0.020688 0.079133 -0.057532
vn -0.014857 0.080432 -0.057532
vn -0.008946 0.081302 -0.057532
vn -0.002987 0.081738 -0.057532
vn 0.002987 0.081738 -0.057532
vn 0.008946 0.081302 -0.057532
vn 0.014857 0.080432 -0.057532
vn 0.020688 0.079133 -0.057532
vn 0.026409 0.077412 -0.057532
vn 0.031990 0.075278 -0.057532
vn -0.098564 0.007214 0.015265
vn -0.097775 0.014389 0.015265
vn -0.096464 0.021488 0.015265
vn -0.094638 0.028472 0.015265
vn -0.092307 0.035304 0.015265
vn -0.089484 0.041948 0.015265
vn -0.086183 0.048368 0.015265
vn -0.082422 0.054530 0.015265
vn -0.078222 0.060401 0.015265
vn -0.073604 0.065950 0.015265
vn -0.068594 0.071147 0.015265
vn -0.063218 0.075964 0.015265
vn -0.057504 0.080376 0.015265
vn -0.051484 0.084359 0.015265
vn -0.045188 0.087892 0.015265
vn -0.038652 0.090956 0.015265
vn -0.031910 0.093535 0.015265
vn -0.024997 0.095615 0.015265
vn -0.017951 0.097184 0.015265
vn -0.010809 0.098235 0.015265
vn -0.003609 0.098762 0.015265
vn 0.003609 0.098762 0.015265
vn 0.010809 0.098235 0.015265
vn 0.017951 0.097184 0.015265
vn 0.024997 0.095615 0.015265
vn 0.031910 0.093535 0.015265
vn 0.038652 0.090956 0.015265
vn 0.045178 0.087897 0.015265
vn 0.045724 0.088934 0.000000
vn 0.051484 0.084359 0.015265
vn 0.052094 0.085359 0.000000
vn 0.058186 0.081329 0.000000
vn 0.063967 0.076865 0.000000
vn 0.069407 0.071990 0.000000
vn 0.074477 0.066732 0.000000
vn 0.079150 0.061117 0.000000
vn 0.083400 0.055177 0.000000
vn 0.087205 0.048942 0.000000
vn 0.090545 0.042446 -0.000000
vn 0.093402 0.035723 -0.000000
vn 0.095760 0.028810 -0.000000
vn 0.097608 0.021743 -0.000000
vn 0.098934 0.014560 -0.000000
vn 0.099733 0.007300 -0.000000
vn 0.100000 -0.000000 -0.000000
vn 0.099733 -0.007300 -0.000000
vn 0.098934 -0.014560 -0.000000
vn 0.097608 -0.021743 -0.000000
vn 0.095760 -0.028810 -0.000000
vn 0.093402 -0.035723 -0.000000
vn 0.090545 -0.042446 -0.000000
vn 0.087205 -0.048942 -0.000000
vn 0.083400 -0.055177 -0.000000
vn 0.079150 -0.061117 -0.000000
vn 0.074477 -0.066732 -0.000000
vn 0.069407 -0.071990 -0.000000
vn 0.063967 -0.076865 -0.000000
vn 0.058186 -0.081329 -0.000000
vn 0.052094 -0.085359 -0.000000
vn 0.045724 -0.088934 -0.000000
vn 0.039110 -0.092035 -0.000000
vn 0.032288 -0.094644 -0.000000
vn 0.025293 -0.096748 -0.000000
vn 0.018164 -0.098337 -0.000000
vn 0.010937 -0.099400 -0.000000
vn 0.003652 -0.099933 -0.000000
vn -0.003652 -0.099933 -0.000000
vn -0.010937 -0.099400 -0.000000
vn -0.018164 -0.098337 -0.000000
vn -0.025293 -0.096748 -0.000000
vn -0.032288 -0.094644 -0.000000
vn -0.039110 -0.092035 -0.000000
vn -0.045724 -0.088934 -0.000000
vn -0.052094 -0.085359 -0.000000
vn 0.099840 -0.000607 0.005615
vn 0.099913 -0.001678 0.003827
vn 0.099886 -0.001281 0.004600
vn 0.099956 -0.002323 0.001857
vn 0.099968 -0.002520 0.000049
vn 0.099967 -0.002513 -0.000444
vn 0.099941 -0.002148 -0.002671
vn 0.099888 -0.001389 -0.004518
vn 0.099890 -0.001411 -0.004478
vn 0.099816 -0.000346 -0.006055
vn 0.099672 0.001743 -0.007904
vn 0.099618 0.002521 -0.008356
vn 0.099541 0.003643 -0.008847
vn 0.099476 0.004594 -0.009133
vn 0.099381 0.005981 -0.009363
vn 0.099412 0.005520 -0.009310
vn 0.099352 0.006410 -0.009391
vn 0.099322 0.006838 -0.009399
vn 0.099294 0.007253 -0.009388
vn 0.099189 0.008779 -0.009186
vn 0.099266 0.007656 -0.009359
vn 0.099240 0.008044 -0.009315
vn 0.099227 0.008233 -0.009288
vn 0.099214 0.008419 -0.009257
vn 0.099202 0.008601 -0.009223
vn 0.099669 0.001917 0.007902
vn 0.099692 0.001578 0.007683
vn 0.099539 0.003823 0.008797
vn 0.099435 0.005347 0.009172
vn 0.099474 0.004771 0.009063
vn 0.099411 0.005692 0.009220
vn 0.099351 0.006574 0.009284
vn 0.099301 0.007297 0.009274
vn 0.099322 0.006998 0.009285
vn 0.099294 0.007408 0.009267
vn 0.099266 0.007806 0.009232
vn 0.099253 0.007999 0.009209
vn 0.099190 0.008914 0.009043
vn 0.099240 0.008189 0.009182
vn 0.099227 0.008376 0.009152
vn 0.099215 0.008559 0.009119
vn 0.099203 0.008738 0.009083
vn -0.099956 -0.002323 0.001857
vn -0.099913 -0.001677 0.003827
vn -0.099886 -0.001278 0.004604
vn -0.099883 -0.001235 0.004677
vn -0.099841 -0.000610 0.005609
vn -0.099669 0.001920 0.007903
vn -0.099684 0.001701 0.007764
vn -0.099563 0.003465 0.008667
vn -0.099539 0.003825 0.008797
vn -0.099432 0.005384 0.009178
vn -0.099474 0.004772 0.009062
vn -0.099411 0.005693 0.009220
vn -0.099351 0.006575 0.009284
vn -0.099306 0.007229 0.009277
vn -0.099322 0.006998 0.009284
vn -0.099294 0.007409 0.009267
vn -0.099266 0.007806 0.009232
vn -0.099253 0.008000 0.009209
vn -0.099190 0.008915 0.009043
vn -0.099240 0.008190 0.009182
vn -0.099227 0.008376 0.009152
vn -0.099215 0.008559 0.009119
vn -0.099203 0.008739 0.009082
vn -0.099968 -0.002520 0.000056
vn -0.099967 -0.002513 -0.000444
vn -0.099941 -0.002148 -0.002672
vn -0.099888 -0.001392 -0.004515
vn -0.099890 -0.001411 -0.004478
vn -0.099816 -0.000346 -0.006056
vn -0.099672 0.001740 -0.007904
vn -0.099618 0.002520 -0.008358
vn -0.099541 0.003641 -0.008848
vn -0.099476 0.004592 -0.009135
vn -0.099389 0.005861 -0.009354
vn -0.099412 0.005519 -0.009312
vn -0.099351 0.006409 -0.009393
vn -0.099322 0.006838 -0.009401
vn -0.099294 0.007253 -0.009390
vn -0.099266 0.007656 -0.009362
vn -0.099189 0.008780 -0.009188
vn -0.099239 0.008044 -0.009318
vn -0.099227 0.008234 -0.009290
vn -0.099214 0.008419 -0.009259
vn -0.099201 0.008602 -0.009225
vn -0.003140 -0.026726 0.096311
vn -0.004758 -0.026535 0.096298
vn -0.006330 -0.026273 0.096279
vn -0.006093 -0.026318 0.096282
vn -0.006488 -0.026243 0.096277
vn -0.006639 -0.026213 0.096275
vn -0.007426 -0.026045 0.096263
vn -0.006943 -0.026150 0.096270
vn -0.007088 -0.026119 0.096268
vn -0.007216 -0.026091 0.096266
vn -0.007328 -0.026067 0.096264
vn -0.007434 -0.026043 0.096263
vn -0.008753 -0.025717 0.096239
vn -0.009253 -0.025578 0.096230
vn -0.010072 -0.025334 0.096212
vn -0.011055 -0.025009 0.096189
vn -0.011378 -0.024895 0.096181
vn -0.012831 -0.024337 0.096141
vn -0.012670 -0.024402 0.096146
vn -0.013943 -0.023855 0.096107
vn -0.001544 -0.026837 0.096319
vn -0.002095 -0.026807 0.096317
vn -0.003424 -0.026698 0.096309
vn -0.000774 -0.026864 0.096321
vn 0.000000 -0.026872 0.096322
vn 0.000537 -0.026868 0.096321
vn 0.001544 -0.026837 0.096319
vn 0.001856 -0.026821 0.096318
vn 0.003140 -0.026726 0.096311
vn 0.003184 -0.026722 0.096311
vn 0.004517 -0.026569 0.096300
vn 0.006330 -0.026273 0.096279
vn 0.005852 -0.026361 0.096285
vn 0.006641 -0.026212 0.096275
vn 0.006934 -0.026152 0.096270
vn 0.007186 -0.026098 0.096267
vn 0.007211 -0.026093 0.096266
vn 0.007332 -0.026066 0.096264
vn 0.007434 -0.026043 0.096263
vn 0.008514 -0.025780 0.096244
vn 0.009253 -0.025579 0.096229
vn 0.009835 -0.025407 0.096217
vn 0.011055 -0.025010 0.096189
vn 0.011144 -0.024979 0.096187
vn 0.012438 -0.024496 0.096152
vn 0.012831 -0.024337 0.096141
vn 0.013715 -0.023958 0.096114
vn 0.014572 -0.023563 0.096086
vn 0.014972 -0.023367 0.096072
vn 0.016268 -0.022690 0.096024
vn 0.016206 -0.022724 0.096026
vn 0.017414 -0.022029 0.095976
vn 0.017913 -0.021722 0.095955
vn 0.018593 -0.021284 0.095923
vn 0.019498 -0.020664 0.095879
vn 0.019739 -0.020492 0.095867
vn 0.021016 -0.019522 0.095798
vn 0.020851 -0.019653 0.095807
vn 0.021924 -0.018771 0.095744
vn 0.022503 -0.018264 0.095708
vn 0.022957 -0.017849 0.095678
vn 0.023927 -0.016909 0.095612
vn 0.023947 -0.016889 0.095610
vn 0.024907 -0.015878 0.095538
vn 0.025278 -0.015464 0.095509
vn 0.025840 -0.014809 0.095462
vn 0.026548 -0.013934 0.095399
vn 0.026742 -0.013684 0.095382
vn 0.027728 -0.012327 0.095285
vn 0.027605 -0.012503 0.095297
vn 0.028427 -0.011270 0.095210
vn 0.028813 -0.010649 0.095165
vn 0.029203 -0.009987 0.095118
vn 0.029795 -0.008910 0.095041
vn 0.029928 -0.008655 0.095023
vn 0.030671 -0.007120 0.094914
vn 0.030598 -0.007278 0.094925
vn 0.031210 -0.005860 0.094824
vn 0.031470 -0.005197 0.094777
vn 0.031760 -0.004403 0.094720
vn 0.032155 -0.003208 0.094635
vn 0.032245 -0.002912 0.094614
vn 0.032718 -0.001162 0.094489
vn 0.032662 -0.001389 0.094505
vn 0.033009 0.000158 0.094395
vn 0.033153 0.000930 0.094340
vn 0.033282 0.001726 0.094283
vn 0.033454 0.003054 0.094189
vn 0.033481 0.003308 0.094170
vn 0.033619 0.005199 0.094036
vn 0.033605 0.004898 0.094057
vn 0.033652 0.006489 0.093944
vn 0.033646 0.007351 0.093882
vn 0.033623 0.008095 0.093829
vn 0.033535 0.009497 0.093729
vn 0.033514 0.009743 0.093712
vn 0.033317 0.011424 0.093592
vn 0.033267 0.011764 0.093568
vn 0.033029 0.013130 0.093470
vn 0.032839 0.014034 0.093406
vn 0.032644 0.014852 0.093348
vn 0.032248 0.016291 0.093245
vn 0.032160 0.016580 0.093224
vn 0.031497 0.018517 0.093086
vn 0.031576 0.018306 0.093102
vn 0.030889 0.020017 0.092980
vn 0.030586 0.020696 0.092931
vn 0.030100 0.021706 0.092859
vn 0.029521 0.022811 0.092780
vn 0.029211 0.023362 0.092741
vn 0.028309 0.024845 0.092635
vn 0.028225 0.024974 0.092626
vn 0.027147 0.026533 0.092515
vn 0.026961 0.026784 0.092497
vn 0.025983 0.028027 0.092409
vn 0.025381 0.028736 0.092358
vn 0.024742 0.029448 0.092307
vn 0.023639 0.030587 0.092226
vn 0.023431 0.030789 0.092212
vn 0.022020 0.032079 0.092120
vn 0.021743 0.032316 0.092103
vn 0.020495 0.033319 0.092031
vn 0.019707 0.033905 0.091990
vn 0.018861 0.034495 0.091948
vn 0.017548 0.035338 0.091888
vn 0.017127 0.035590 0.091870
vn 0.015284 0.036601 0.091798
vn 0.015304 0.036591 0.091798
vn 0.013402 0.037485 0.091735
vn 0.012935 0.037684 0.091720
vn 0.011437 0.038264 0.091679
vn 0.010523 0.038579 0.091657
vn 0.009420 0.038920 0.091632
vn 0.007980 0.039305 0.091605
vn 0.007369 0.039448 0.091595
vn 0.005362 0.039833 0.091567
vn 0.005301 0.039843 0.091566
vn 0.003235 0.040107 0.091548
vn 0.002694 0.040154 0.091544
vn 0.001190 0.040241 0.091538
vn -0.000000 0.040262 0.091537
vn -0.000825 0.040252 0.091537
vn -0.002694 0.040154 0.091544
vn -0.002865 0.040140 0.091545
vn -0.004928 0.039900 0.091562
vn -0.005363 0.039833 0.091567
vn -0.006997 0.039529 0.091589
vn -0.007980 0.039305 0.091605
vn -0.009052 0.039025 0.091625
vn -0.010523 0.038579 0.091657
vn -0.011076 0.038392 0.091670
vn -0.012935 0.037683 0.091720
vn -0.013052 0.037634 0.091724
vn -0.014966 0.036760 0.091786
vn -0.015284 0.036601 0.091798
vn -0.016805 0.035777 0.091856
vn -0.017548 0.035337 0.091888
vn -0.018556 0.034698 0.091933
vn -0.019707 0.033904 0.091990
vn -0.020208 0.033536 0.092016
vn -0.021743 0.032315 0.092103
vn -0.021753 0.032306 0.092104
vn -0.023185 0.031025 0.092195
vn -0.023638 0.030586 0.092226
vn -0.024510 0.029696 0.092290
vn -0.025381 0.028736 0.092358
vn -0.025765 0.028289 0.092390
vn -0.026960 0.026784 0.092497
vn -0.026943 0.026807 0.092496
vn -0.028037 0.025259 0.092606
vn -0.028309 0.024845 0.092636
vn -0.029040 0.023656 0.092720
vn -0.029520 0.022810 0.092781
vn -0.029947 0.022007 0.092838
vn -0.030585 0.020696 0.092931
vn -0.030754 0.020323 0.092958
vn -0.031496 0.018517 0.093087
vn -0.031459 0.018615 0.093080
vn -0.032062 0.016892 0.093202
vn -0.032248 0.016291 0.093245
vn -0.032564 0.015163 0.093326
vn -0.032838 0.014034 0.093406
vn -0.032966 0.013440 0.093449
vn -0.033266 0.011764 0.093568
vn -0.033271 0.011730 0.093570
vn -0.033484 0.010044 0.093691
vn -0.033535 0.009497 0.093730
vn -0.033609 0.008389 0.093808
vn -0.033646 0.007351 0.093883
vn -0.033652 0.006776 0.093924
vn -0.033619 0.005199 0.094036
vn -0.033618 0.005185 0.094037
vn -0.033508 0.003594 0.094150
vn -0.033454 0.003054 0.094189
vn -0.033323 0.002011 0.094263
vn -0.033152 0.000930 0.094340
vn -0.033063 0.000440 0.094375
vn -0.032717 -0.001162 0.094489
vn -0.032729 -0.001112 0.094486
vn -0.032325 -0.002639 0.094595
vn -0.032155 -0.003207 0.094635
vn -0.031852 -0.004137 0.094701
vn -0.031470 -0.005197 0.094777
vn -0.031313 -0.005600 0.094806
vn -0.030670 -0.007120 0.094914
vn -0.030713 -0.007025 0.094907
vn -0.030053 -0.008410 0.095006
vn -0.029795 -0.008910 0.095042
vn -0.029337 -0.009750 0.095101
vn -0.028812 -0.010649 0.095165
vn -0.028570 -0.011042 0.095193
vn -0.027728 -0.012326 0.095285
vn -0.027757 -0.012285 0.095282
vn -0.026900 -0.013475 0.095367
vn -0.026547 -0.013934 0.095400
vn -0.026005 -0.014610 0.095448
vn -0.025278 -0.015464 0.095509
vn -0.025077 -0.015689 0.095525
vn -0.023927 -0.016909 0.095612
vn -0.024122 -0.016711 0.095598
vn -0.023139 -0.017678 0.095666
vn -0.022503 -0.018264 0.095708
vn -0.022114 -0.018608 0.095733
vn -0.021016 -0.019522 0.095798
vn -0.021047 -0.019497 0.095796
vn -0.019942 -0.020343 0.095856
vn -0.019498 -0.020664 0.095879
vn -0.018802 -0.021144 0.095914
vn -0.017913 -0.021722 0.095955
vn -0.017629 -0.021898 0.095967
vn -0.016268 -0.022689 0.096024
vn -0.016426 -0.022602 0.096017
vn -0.015196 -0.023255 0.096064
vn -0.014571 -0.023562 0.096086
vn -0.000474 0.000128 -0.099999
vn -0.000470 0.000128 -0.099999
vn -0.000475 0.000128 -0.099999
vn -0.000352 0.000130 -0.099999
vn -0.000233 0.000132 -0.100000
vn -0.000000 0.000133 -0.100000
vn -0.000116 0.000132 -0.100000
vn 0.000000 0.000133 -0.100000
vn 0.000116 0.000132 -0.100000
vn 0.000233 0.000132 -0.100000
vn 0.000474 0.000128 -0.099999
vn 0.000352 0.000130 -0.099999
vn 0.000470 0.000128 -0.099999
vn 0.000475 0.000128 -0.099999
vn -0.006898 -0.036973 -0.092657
vn -0.009214 -0.036471 -0.092655
vn -0.008355 -0.036675 -0.092656
vn -0.009505 -0.036397 -0.092655
vn -0.009766 -0.036329 -0.092654
vn -0.010165 -0.036221 -0.092654
vn -0.012110 -0.035625 -0.092651
vn -0.011958 -0.035675 -0.092651
vn -0.013727 -0.035041 -0.092648
vn -0.014418 -0.034766 -0.092647
vn -0.015463 -0.034320 -0.092645
vn -0.016676 -0.033754 -0.092642
vn -0.017160 -0.033514 -0.092641
vn -0.018869 -0.032595 -0.092637
vn -0.018813 -0.032627 -0.092637
vn -0.020414 -0.031663 -0.092632
vn -0.020981 -0.031296 -0.092630
vn -0.021957 -0.030628 -0.092627
vn -0.023000 -0.029864 -0.092624
vn -0.023437 -0.029528 -0.092622
vn -0.024914 -0.028311 -0.092616
vn -0.024848 -0.028369 -0.092616
vn -0.026186 -0.027158 -0.092611
vn -0.026713 -0.026648 -0.092608
vn -0.027451 -0.025901 -0.092605
vn -0.028406 -0.024868 -0.092600
vn -0.028668 -0.024571 -0.092598
vn -0.029990 -0.022969 -0.092591
vn -0.029836 -0.023166 -0.092592
vn -0.030946 -0.021690 -0.092584
vn -0.031454 -0.020961 -0.092581
vn -0.031993 -0.020148 -0.092577
vn -0.032787 -0.018858 -0.092571
vn -0.032969 -0.018546 -0.092569
vn -0.033980 -0.016671 -0.092560
vn -0.033869 -0.016890 -0.092562
vn -0.034688 -0.015186 -0.092553
vn -0.035025 -0.014416 -0.092550
vn -0.035422 -0.013441 -0.092545
vn -0.035917 -0.012106 -0.092539
vn -0.036069 -0.011662 -0.092537
vn -0.036653 -0.009758 -0.092527
vn -0.036626 -0.009856 -0.092528
vn -0.037091 -0.008030 -0.092519
vn -0.037237 -0.007360 -0.092516
vn -0.037463 -0.006194 -0.092510
vn -0.037667 -0.004912 -0.092504
vn -0.037742 -0.004354 -0.092502
vn -0.037937 -0.002431 -0.092492
vn -0.037930 -0.002521 -0.092493
vn -0.038029 -0.000702 -0.092484
vn -0.038044 0.000070 -0.092481
vn -0.038040 0.001097 -0.092476
vn -0.037986 0.002572 -0.092469
vn -0.037966 0.002912 -0.092467
vn -0.037764 0.005061 -0.092457
vn -0.037801 0.004747 -0.092458
vn -0.037545 0.006593 -0.092449
vn -0.037382 0.007519 -0.092445
vn -0.037195 0.008441 -0.092441
vn -0.036843 0.009933 -0.092433
vn -0.036751 0.010281 -0.092432
vn -0.036146 0.012314 -0.092422
vn -0.036213 0.012107 -0.092423
vn -0.035583 0.013909 -0.092414
vn -0.035289 0.014660 -0.092411
vn -0.034861 0.015679 -0.092406
vn -0.034275 0.016955 -0.092400
vn -0.034052 0.017411 -0.092398
vn -0.033109 0.019183 -0.092389
vn -0.033158 0.019097 -0.092390
vn -0.032184 0.020731 -0.092382
vn -0.031798 0.021330 -0.092379
vn -0.031136 0.022305 -0.092374
vn -0.030351 0.023382 -0.092369
vn -0.030020 0.023814 -0.092367
vn -0.028779 0.025326 -0.092360
vn -0.028842 0.025253 -0.092360
vn -0.027612 0.026615 -0.092354
vn -0.027093 0.027152 -0.092351
vn -0.026333 0.027902 -0.092348
vn -0.025287 0.028867 -0.092343
vn -0.024978 0.029139 -0.092342
vn -0.023360 0.030471 -0.092335
vn -0.023546 0.030326 -0.092336
vn -0.022041 0.031453 -0.092331
vn -0.021322 0.031951 -0.092328
vn -0.020467 0.032513 -0.092326
vn -0.019185 0.033296 -0.092322
vn -0.018832 0.033499 -0.092321
vn -0.016964 0.034496 -0.092316
vn -0.017142 0.034407 -0.092316
vn -0.015404 0.035230 -0.092313
vn -0.014672 0.035544 -0.092311
vn -0.013624 0.035964 -0.092309
vn -0.012327 0.036435 -0.092307
vn -0.011811 0.036608 -0.092306
vn -0.009943 0.037165 -0.092303
vn -0.009971 0.037157 -0.092303
vn -0.008114 0.037612 -0.092301
vn -0.007514 0.037738 -0.092301
vn -0.006249 0.037970 -0.092299
vn -0.005037 0.038152 -0.092299
vn -0.004384 0.038234 -0.092298
vn -0.002527 0.038403 -0.092297
vn -0.002528 0.038403 -0.092297
vn -0.000691 0.038481 -0.092297
vn -0.000000 0.038487 -0.092297
vn 0.001130 0.038470 -0.092297
vn 0.002527 0.038403 -0.092297
vn 0.002973 0.038371 -0.092298
vn 0.005037 0.038152 -0.092299
vn 0.004832 0.038179 -0.092298
vn 0.006698 0.037893 -0.092300
vn 0.007514 0.037738 -0.092301
vn 0.008562 0.037511 -0.092302
vn 0.009943 0.037165 -0.092303
vn 0.010416 0.037034 -0.092304
vn 0.012327 0.036435 -0.092307
vn 0.012250 0.036461 -0.092307
vn 0.014056 0.035796 -0.092310
vn 0.014672 0.035544 -0.092311
vn 0.015826 0.035039 -0.092313
vn 0.016964 0.034496 -0.092316
vn 0.017553 0.034196 -0.092318
vn 0.019185 0.033296 -0.092322
vn 0.019231 0.033269 -0.092322
vn 0.020852 0.032264 -0.092327
vn 0.021322 0.031951 -0.092328
vn 0.022409 0.031187 -0.092332
vn 0.023360 0.030471 -0.092335
vn 0.023898 0.030045 -0.092337
vn 0.025287 0.028867 -0.092343
vn 0.025312 0.028846 -0.092343
vn 0.026647 0.027597 -0.092349
vn 0.027093 0.027152 -0.092351
vn 0.027912 0.026295 -0.092355
vn 0.028779 0.025326 -0.092360
vn 0.029131 0.024913 -0.092362
vn 0.030351 0.023382 -0.092369
vn 0.030294 0.023458 -0.092369
vn 0.031395 0.021932 -0.092376
vn 0.031798 0.021330 -0.092379
vn 0.032426 0.020343 -0.092384
vn 0.033109 0.019183 -0.092389
vn 0.033381 0.018696 -0.092392
vn 0.034275 0.016955 -0.092400
vn 0.034255 0.016998 -0.092400
vn 0.035043 0.015256 -0.092408
vn 0.035289 0.014660 -0.092411
vn 0.035743 0.013478 -0.092416
vn 0.036146 0.012314 -0.092422
vn 0.036351 0.011669 -0.092425
vn 0.036843 0.009933 -0.092433
vn 0.036867 0.009840 -0.092434
vn 0.037288 0.007996 -0.092443
vn 0.037382 0.007519 -0.092445
vn 0.037615 0.006148 -0.092451
vn 0.037764 0.005061 -0.092457
vn 0.037849 0.004304 -0.092460
vn 0.037986 0.002572 -0.092469
vn 0.037992 0.002473 -0.092469
vn 0.038045 0.000664 -0.092478
vn 0.038044 0.000070 -0.092481
vn 0.038013 -0.001138 -0.092486
vn 0.037937 -0.002431 -0.092492
vn 0.037893 -0.002961 -0.092495
vn 0.037667 -0.004912 -0.092504
vn 0.037683 -0.004797 -0.092504
vn 0.037382 -0.006636 -0.092513
vn 0.037237 -0.007360 -0.092516
vn 0.036987 -0.008471 -0.092521
vn 0.036653 -0.009758 -0.092527
vn 0.036500 -0.010293 -0.092530
vn 0.035917 -0.012106 -0.092539
vn 0.035922 -0.012093 -0.092539
vn 0.035253 -0.013865 -0.092547
vn 0.035025 -0.014416 -0.092550
vn 0.034498 -0.015600 -0.092555
vn 0.033980 -0.016671 -0.092561
vn 0.033659 -0.017293 -0.092563
vn 0.032787 -0.018858 -0.092571
vn 0.032741 -0.018937 -0.092571
vn 0.031747 -0.020525 -0.092579
vn 0.031454 -0.020961 -0.092581
vn 0.030685 -0.022051 -0.092586
vn 0.029990 -0.022969 -0.092591
vn 0.029559 -0.023510 -0.092593
vn 0.028406 -0.024868 -0.092600
vn 0.028379 -0.024898 -0.092600
vn 0.027151 -0.026209 -0.092606
vn 0.026713 -0.026648 -0.092608
vn 0.025871 -0.027454 -0.092612
vn 0.024914 -0.028311 -0.092616
vn 0.024515 -0.028653 -0.092618
vn 0.023000 -0.029864 -0.092624
vn 0.023087 -0.029798 -0.092623
vn 0.021591 -0.030884 -0.092628
vn 0.020981 -0.031296 -0.092630
vn 0.020034 -0.031902 -0.092633
vn 0.018869 -0.032595 -0.092637
vn 0.018420 -0.032847 -0.092638
vn 0.016676 -0.033754 -0.092642
vn 0.016756 -0.033715 -0.092642
vn 0.015048 -0.034501 -0.092646
vn 0.014418 -0.034766 -0.092647
vn 0.013304 -0.035202 -0.092649
vn 0.012110 -0.035625 -0.092651
vn 0.011529 -0.035815 -0.092652
vn 0.009766 -0.036329 -0.092654
vn 0.009731 -0.036338 -0.092654
vn 0.009512 -0.036395 -0.092655
vn 0.009214 -0.036471 -0.092655
vn 0.007917 -0.036771 -0.092657
vn 0.006897 -0.036973 -0.092657
vn 0.006097 -0.037112 -0.092658
vn 0.004577 -0.037327 -0.092659
vn 0.004277 -0.037362 -0.092659
vn 0.002271 -0.037536 -0.092660
vn 0.002467 -0.037524 -0.092660
vn 0.000674 -0.037598 -0.092660
vn -0.000000 -0.037604 -0.092660
vn -0.001103 -0.037588 -0.092660
vn -0.002271 -0.037536 -0.092660
vn -0.002901 -0.037493 -0.092660
vn -0.004577 -0.037327 -0.092659
vn -0.004715 -0.037310 -0.092659
vn -0.006535 -0.037038 -0.092658
vn -0.011711 0.036432 0.092388
vn -0.009905 0.036964 0.092388
vn -0.009903 0.036965 0.092388
vn -0.008077 0.037406 0.092388
vn -0.008079 0.037406 0.092388
vn -0.006244 0.037756 0.092388
vn -0.006232 0.037757 0.092388
vn -0.004405 0.038014 0.092388
vn -0.004375 0.038018 0.092388
vn -0.002569 0.038182 0.092388
vn -0.002507 0.038186 0.092388
vn -0.000744 0.038261 0.092388
vn -0.000633 0.038263 0.092388
vn 0.001072 0.038253 0.092388
vn 0.001244 0.038248 0.092388
vn 0.002900 0.038158 0.092388
vn 0.003121 0.038141 0.092388
vn 0.004737 0.037974 0.092388
vn 0.004993 0.037941 0.092388
vn 0.006575 0.037699 0.092388
vn 0.006851 0.037650 0.092388
vn 0.008409 0.037333 0.092388
vn 0.008689 0.037269 0.092388
vn 0.010231 0.036876 0.092388
vn 0.010505 0.036798 0.092388
vn 0.012034 0.036327 0.092388
vn 0.012295 0.036240 0.092388
vn 0.013814 0.035688 0.092388
vn 0.014056 0.035594 0.092388
vn 0.015562 0.034961 0.092388
vn 0.015784 0.034862 0.092388
vn 0.017274 0.034148 0.092388
vn 0.017477 0.034044 0.092388
vn 0.018944 0.033250 0.092388
vn 0.019131 0.033143 0.092388
vn 0.020567 0.032272 0.092388
vn 0.020735 0.032164 0.092388
vn 0.022138 0.031215 0.092388
vn 0.022288 0.031108 0.092388
vn 0.023652 0.030084 0.092388
vn 0.023785 0.029979 0.092388
vn 0.025103 0.028884 0.092388
vn 0.025225 0.028778 0.092388
vn 0.026488 0.027620 0.092388
vn 0.026605 0.027507 0.092388
vn 0.027803 0.026296 0.092388
vn 0.027922 0.026169 0.092388
vn 0.029043 0.024920 0.092388
vn 0.029174 0.024766 0.092388
vn 0.030205 0.023497 0.092388
vn 0.030357 0.023301 0.092388
vn 0.031289 0.022033 0.092388
vn 0.031464 0.021782 0.092388
vn 0.032311 0.020505 0.092388
vn 0.032495 0.020213 0.092388
vn 0.033269 0.018911 0.092388
vn 0.033446 0.018597 0.092388
vn 0.034157 0.017256 0.092388
vn 0.034317 0.016936 0.092388
vn 0.034968 0.015547 0.092388
vn 0.035106 0.015234 0.092388
vn 0.035698 0.013789 0.092388
vn 0.035810 0.013494 0.092388
vn 0.036342 0.011989 0.092388
vn 0.036430 0.011718 0.092388
vn 0.036897 0.010154 0.092388
vn 0.036962 0.009912 0.092388
vn 0.037359 0.008291 0.092388
vn 0.037404 0.008085 0.092388
vn 0.037728 0.006407 0.092388
vn 0.037756 0.006242 0.092388
vn 0.038002 0.004508 0.092388
vn 0.038016 0.004384 0.092388
vn 0.038180 0.002602 0.092388
vn 0.038186 0.002517 0.092388
vn 0.038262 0.000696 0.092388
vn 0.038263 0.000642 0.092388
vn 0.038250 -0.001200 0.092388
vn 0.038248 -0.001235 0.092388
vn 0.038144 -0.003081 0.092388
vn 0.038142 -0.003113 0.092388
vn 0.037948 -0.004938 0.092388
vn 0.037942 -0.004985 0.092388
vn 0.037666 -0.006763 0.092388
vn 0.037652 -0.006842 0.092388
vn 0.037301 -0.008549 0.092388
vn 0.037271 -0.008680 0.092388
vn 0.036850 -0.010321 0.092388
vn 0.036801 -0.010495 0.092388
vn 0.036306 -0.012099 0.092388
vn 0.036243 -0.012286 0.092388
vn 0.035667 -0.013869 0.092388
vn 0.035597 -0.014047 0.092388
vn 0.034935 -0.015622 0.092388
vn 0.034865 -0.015776 0.092388
vn 0.034110 -0.017348 0.092388
vn 0.034048 -0.017470 0.092388
vn 0.033197 -0.019038 0.092388
vn 0.033147 -0.019124 0.092388
vn 0.032198 -0.020682 0.092388
vn 0.032169 -0.020728 0.092388
vn 0.031119 -0.022273 0.092388
vn 0.031114 -0.022280 0.092388
vn 0.029985 -0.023778 0.092388
vn -0.013495 0.035810 0.092388
vn -0.013486 0.035814 0.092388
vn -0.011711 0.036433 0.092388
vn -0.015225 0.035109 0.092388
vn -0.015250 0.035099 0.092388
vn -0.016927 0.034321 0.092388
vn -0.016968 0.034301 0.092388
vn -0.018588 0.033451 0.092388
vn -0.018646 0.033418 0.092388
vn -0.020205 0.032500 0.092388
vn -0.020278 0.032454 0.092388
vn -0.021775 0.031469 0.092388
vn -0.021859 0.031411 0.092388
vn -0.023295 0.030361 0.092388
vn -0.023383 0.030293 0.092388
vn -0.024760 0.029179 0.092388
vn -0.024846 0.029105 0.092388
vn -0.026163 0.027928 0.092388
vn -0.026244 0.027852 0.092388
vn -0.027500 0.026612 0.092388
vn -0.027571 0.026539 0.092388
vn -0.028771 0.025233 0.092388
vn -0.028825 0.025172 0.092388
vn -0.029973 0.023793 0.092388
vn -0.030001 0.023757 0.092388
vn -0.031103 0.022295 0.092388
vn -0.031099 0.022301 0.092388
vn -0.032132 0.020785 0.092388
vn -0.032159 0.020743 0.092388
vn -0.033102 0.019203 0.092388
vn -0.033139 0.019137 0.092388
vn -0.034002 0.017559 0.092388
vn -0.034040 0.017485 0.092388
vn -0.034828 0.015859 0.092388
vn -0.034858 0.015792 0.092388
vn -0.035572 0.014109 0.092388
vn -0.035590 0.014064 0.092388
vn -0.036232 0.012317 0.092388
vn -0.036236 0.012304 0.092388
vn -0.036796 0.010514 0.092388
vn -0.036803 0.010487 0.092388
vn -0.037267 0.008698 0.092388
vn -0.037283 0.008629 0.092388
vn -0.037649 0.006859 0.092388
vn -0.037669 0.006748 0.092388
vn -0.037940 0.005001 0.092388
vn -0.037960 0.004851 0.092388
vn -0.038140 0.003129 0.092388
vn -0.038155 0.002946 0.092388
vn -0.038248 0.001253 0.092388
vn -0.038254 0.001040 0.092388
vn -0.038263 -0.000624 0.092388
vn -0.038259 -0.000859 0.092388
vn -0.038187 -0.002497 0.092388
vn -0.038170 -0.002743 0.092388
vn -0.038018 -0.004365 0.092388
vn -0.037990 -0.004605 0.092388
vn -0.037759 -0.006223 0.092388
vn -0.037723 -0.006436 0.092388
vn -0.037408 -0.008068 0.092388
vn -0.037373 -0.008230 0.092388
vn -0.036966 -0.009897 0.092388
vn -0.036938 -0.010001 0.092388
vn -0.036435 -0.011703 0.092388
vn -0.036411 -0.011778 0.092388
vn -0.035817 -0.013477 0.092388
vn -0.035789 -0.013550 0.092388
vn -0.035113 -0.015217 0.092388
vn -0.035073 -0.015307 0.092388
vn -0.034325 -0.016918 0.092388
vn -0.034266 -0.017039 0.092388
vn -0.033455 -0.018580 0.092388
vn -0.033368 -0.018736 0.092388
vn -0.032504 -0.020197 0.092388
vn -0.032384 -0.020389 0.092388
vn -0.031474 -0.021768 0.092388
vn -0.031319 -0.021990 0.092388
vn -0.030366 -0.023289 0.092388
vn -0.030177 -0.023533 0.092388
vn -0.029184 -0.024754 0.092388
vn -0.028964 -0.025011 0.092388
vn -0.027932 -0.026159 0.092388
vn -0.027688 -0.026416 0.092388
vn -0.026613 -0.027500 0.092388
vn -0.026357 -0.027745 0.092388
vn -0.025228 -0.028775 0.092388
vn -0.024978 -0.028992 0.092388
vn -0.023782 -0.029981 0.092388
vn -0.023563 -0.030154 0.092388
vn -0.022279 -0.031114 0.092388
vn -0.022118 -0.031229 0.092388
vn -0.020723 -0.032171 0.092388
vn -0.020611 -0.032244 0.092388
vn -0.019117 -0.033151 0.092388
vn -0.019028 -0.033202 0.092388
vn -0.017464 -0.034051 0.092388
vn -0.017377 -0.034095 0.092388
vn -0.015768 -0.034868 0.092388
vn -0.015668 -0.034914 0.092388
vn -0.014038 -0.035600 0.092388
vn -0.013909 -0.035651 0.092388
vn -0.012276 -0.036246 0.092388
vn -0.012111 -0.036301 0.092388
vn -0.010486 -0.036804 0.092388
vn -0.010282 -0.036861 0.092388
vn -0.008670 -0.037273 0.092388
vn -0.008433 -0.037327 0.092388
vn -0.006833 -0.037653 0.092388
vn -0.006575 -0.037699 0.092388
vn -0.004977 -0.037943 0.092388
vn -0.004718 -0.037976 0.092388
vn -0.003105 -0.038142 0.092388
vn -0.002875 -0.038160 0.092388
vn -0.001227 -0.038249 0.092388
vn -0.001056 -0.038254 0.092388
vn 0.000652 -0.038263 0.092388
vn 0.000732 -0.038261 0.092388
vn 0.002526 -0.038185 0.092388
vn 0.002544 -0.038184 0.092388
vn 0.004394 -0.038015 0.092388
vn 0.004384 -0.038016 0.092388
vn 0.006239 -0.037756 0.092388
vn 0.006251 -0.037754 0.092388
vn 0.008098 -0.037402 0.092388
vn 0.008094 -0.037402 0.092388
vn 0.009920 -0.036960 0.092388
vn 0.009950 -0.036952 0.092388
vn 0.011726 -0.036428 0.092388
vn 0.011783 -0.036409 0.092388
vn 0.013502 -0.035807 0.092388
vn 0.013587 -0.035775 0.092388
vn 0.015242 -0.035102 0.092388
vn 0.015354 -0.035053 0.092388
vn 0.016945 -0.034312 0.092388
vn 0.017073 -0.034249 0.092388
vn 0.018605 -0.033441 0.092388
vn 0.018735 -0.033369 0.092388
vn 0.020221 -0.032490 0.092388
vn 0.020331 -0.032421 0.092388
vn 0.021790 -0.031459 0.092388
vn 0.021852 -0.031416 0.092388
vn 0.023307 -0.030352 0.092388
vn 0.023304 -0.030354 0.092388
vn 0.024725 -0.029208 0.092388
vn 0.024772 -0.029169 0.092388
vn 0.026111 -0.027976 0.092388
vn 0.026175 -0.027916 0.092388
vn 0.027452 -0.026662 0.092388
vn 0.027513 -0.026598 0.092388
vn 0.028739 -0.025270 0.092388
vn 0.028784 -0.025218 0.092388
vn 0.029963 -0.023805 0.092388
vn -0.008078 0.037406 -0.092388
vn -0.009905 0.036964 -0.092388
vn -0.009905 0.036964 -0.092388
vn -0.011711 0.036433 -0.092388
vn -0.011733 0.036425 -0.092388
vn -0.013486 0.035813 -0.092388
vn -0.013537 0.035794 -0.092388
vn -0.015227 0.035109 -0.092388
vn -0.015308 0.035073 -0.092388
vn -0.016929 0.034320 -0.092388
vn -0.017041 0.034265 -0.092388
vn -0.018590 0.033450 -0.092388
vn -0.018728 0.033373 -0.092388
vn -0.020206 0.032499 -0.092388
vn -0.020362 0.032401 -0.092388
vn -0.021776 0.031469 -0.092388
vn -0.021938 0.031356 -0.092388
vn -0.023295 0.030362 -0.092388
vn -0.023449 0.030242 -0.092388
vn -0.024760 0.029179 -0.092388
vn -0.024891 0.029068 -0.092388
vn -0.026163 0.027928 -0.092388
vn -0.026257 0.027839 -0.092388
vn -0.027502 0.026611 -0.092388
vn -0.027546 0.026565 -0.092388
vn -0.028773 0.025231 -0.092388
vn -0.028779 0.025224 -0.092388
vn -0.029963 0.023806 -0.092388
vn -0.029974 0.023791 -0.092388
vn -0.031088 0.022316 -0.092388
vn -0.031104 0.022294 -0.092388
vn -0.032149 0.020759 -0.092388
vn -0.032160 0.020742 -0.092388
vn -0.033138 0.019140 -0.092388
vn -0.033139 0.019138 -0.092388
vn -0.034041 0.017484 -0.092388
vn -0.034049 0.017467 -0.092388
vn -0.034858 0.015791 -0.092388
vn -0.034879 0.015746 -0.092388
vn -0.035591 0.014063 -0.092388
vn -0.035622 0.013983 -0.092388
vn -0.036237 0.012302 -0.092388
vn -0.036276 0.012186 -0.092388
vn -0.036796 0.010512 -0.092388
vn -0.036839 0.010361 -0.092388
vn -0.037267 0.008697 -0.092388
vn -0.037309 0.008517 -0.092388
vn -0.037649 0.006858 -0.092388
vn -0.037684 0.006662 -0.092388
vn -0.037940 0.005001 -0.092388
vn -0.037966 0.004804 -0.092388
vn -0.038140 0.003129 -0.092388
vn -0.038154 0.002953 -0.092388
vn -0.038248 0.001252 -0.092388
vn -0.038252 0.001116 -0.092388
vn -0.038263 -0.000625 -0.092388
vn -0.038262 -0.000697 -0.092388
vn -0.038187 -0.002499 -0.092388
vn -0.038186 -0.002515 -0.092388
vn -0.038018 -0.004367 -0.092388
vn -0.038020 -0.004354 -0.092388
vn -0.037762 -0.006202 -0.092388
vn -0.037759 -0.006225 -0.092388
vn -0.037411 -0.008053 -0.092388
vn -0.037408 -0.008069 -0.092388
vn -0.036966 -0.009897 -0.092388
vn -0.036966 -0.009897 -0.092388
vn -0.036435 -0.011703 -0.092388
vn -0.036428 -0.011725 -0.092388
vn -0.035815 -0.013480 -0.092388
vn -0.035797 -0.013529 -0.092388
vn -0.035110 -0.015224 -0.092388
vn -0.035076 -0.015302 -0.092388
vn -0.034319 -0.016931 -0.092388
vn -0.034267 -0.017036 -0.092388
vn -0.033444 -0.018599 -0.092388
vn -0.033374 -0.018725 -0.092388
vn -0.032489 -0.020221 -0.092388
vn -0.032402 -0.020361 -0.092388
vn -0.031456 -0.021794 -0.092388
vn -0.031356 -0.021938 -0.092388
vn -0.030347 -0.023313 -0.092388
vn -0.030242 -0.023450 -0.092388
vn -0.029164 -0.024777 -0.092388
vn -0.029067 -0.024892 -0.092388
vn -0.027910 -0.026182 -0.092388
vn -0.027838 -0.026258 -0.092388
vn -0.026591 -0.027521 -0.092388
vn -0.026564 -0.027546 -0.092388
vn -0.025209 -0.028791 -0.092388
vn -0.025223 -0.028779 -0.092388
vn -0.023805 -0.029963 -0.092388
vn -0.023768 -0.029992 -0.092388
vn -0.022314 -0.031089 -0.092388
vn -0.022271 -0.031120 -0.092388
vn -0.020756 -0.032150 -0.092388
vn -0.020719 -0.032174 -0.092388
vn -0.019137 -0.033140 -0.092388
vn -0.019116 -0.033152 -0.092388
vn -0.017462 -0.034052 -0.092388
vn -0.017464 -0.034051 -0.092388
vn -0.015768 -0.034869 -0.092388
vn -0.015739 -0.034882 -0.092388
vn -0.014037 -0.035601 -0.092388
vn -0.013975 -0.035625 -0.092388
vn -0.012275 -0.036246 -0.092388
vn -0.012177 -0.036279 -0.092388
vn -0.010484 -0.036804 -0.092388
vn -0.010352 -0.036841 -0.092388
vn -0.008669 -0.037273 -0.092388
vn -0.008508 -0.037310 -0.092388
vn -0.006832 -0.037653 -0.092388
vn -0.006655 -0.037685 -0.092388
vn -0.004976 -0.037943 -0.092388
vn -0.004800 -0.037966 -0.092388
vn -0.003106 -0.038142 -0.092388
vn -0.002953 -0.038154 -0.092388
vn -0.001226 -0.038249 -0.092388
vn -0.001123 -0.038252 -0.092388
vn 0.000653 -0.038263 -0.092388
vn 0.000686 -0.038262 -0.092388
vn 0.002528 -0.038185 -0.092388
vn 0.002511 -0.038186 -0.092388
vn 0.004355 -0.038020 -0.092388
vn 0.004396 -0.038015 -0.092388
vn 0.006209 -0.037761 -0.092388
vn 0.006253 -0.037754 -0.092388
vn 0.008063 -0.037409 -0.092388
vn 0.008096 -0.037402 -0.092388
vn 0.009910 -0.036963 -0.092388
vn 0.009921 -0.036960 -0.092388
vn 0.011725 -0.036428 -0.092388
vn 0.011740 -0.036423 -0.092388
vn 0.013502 -0.035807 -0.092388
vn 0.013545 -0.035791 -0.092388
vn 0.015244 -0.035101 -0.092388
vn 0.015318 -0.035069 -0.092388
vn 0.016946 -0.034312 -0.092388
vn 0.017051 -0.034259 -0.092388
vn 0.018607 -0.033440 -0.092388
vn 0.018738 -0.033367 -0.092388
vn 0.020223 -0.032488 -0.092388
vn 0.020372 -0.032395 -0.092388
vn 0.021791 -0.031458 -0.092388
vn 0.021945 -0.031351 -0.092388
vn 0.023308 -0.030351 -0.092388
vn 0.023453 -0.030239 -0.092388
vn 0.024771 -0.029169 -0.092388
vn 0.024889 -0.029069 -0.092388
vn 0.026176 -0.027916 -0.092388
vn 0.026249 -0.027847 -0.092388
vn 0.027514 -0.026597 -0.092388
vn 0.027536 -0.026575 -0.092388
vn 0.028785 -0.025217 -0.092388
vn 0.028776 -0.025227 -0.092388
vn 0.029964 -0.023803 -0.092388
vn 0.029986 -0.023776 -0.092388
vn 0.031094 -0.022308 -0.092388
vn 0.031115 -0.022279 -0.092388
vn 0.032157 -0.020746 -0.092388
vn 0.032169 -0.020727 -0.092388
vn 0.033148 -0.019123 -0.092388
vn 0.033148 -0.019123 -0.092388
vn 0.034047 -0.017471 -0.092388
vn 0.034060 -0.017447 -0.092388
vn 0.034865 -0.015776 -0.092388
vn 0.034889 -0.015723 -0.092388
vn 0.035598 -0.014046 -0.092388
vn 0.035631 -0.013959 -0.092388
vn 0.036243 -0.012284 -0.092388
vn 0.036284 -0.012162 -0.092388
vn 0.036801 -0.010493 -0.092388
vn 0.036845 -0.010338 -0.092388
vn 0.037271 -0.008678 -0.092388
vn 0.037313 -0.008498 -0.092388
vn 0.037652 -0.006841 -0.092388
vn 0.037686 -0.006648 -0.092388
vn 0.037942 -0.004985 -0.092388
vn 0.037966 -0.004798 -0.092388
vn 0.038141 -0.003113 -0.092388
vn 0.038154 -0.002956 -0.092388
vn 0.038248 -0.001235 -0.092388
vn 0.038252 -0.001132 -0.092388
vn 0.038263 0.000644 -0.092388
vn 0.038262 0.000677 -0.092388
vn 0.038185 0.002519 -0.092388
vn 0.038186 0.002509 -0.092388
vn 0.038019 0.004358 -0.092388
vn 0.038016 0.004386 -0.092388
vn 0.037760 0.006215 -0.092388
vn 0.037756 0.006243 -0.092388
vn 0.037408 0.008071 -0.092388
vn 0.037404 0.008087 -0.092388
vn 0.036961 0.009918 -0.092388
vn 0.036962 0.009913 -0.092388
vn 0.036430 0.011718 -0.092388
vn 0.036420 0.011749 -0.092388
vn 0.035810 0.013494 -0.092388
vn 0.035788 0.013553 -0.092388
vn 0.035105 0.015235 -0.092388
vn 0.035066 0.015325 -0.092388
vn 0.034316 0.016938 -0.092388
vn 0.034257 0.017057 -0.092388
vn 0.033445 0.018598 -0.092388
vn 0.033364 0.018743 -0.092388
vn 0.032494 0.020215 -0.092388
vn 0.032394 0.020375 -0.092388
vn 0.031464 0.021783 -0.092388
vn 0.031350 0.021947 -0.092388
vn 0.030357 0.023301 -0.092388
vn 0.030239 0.023454 -0.092388
vn 0.029174 0.024766 -0.092388
vn 0.029069 0.024889 -0.092388
vn 0.027922 0.026170 -0.092388
vn 0.027847 0.026250 -0.092388
vn 0.026604 0.027508 -0.092388
vn 0.026574 0.027537 -0.092388
vn 0.025224 0.028779 -0.092388
vn 0.025227 0.028777 -0.092388
vn 0.023803 0.029965 -0.092388
vn 0.023784 0.029980 -0.092388
vn 0.022308 0.031094 -0.092388
vn 0.022286 0.031109 -0.092388
vn 0.020747 0.032156 -0.092388
vn 0.020735 0.032164 -0.092388
vn 0.019126 0.033146 -0.092388
vn 0.019131 0.033143 -0.092388
vn 0.017478 0.034044 -0.092388
vn 0.017451 0.034058 -0.092388
vn 0.015784 0.034862 -0.092388
vn 0.015729 0.034887 -0.092388
vn 0.014054 0.035594 -0.092388
vn 0.013966 0.035629 -0.092388
vn 0.012293 0.036240 -0.092388
vn 0.012169 0.036282 -0.092388
vn 0.010503 0.036799 -0.092388
vn 0.010346 0.036843 -0.092388
vn 0.008687 0.037269 -0.092388
vn 0.008505 0.037311 -0.092388
vn 0.006850 0.037650 -0.092388
vn 0.006653 0.037686 -0.092388
vn 0.004993 0.037941 -0.092388
vn 0.004800 0.037966 -0.092388
vn 0.003121 0.038141 -0.092388
vn 0.002954 0.038154 -0.092388
vn 0.001243 0.038248 -0.092388
vn 0.001124 0.038252 -0.092388
vn -0.000635 0.038263 -0.092388
vn -0.000686 0.038262 -0.092388
vn -0.002509 0.038186 -0.092388
vn -0.002512 0.038186 -0.092388
vn -0.004355 0.038020 -0.092388
vn -0.004377 0.038017 -0.092388
vn -0.006207 0.037762 -0.092388
vn -0.006234 0.037757 -0.092388
vn -0.008060 0.037410 -0.092388
vn -0.100000 0.000000 0.000000
vn -0.100000 0.000000 0.000000
vn -0.100000 0.000000 0.000000
vn -0.100000 0.000000 0.000000
vn -0.100000 0.000000 0.000000
vn -0.100000 0.000000 0.000000
vn -0.096648 -0.000000 0.025676
vn -0.096648 -0.000000 0.025676
vn -0.096648 -0.000000 0.025676
vn -0.096648 -0.000000 0.025676
vn 0.100000 0.000000 0.000000
vn 0.100000 0.000000 0.000000
vn 0.100000 0.000000 0.000000
vn 0.100000 0.000000 0.000000
vn 0.100000 0.000000 0.000000
vn 0.100000 0.000000 0.000000
vn -0.070560 -0.000000 -0.070861
vn -0.070560 -0.000000 -0.070861
vn -0.070560 -0.000000 -0.070861
vn -0.070560 -0.000000 -0.070861
vn -0.026088 -0.000000 0.096537
vn -0.026088 -0.000000 0.096537
vn -0.026088 -0.000000 0.096537
vn -0.026088 -0.000000 0.096537
vn 0.026088 -0.000000 0.096537
vn 0.026088 -0.000000 0.096537
vn 0.026088 -0.000000 0.096537
vn 0.026088 -0.000000 0.096537
vn 0.026088 0.000000 -0.096537
vn 0.026088 0.000000 -0.096537
vn 0.026088 0.000000 -0.096537
vn 0.026088 0.000000 -0.096537
vn 0.096647 0.000000 0.025676
vn 0.096647 0.000000 0.025676
vn 0.096647 0.000000 0.025676
vn 0.096647 0.000000 0.025676
vn -0.026088 -0.000000 -0.096537
vn -0.026088 -0.000000 -0.096537
vn -0.026088 -0.000000 -0.096537
vn -0.026088 -0.000000 -0.096537
vn 0.070560 0.000000 0.070861
vn 0.070560 0.000000 0.070861
vn 0.070560 0.000000 0.070861
vn 0.070560 0.000000 0.070861
vn 0.096647 -0.000000 -0.025676
vn 0.096647 -0.000000 -0.025676
vn 0.096647 -0.000000 -0.025676
vn 0.096647 -0.000000 -0.025676
vn -0.070560 -0.000000 0.070861
vn -0.070560 -0.000000 0.070861
vn -0.070560 -0.000000 0.070861
vn -0.070560 -0.000000 0.070861
vn 0.070560 -0.000000 -0.070861
vn 0.070560 -0.000000 -0.070861
vn 0.070560 -0.000000 -0.070861
vn 0.070560 -0.000000 -0.070861
vn -0.096648 0.000000 -0.025676
vn -0.096648 0.000000 -0.025676
vn -0.096648 0.000000 -0.025676
vn -0.096648 0.000000 -0.025676
vn -0.000000 -0.100000 0.000000
vn -0.000000 -0.100000 0.000000
vn -0.000000 -0.100000 0.000000
vn -0.000000 -0.100000 0.000000
vn -0.000000 -0.100000 0.000000
vn -0.000000 -0.100000 0.000000
vn -0.000000 -0.100000 0.000000
vn -0.000000 -0.100000 0.000000
vn -0.000000 -0.100000 0.000000
vn -0.000000 -0.100000 0.000000
vn -0.000000 -0.100000 0.000000
vn -0.000000 -0.100000 0.000000
vn -0.000000 -0.100000 0.000000
vn -0.000000 -0.100000 0.000000
vn -0.000000 -0.100000 0.000000
vn -0.000000 -0.100000 0.000000
vn -0.000000 -0.100000 0.000000
vn -0.000000 -0.100000 0.000000
vn -0.000000 -0.100000 0.000000
vn -0.000000 -0.100000 0.000000
vn -0.003090 -0.010186 0.099432
vn -0.002955 -0.010097 0.099445
vn -0.003118 -0.010299 0.099419
vn -0.002132 -0.009567 0.099519
vn -0.003200 -0.011089 0.099332
vn -0.001334 -0.009023 0.099583
vn -0.002802 -0.011409 0.099308
vn 0.000182 -0.007900 0.099687
vn -0.002396 -0.011719 0.099282
vn 0.000201 -0.008264 0.099658
vn -0.001982 -0.012019 0.099255
vn 0.000529 -0.008502 0.099636
vn -0.001562 -0.012309 0.099227
vn 0.000863 -0.008732 0.099614
vn -0.001133 -0.012589 0.099198
vn 0.001203 -0.008955 0.099591
vn 0.001548 -0.009167 0.099567
vn 0.003792 -0.005461 0.099779
vn 0.001898 -0.009372 0.099542
vn 0.004051 -0.005613 0.099760
vn 0.002252 -0.009568 0.099516
vn 0.004313 -0.005757 0.099741
vn 0.002612 -0.009755 0.099489
vn 0.004579 -0.005896 0.099721
vn 0.002976 -0.009934 0.099461
vn 0.004848 -0.006027 0.099700
vn 0.003344 -0.010103 0.099432
vn 0.005120 -0.006152 0.099679
vn 0.003717 -0.010263 0.099403
vn 0.005395 -0.006271 0.099657
vn 0.004093 -0.010413 0.099372
vn 0.005673 -0.006382 0.099635
vn 0.004095 -0.010556 0.099357
vn 0.005336 -0.007922 0.099543
vn 0.005953 -0.006487 0.099612
vn 0.006501 -0.005211 0.099652
vn 0.007423 -0.002406 0.099695
vn 0.007590 -0.002431 0.099682
vn 0.008879 0.001679 0.099591
vn 0.008960 0.001651 0.099584
vn 0.010318 0.005761 0.099299
vn 0.010298 0.005768 0.099301
vn 0.010697 0.006963 0.099182
vn 0.010989 0.008133 0.099061
vn 0.001596 -0.006736 0.099760
vn 0.002907 -0.005538 0.099804
vn 0.003537 -0.005304 0.099797
vn 0.004116 -0.004312 0.099822
vn 0.005226 -0.003065 0.099816
vn 0.006236 -0.001802 0.099789
vn 0.007150 -0.000530 0.099743
vn 0.006365 -0.001936 0.099778
vn 0.006536 -0.002025 0.099766
vn 0.007968 0.000745 0.099679
vn 0.006710 -0.002110 0.099752
vn 0.008693 0.002019 0.099601
vn 0.006885 -0.002191 0.099739
vn 0.008638 0.001775 0.099610
vn 0.007063 -0.002267 0.099725
vn 0.008718 0.001741 0.099604
vn 0.007242 -0.002339 0.099710
vn 0.008798 0.001709 0.099598
vn 0.009021 0.002653 0.099557
vn 0.009326 0.003285 0.099510
vn 0.009869 0.004534 0.099408
vn 0.010325 0.005762 0.099298
vn 0.011374 0.009947 0.098852
vn 0.010411 0.006270 0.099259
vn 0.010279 0.005774 0.099303
vn 0.009545 0.003316 0.099488
vn 0.008605 0.000413 0.099628
vn 0.002778 -0.013109 0.099098
vn 0.002031 -0.014235 0.098961
vn 0.001993 -0.015305 0.098802
vn 0.001233 -0.017499 0.098449
vn 0.000915 -0.018411 0.098286
vn 0.000500 -0.019689 0.098041
vn -0.000680 -0.022361 0.097466
vn -0.000206 -0.021875 0.097578
vn -0.000882 -0.024055 0.097060
vn -0.002274 -0.026268 0.096461
vn -0.001527 -0.026228 0.096487
vn -0.002140 -0.028392 0.095861
vn -0.002719 -0.030547 0.095181
vn -0.003451 -0.028107 0.095907
vn -0.003943 -0.025530 0.096606
vn -0.003786 -0.025640 0.096583
vn -0.003034 -0.025963 0.096523
vn -0.001347 -0.022093 0.097520
vn 0.000342 -0.018181 0.098333
vn -0.002006 -0.021810 0.097572
vn -0.004317 -0.023530 0.097096
vn -0.002658 -0.021511 0.097623
vn -0.003302 -0.021195 0.097672
vn -0.001332 -0.017412 0.098463
vn -0.001877 -0.017129 0.098504
vn 0.000188 -0.013361 0.099103
vn -0.000259 -0.013114 0.099136
vn -0.003938 -0.020864 0.097720
vn -0.004502 -0.021530 0.097551
vn -0.004472 -0.019456 0.097987
vn -0.004006 -0.017030 0.098458
vn -0.002946 -0.016521 0.098582
vn -0.002415 -0.016831 0.098544
vn -0.004238 -0.015641 0.098678
vn -0.003983 -0.015862 0.098654
vn -0.003466 -0.016199 0.098618
vn -0.000700 -0.012856 0.099168
vn -0.004080 -0.013915 0.098943
vn -0.003710 -0.012130 0.099192
vn 0.000641 -0.013597 0.099069
vn -0.000780 -0.017682 0.098421
vn 0.001099 -0.013821 0.099034
vn 0.001563 -0.014034 0.098998
vn -0.000222 -0.017939 0.098378
vn 0.050855 0.086103 0.000008
vn 0.050133 0.086526 0.000004
vn 0.047233 0.088142 -0.000010
vn 0.047187 0.088167 -0.000011
vn 0.046139 0.088720 -0.000015
vn 0.045547 0.089025 -0.000018
vn 0.045041 0.089282 -0.000020
vn 0.043884 0.089856 -0.000025
vn 0.043940 0.089829 -0.000025
vn 0.042837 0.090361 -0.000030
vn 0.042201 0.090659 -0.000032
vn 0.041732 0.090876 -0.000034
vn 0.040499 0.091432 -0.000038
vn 0.040628 0.091375 -0.000038
vn 0.039526 0.091857 -0.000042
vn 0.038779 0.092175 -0.000044
vn 0.038428 0.092322 -0.000045
vn 0.037216 0.092817 -0.000049
vn 0.037044 0.092886 -0.000049
vn 0.035999 0.093296 -0.000052
vn 0.035295 0.093564 -0.000054
vn 0.034776 0.093758 -0.000056
vn 0.033534 0.094210 -0.000059
vn 0.033549 0.094204 -0.000059
vn 0.052934 0.084841 0.000020
vn 0.054025 0.084151 0.000027
vn 0.055678 0.083066 0.000038
vn 0.057122 0.082080 0.000048
vn 0.058364 0.081202 0.000057
vn 0.060143 0.079893 0.000070
vn 0.060976 0.079259 0.000077
vn 0.061622 0.078757 0.000082
vn 0.063084 0.077591 0.000094
vn 0.062360 0.078174 0.000088
vn 0.063194 0.077502 0.000095
vn 0.064116 0.076741 0.000103
vn 0.064524 0.076398 0.000107
vn 0.065119 0.075891 0.000112
vn 0.065940 0.075179 0.000120
vn 0.066195 0.074954 0.000123
vn 0.067338 0.073929 0.000134
vn 0.068699 0.072666 0.000148
vn 0.068539 0.072817 0.000146
vn 0.069789 0.071620 0.000159
vn 0.071359 0.070056 0.000177
vn 0.071035 0.070385 0.000173
vn 0.073460 0.067850 0.000202
vn 0.073917 0.067352 0.000208
vn 0.074030 0.067227 0.000209
vn 0.074565 0.066634 0.000216
vn 0.075062 0.066072 0.000222
vn 0.076370 0.064556 0.000240
vn 0.075523 0.065545 0.000228
vn 0.075947 0.065054 0.000234
vn 0.076331 0.064602 0.000239
vn 0.076677 0.064192 0.000244
vn 0.076982 0.063826 0.000248
vn 0.078717 0.061673 0.000273
vn 0.079207 0.061042 0.000281
vn 0.080955 0.058704 0.000309
vn 0.081331 0.058183 0.000315
vn 0.083081 0.055654 0.000345
vn 0.083351 0.055250 0.000350
vn 0.085093 0.052526 0.000383
vn 0.085265 0.052246 0.000386
vn 0.086990 0.049322 0.000422
vn 0.087072 0.049177 0.000424
vn 0.087893 0.047692 0.000442
vn 0.088767 0.046045 0.000463
vn -0.046034 0.088774 -0.000013
vn -0.047026 0.088253 -0.000009
vn -0.047053 0.088238 -0.000009
vn -0.050301 0.086428 0.000007
vn -0.050060 0.086568 0.000006
vn -0.052891 0.084868 0.000021
vn -0.053348 0.084581 0.000023
vn -0.055664 0.083075 0.000037
vn -0.056288 0.082654 0.000041
vn -0.057734 0.081650 0.000050
vn -0.058377 0.081192 0.000054
vn -0.059179 0.080609 0.000059
vn -0.060621 0.079531 0.000070
vn -0.061026 0.079220 0.000072
vn -0.062056 0.078416 0.000080
vn -0.063483 0.077265 0.000091
vn -0.064899 0.076080 0.000102
vn -0.066302 0.074860 0.000114
vn -0.065327 0.075712 0.000106
vn -0.067689 0.073608 0.000126
vn -0.069059 0.072325 0.000139
vn -0.069450 0.071949 0.000143
vn -0.070409 0.071011 0.000152
vn -0.071738 0.069668 0.000165
vn -0.073355 0.067963 0.000183
vn -0.073044 0.068298 0.000179
vn -0.074324 0.066902 0.000193
vn -0.075578 0.065482 0.000208
vn -0.077007 0.063796 0.000225
vn -0.076804 0.064040 0.000222
vn -0.078000 0.062577 0.000237
vn -0.079082 0.061204 0.000252
vn -0.079166 0.061096 0.000253
vn -0.080300 0.059598 0.000268
vn -0.081070 0.058545 0.000279
vn -0.081400 0.058085 0.000284
vn -0.082467 0.056561 0.000300
vn -0.082969 0.055822 0.000308
vn -0.083498 0.055027 0.000316
vn -0.084776 0.053037 0.000337
vn -0.084494 0.053485 0.000332
vn -0.085453 0.051938 0.000349
vn -0.086490 0.050194 0.000367
vn -0.086376 0.050389 0.000365
vn -0.087261 0.048841 0.000382
vn -0.088108 0.047295 0.000398
vn -0.045180 0.089212 -0.000017
vn -0.044896 0.089355 -0.000018
vn -0.043756 0.089919 -0.000023
vn -0.043130 0.090221 -0.000025
vn -0.042614 0.090466 -0.000027
vn -0.041058 0.091182 -0.000033
vn -0.041471 0.090996 -0.000031
vn -0.040328 0.091508 -0.000035
vn -0.038975 0.092092 -0.000040
vn -0.039188 0.092002 -0.000039
vn -0.038055 0.092476 -0.000043
vn -0.037655 0.092640 -0.000044
vn -0.036295 0.093181 -0.000048
vn -0.034930 0.093701 -0.000052
vn -0.035801 0.093372 -0.000049
vn -0.036932 0.092930 -0.000046
vn -0.034666 0.093799 -0.000052
vn -0.033559 0.094201 -0.000055
vn -0.033527 0.094212 -0.000055
vn -0.000794 -0.000116 -0.099997
vn -0.000799 0.000106 -0.099997
vn -0.000596 -0.000084 -0.099998
vn 0.000432 0.000057 -0.099999
vn -0.000266 0.000106 -0.100000
vn 0.000266 0.000106 -0.100000
vn 0.000799 0.000106 -0.099997
vn 0.000799 0.000035 -0.099997
vn 0.000799 -0.000035 -0.099997
vn 0.000794 -0.000117 -0.099997
vn 0.000596 -0.000085 -0.099998
vn 0.000395 -0.000062 -0.099999
vn 0.000197 -0.000048 -0.100000
vn 0.000000 -0.000043 -0.100000
vn -0.000196 -0.000048 -0.100000
vn -0.000395 -0.000061 -0.099999
vn -0.000596 -0.000085 0.099998
vn 0.000432 0.000057 0.099999
vn -0.000807 -0.000088 0.099997
vn -0.000197 -0.000048 0.100000
vn -0.000396 -0.000062 0.099999
vn -0.000001 -0.000043 0.100000
vn 0.000196 -0.000048 0.100000
vn 0.000394 -0.000062 0.099999
vn 0.000595 -0.000085 0.099998
vn 0.000799 -0.000106 0.099997
vn 0.000799 0.000106 0.099997
vn 0.000266 0.000106 0.100000
vn -0.000266 0.000106 0.100000
vn -0.000799 0.000106 0.099997
vn -0.000799 0.000038 0.099997
vn -0.000799 -0.000031 0.099997
vn 0.021609 0.097544 0.004266
vn 0.018511 0.098178 0.004303
vn 0.018507 0.098178 0.004303
vn 0.013814 0.098946 0.004348
vn 0.013985 0.098922 0.004346
vn 0.009399 0.099461 0.004378
vn 0.009164 0.099483 0.004379
vn 0.004765 0.099790 0.004397
vn 0.004546 0.099800 0.004398
vn 0.000101 0.099903 0.004404
vn -0.000018 0.099903 0.004404
vn -0.004574 0.099799 0.004398
vn -0.004582 0.099798 0.004398
vn -0.009201 0.099480 0.004379
vn 0.024661 0.096819 0.004224
vn 0.024540 0.096850 0.004225
vn 0.021518 0.097564 0.004267
vn 0.027675 0.096003 0.004176
vn 0.027567 0.096034 0.004178
vn 0.030632 0.095103 0.004124
vn -0.009243 0.099476 0.004379
vn -0.013851 0.098941 0.004348
vn -0.013891 0.098935 0.004347
vn -0.018507 0.098178 0.004303
vn -0.018611 0.098159 0.004302
vn -0.021959 0.097466 0.004261
vn -0.025326 0.096648 0.004214
vn -0.025366 0.096638 0.004213
vn -0.021965 0.097465 0.004261
vn -0.028699 0.095703 0.004159
vn -0.028733 0.095693 0.004158
vn -0.032047 0.094637 0.004096
vn -0.014052 0.098875 -0.005128
vn -0.018564 0.098118 -0.005324
vn -0.018398 0.098149 -0.005317
vn -0.021439 0.097523 -0.005445
vn -0.021201 0.097575 -0.005435
vn -0.024264 0.096852 -0.005561
vn -0.024017 0.096914 -0.005551
vn -0.027046 0.096106 -0.005673
vn -0.026838 0.096165 -0.005664
vn -0.029724 0.095305 -0.005777
vn -0.013786 0.098913 -0.005117
vn -0.009471 0.099429 -0.004923
vn -0.009133 0.099461 -0.004907
vn -0.004841 0.099772 -0.004708
vn -0.004513 0.099788 -0.004692
vn -0.000180 0.099899 -0.004484
vn 0.000055 0.099900 -0.004473
vn 0.004495 0.099808 -0.004253
vn 0.004618 0.099803 -0.004247
vn 0.009166 0.099498 -0.004015
vn 0.009236 0.099492 -0.004011
vn 0.013887 0.098959 -0.003766
vn 0.013817 0.098969 -0.003770
vn 0.018501 0.098211 -0.003517
vn 0.018445 0.098221 -0.003520
vn 0.022852 0.097299 -0.003274
vn 0.022813 0.097308 -0.003276
vn 0.027084 0.096215 -0.003032
vn 0.027210 0.096179 -0.003025
vn 0.031349 0.094918 -0.002781
vn 0.031549 0.094852 -0.002769
vn 0.035618 0.093408 -0.002523
vn 0.035841 0.093323 -0.002510
vn 0.040059 0.091598 -0.002247
vn 0.039864 0.091683 -0.002260
vn 0.044178 0.089691 -0.001984
vn 0.044066 0.089745 -0.001991
vn 0.048172 0.087615 -0.001721
vn 0.048202 0.087599 -0.001719
vn 0.052023 0.085390 -0.001460
vn 0.001011 -0.013981 -0.099013
vn 0.000448 -0.012958 -0.099156
vn 0.000681 -0.013380 -0.099098
vn -0.000389 -0.011458 -0.099341
vn -0.000498 -0.011264 -0.099362
vn -0.001201 -0.010025 -0.099489
vn -0.001119 -0.010169 -0.099475
vn -0.001738 -0.009090 -0.099571
vn -0.001986 -0.008661 -0.099604
vn -0.002357 -0.008025 -0.099650
vn -0.002742 -0.007367 -0.099691
vn -0.002973 -0.006975 -0.099712
vn -0.003466 -0.006144 -0.099751
vn -0.003587 -0.005941 -0.099759
vn -0.004156 -0.004993 -0.099789
vn -0.004198 -0.004922 -0.099791
vn -0.004810 -0.003914 -0.099808
vn -0.004807 -0.003920 -0.099807
vn -0.005428 -0.002906 -0.099810
vn -0.005412 -0.002933 -0.099810
vn -0.006010 -0.001969 -0.099800
vn -0.006013 -0.001962 -0.099800
vn -0.006553 -0.001100 -0.099779
vn -0.006611 -0.001008 -0.099776
vn -0.007059 -0.000298 -0.099750
vn -0.007204 -0.000070 -0.099740
vn -0.007527 0.000436 -0.099715
vn -0.007793 0.000852 -0.099692
vn -0.007956 0.001106 -0.099677
vn -0.008348 0.001713 -0.099636
vn -0.008377 0.001758 -0.099633
vn -0.008702 0.002258 -0.099595
vn -0.008956 0.002648 -0.099563
vn -0.009020 0.002744 -0.099555
vn -0.009302 0.003174 -0.099516
vn -0.009530 0.003521 -0.099483
vn -0.009549 0.003550 -0.099480
vn -0.009763 0.003873 -0.099447
vn -0.009944 0.004146 -0.099418
vn -0.010093 0.004370 -0.099393
vn -0.010253 0.004610 -0.099366
vn -0.010212 0.004549 -0.099373
vn -0.010303 0.004685 -0.099357
vn -0.010367 0.004781 -0.099346
vn -0.010380 0.004800 -0.099344
vn -0.010405 0.004838 -0.099339
vn -0.010420 0.004859 -0.099337
vn -0.010215 0.004552 -0.099373
vn 0.001830 -0.015492 -0.098776
vn 0.001121 -0.014184 -0.098983
vn 0.001377 -0.014653 -0.098911
vn 0.001631 -0.015122 -0.098837
vn 0.001883 -0.015590 -0.098759
vn 0.002133 -0.016058 -0.098679
vn 0.002382 -0.016525 -0.098596
vn 0.002947 -0.017595 -0.098396
vn 0.002630 -0.016992 -0.098511
vn 0.002812 -0.017338 -0.098445
vn 0.002875 -0.017457 -0.098422
vn 0.003541 -0.018734 -0.098166
vn 0.004033 -0.019689 -0.097960
vn 0.003931 -0.019489 -0.098004
vn 0.004316 -0.020243 -0.097834
vn 0.004697 -0.020995 -0.097658
vn 0.005086 -0.021770 -0.097469
vn 0.005074 -0.021745 -0.097475
vn 0.005446 -0.022493 -0.097285
vn 0.005814 -0.023239 -0.097088
vn 0.006106 -0.023838 -0.096925
vn 0.005934 -0.023485 -0.097022
vn 0.006671 -0.025007 -0.096593
vn 0.007092 -0.025889 -0.096330
vn 0.007078 -0.025858 -0.096339
vn 0.007478 -0.026706 -0.096077
vn 0.008001 -0.027828 -0.095716
vn -0.000060 -0.001426 0.099990
vn 0.000074 -0.001356 0.099991
vn -0.000049 -0.001420 0.099990
vn -0.000037 -0.001414 0.099990
vn -0.000015 -0.001402 0.099990
vn 0.000008 -0.001391 0.099990
vn 0.000045 -0.001372 0.099991
vn 0.000019 -0.001385 0.099990
vn 0.000031 -0.001379 0.099990
vn 0.000082 -0.001353 0.099991
vn 0.000084 -0.001351 0.099991
vn 0.000071 -0.001358 0.099991
vn 0.000058 -0.001365 0.099991
vn 0.000089 -0.001349 0.099991
vn 0.000097 -0.001345 0.099991
vn 0.000103 -0.001342 0.099991
vn 0.000109 -0.001339 0.099991
vn 0.000118 -0.001334 0.099991
vn 0.000121 -0.001332 0.099991
vn 0.000125 -0.001330 0.099991
vn 0.000132 -0.001327 0.099991
vn -0.000077 -0.001354 -0.099991
vn -0.000081 -0.001352 -0.099991
vn -0.000070 -0.001358 -0.099991
vn -0.000069 -0.001358 -0.099991
vn -0.000055 -0.001365 -0.099991
vn -0.000085 -0.001350 -0.099991
vn -0.000094 -0.001345 -0.099991
vn -0.000100 -0.001342 -0.099991
vn -0.000106 -0.001339 -0.099991
vn -0.000114 -0.001334 -0.099991
vn -0.000118 -0.001333 -0.099991
vn -0.000122 -0.001330 -0.099991
vn -0.000129 -0.001327 -0.099991
vn -0.000042 -0.001372 -0.099991
vn -0.000005 -0.001392 -0.099990
vn 0.000018 -0.001404 -0.099990
vn -0.000028 -0.001380 -0.099990
vn -0.000017 -0.001386 -0.099990
vn 0.000041 -0.001416 -0.099990
vn 0.000052 -0.001422 -0.099990
vn 0.000063 -0.001428 -0.099990
vn 0.004840 -0.002266 -0.099857
vn 0.004840 -0.002266 -0.099857
vn 0.004840 -0.002266 -0.099857
vn 0.004840 -0.002266 -0.099857
vn 0.004840 -0.002266 -0.099857
vn 0.004840 -0.002266 -0.099857
vn 0.004840 -0.002266 -0.099857
vn 0.004840 -0.002266 -0.099857
vn 0.004840 -0.002266 -0.099857
vn 0.004840 -0.002266 -0.099857
vn 0.004840 -0.002266 -0.099857
vn 0.004840 -0.002266 -0.099857
vn 0.004840 -0.002266 -0.099857
vn 0.004840 -0.002266 -0.099857
vn -0.001605 -0.030287 -0.095290
vn -0.001315 -0.029235 -0.095622
vn -0.001890 -0.031318 -0.094951
vn -0.001025 -0.028179 -0.095942
vn -0.000734 -0.027119 -0.096250
vn -0.000443 -0.026057 -0.096545
vn -0.000398 -0.025891 -0.096589
vn -0.000152 -0.024991 -0.096827
vn 0.000139 -0.023922 -0.097096
vn 0.000431 -0.022850 -0.097353
vn 0.001107 -0.020352 -0.097901
vn 0.000722 -0.021776 -0.097598
vn 0.001013 -0.020698 -0.097829
vn 0.001305 -0.019619 -0.098048
vn 0.001596 -0.018537 -0.098254
vn 0.001887 -0.017452 -0.098447
vn 0.002689 -0.014452 -0.098914
vn 0.002178 -0.016366 -0.098628
vn 0.002469 -0.015277 -0.098795
vn 0.002760 -0.014187 -0.098950
vn 0.003650 -0.010834 -0.099344
vn 0.004069 -0.009247 -0.099488
vn 0.004543 -0.007444 -0.099619
vn 0.005450 -0.003977 -0.099772
vn 0.006326 -0.000602 -0.099798
vn 0.007349 0.003366 -0.099673
vn 0.008083 0.006238 -0.099477
vn 0.008280 0.007011 -0.099410
vn 0.008943 0.009624 -0.099133
vn 0.009241 0.010802 -0.098984
vn 0.009787 0.012973 -0.098671
vn 0.009404 0.011449 -0.098896
vn 0.009547 0.012019 -0.098815
vn 0.009660 0.012467 -0.098748
vn 0.009743 0.012795 -0.098698
vn 0.009796 0.013005 -0.098666
vn 0.009817 0.013090 -0.098652
vn 0.009820 0.013103 -0.098650
vn -0.004840 -0.002266 0.099857
vn -0.004840 -0.002266 0.099857
vn -0.004840 -0.002266 0.099857
vn -0.004840 -0.002266 0.099857
vn -0.004840 -0.002266 0.099857
vn -0.004840 -0.002266 0.099857
vn -0.004840 -0.002266 0.099857
vn -0.004840 -0.002266 0.099857
vn -0.004840 -0.002266 0.099857
vn -0.004840 -0.002266 0.099857
vn -0.004840 -0.002266 0.099857
vn -0.004840 -0.002266 0.099857
vn -0.004840 -0.002266 0.099857
vn -0.004840 -0.002266 0.099857
vn -0.004840 -0.002266 0.099857
vn -0.004840 -0.002266 0.099857
vn -0.004840 -0.002266 0.099857
vn -0.004840 -0.002266 0.099857
vn -0.004840 -0.002266 0.099857
vn -0.004840 -0.002266 0.099857
vn -0.004840 -0.002266 0.099857
vn -0.004840 -0.002266 0.099857
vn -0.004840 -0.002266 0.099857
vn -0.004840 -0.002266 0.099857
vn -0.004840 -0.002266 0.099857
vn -0.004840 -0.002266 0.099857
vn -0.004840 -0.002266 0.099857
vn -0.004840 -0.002266 0.099857
vn -0.004840 -0.002266 0.099857
vn -0.004840 -0.002266 0.099857
vn -0.002434 -0.015400 0.098777
vn -0.002727 -0.014305 0.098934
vn -0.002661 -0.014553 0.098900
vn -0.003627 -0.010925 0.099335
vn -0.004062 -0.009282 0.099485
vn -0.004530 -0.007507 0.099615
vn -0.005465 -0.003944 0.099773
vn -0.006333 -0.000608 0.099797
vn -0.007348 0.003321 0.099674
vn -0.008109 0.006290 0.099472
vn -0.008272 0.006929 0.099416
vn -0.008978 0.009705 0.099122
vn -0.009239 0.010738 0.098992
vn -0.009830 0.013082 0.098652
vn -0.009488 0.011721 0.098856
vn -0.009653 0.012378 0.098760
vn -0.009766 0.012824 0.098692
vn -0.009778 0.012875 0.098684
vn -0.009856 0.013185 0.098636
vn -0.009858 0.013193 0.098634
vn -0.009866 0.013224 0.098630
vn -0.000857 -0.021251 0.097712
vn -0.001554 -0.018673 0.098229
vn -0.001848 -0.017584 0.098424
vn -0.002141 -0.016493 0.098607
vn 0.000547 -0.026395 0.096452
vn -0.000380 -0.023005 0.097317
vn -0.000674 -0.021926 0.097564
vn -0.000967 -0.020844 0.097799
vn 0.001912 -0.031338 0.094943
vn 0.000793 -0.027291 0.096201
vn 0.000500 -0.026225 0.096499
vn 0.000207 -0.025154 0.096784
vn 0.001671 -0.030471 0.095230
vn 0.001379 -0.029415 0.095566
vn 0.001086 -0.028355 0.095890
vn -0.000087 -0.024081 0.097057
vn -0.001261 -0.019760 0.098020
vn 0.009245 0.000470 -0.099571
vn 0.009245 0.000470 -0.099571
vn 0.009245 0.000470 -0.099571
vn 0.009245 0.000470 -0.099571
vn 0.009245 0.000470 -0.099571
vn 0.009245 0.000470 -0.099571
vn 0.009245 0.000470 -0.099571
vn 0.009245 0.000470 -0.099571
vn 0.009245 0.000470 -0.099571
vn 0.009245 0.000470 -0.099571
vn 0.009245 0.000470 -0.099571
vn 0.009245 0.000470 -0.099571
vn 0.009245 0.000470 -0.099571
vn 0.002461 -0.015305 0.098791
vn 0.002683 -0.014474 0.098911
vn 0.002753 -0.014213 0.098947
vn 0.003496 -0.011416 0.099285
vn 0.004306 -0.008348 0.099558
vn 0.002109 -0.016623 0.098586
vn 0.002170 -0.016396 0.098623
vn 0.001878 -0.017484 0.098442
vn 0.001534 -0.018764 0.098212
vn 0.001586 -0.018571 0.098248
vn 0.001294 -0.019655 0.098041
vn 0.000959 -0.020896 0.097788
vn 0.001002 -0.020736 0.097821
vn 0.000709 -0.021816 0.097589
vn 0.000384 -0.023017 0.097314
vn 0.000417 -0.022892 0.097344
vn 0.000125 -0.023966 0.097086
vn -0.000191 -0.025127 0.096792
vn -0.000167 -0.025037 0.096815
vn -0.000458 -0.026105 0.096532
vn -0.000765 -0.027224 0.096220
vn -0.000750 -0.027169 0.096236
vn -0.001042 -0.028230 0.095927
vn -0.001338 -0.029307 0.095600
vn -0.001333 -0.029288 0.095606
vn -0.001624 -0.030342 0.095272
vn -0.001910 -0.031378 0.094930
vn 0.005114 -0.005271 0.099730
vn 0.004540 -0.007460 0.099618
vn 0.003645 -0.010855 0.099342
vn 0.005917 -0.002189 0.099801
vn 0.006327 -0.000608 0.099798
vn 0.006715 0.000895 0.099770
vn 0.007508 0.003977 0.099638
vn 0.008087 0.006241 0.099477
vn 0.008294 0.007056 0.099405
vn 0.008949 0.009633 0.099132
vn 0.009247 0.010813 0.098983
vn 0.009360 0.011263 0.098922
vn 0.009462 0.011665 0.098866
vn 0.009551 0.012018 0.098815
vn 0.009697 0.012601 0.098728
vn 0.009627 0.012321 0.098770
vn 0.009691 0.012575 0.098732
vn 0.009742 0.012780 0.098700
vn 0.009782 0.012937 0.098676
vn 0.009794 0.012987 0.098668
vn 0.009826 0.013114 0.098648
vn 0.009818 0.013082 0.098653
vn 0.009829 0.013125 0.098646
vn -0.005262 -0.029891 -0.095283
vn -0.005262 -0.029891 -0.095283
vn -0.005262 -0.029891 -0.095283
vn -0.005262 -0.029891 -0.095283
vn -0.005262 -0.029891 -0.095283
vn -0.005262 -0.029891 -0.095283
vn -0.005262 -0.029891 -0.095283
vn -0.005262 -0.029891 -0.095283
vn -0.005262 -0.029891 -0.095283
vn -0.005262 -0.029891 -0.095283
vn -0.005262 -0.029891 -0.095283
vn -0.005262 -0.029891 -0.095283
vn -0.005262 -0.029891 -0.095283
vn -0.005262 -0.029891 -0.095283
vn -0.005262 -0.029891 -0.095283
vn -0.005262 -0.029891 -0.095283
vn 0.005410 -0.030733 0.095006
vn 0.005410 -0.030733 0.095006
vn 0.005410 -0.030733 0.095006
vn 0.005410 -0.030733 0.095006
vn 0.005410 -0.030733 0.095006
vn 0.005410 -0.030733 0.095006
vn 0.005410 -0.030733 0.095006
vn 0.005410 -0.030733 0.095006
vn 0.005410 -0.030733 0.095006
vn 0.005410 -0.030733 0.095006
vn 0.005410 -0.030733 0.095006
vn 0.005410 -0.030733 0.095006
vn 0.005410 -0.030733 0.095006
vn 0.005410 -0.030733 0.095006
vn 0.005410 -0.030733 0.095006
vn 0.005410 -0.030733 0.095006
vn 0.005410 -0.030733 0.095006
vn 0.005410 -0.030733 0.095006
vn 0.005410 -0.030733 0.095006
vn 0.005410 -0.030733 0.095006
vn 0.005410 -0.030733 0.095006
vn 0.005410 -0.030733 0.095006
vn 0.005410 -0.030733 0.095006
vn 0.005410 -0.030733 0.095006
vn 0.005410 -0.030733 0.095006
vn -0.009417 0.000328 0.099555
vn -0.009417 0.000328 0.099555
vn -0.009417 0.000328 0.099555
vn -0.009417 0.000328 0.099555
vn -0.009417 0.000328 0.099555
vn -0.009417 0.000328 0.099555
vn -0.009417 0.000328 0.099555
vn -0.009417 0.000328 0.099555
vn -0.009417 0.000328 0.099555
vn -0.009417 0.000328 0.099555
vn -0.009417 0.000328 0.099555
vn -0.009417 0.000328 0.099555
vn -0.009417 0.000328 0.099555
vn -0.009417 0.000328 0.099555
vn -0.009417 0.000328 0.099555
vn -0.009417 0.000328 0.099555
vn -0.009417 0.000328 0.099555
vn -0.014592 0.006044 0.098745
vn -0.015473 0.006997 0.098548
vn -0.016312 0.007899 0.098344
vn -0.016360 0.007951 0.098332
vn -0.016349 0.007940 0.098334
vn -0.012870 0.004161 0.099081
vn -0.013686 0.005057 0.098930
vn -0.014581 0.006033 0.098747
vn -0.011149 0.002253 0.099351
vn -0.011886 0.003073 0.099243
vn -0.012788 0.004070 0.099095
vn -0.009434 0.000325 0.099553
vn -0.010078 0.001051 0.099485
vn -0.010983 0.002067 0.099374
vn -0.007728 -0.001620 0.099688
vn -0.008265 -0.001005 0.099653
vn -0.009171 0.000027 0.099579
vn -0.006034 -0.003576 0.099754
vn -0.006452 -0.003092 0.099744
vn -0.007358 -0.002045 0.099708
vn -0.004358 -0.005540 0.099751
vn -0.004644 -0.005203 0.099757
vn -0.005547 -0.004145 0.099760
vn -0.002696 -0.007513 0.099681
vn -0.002846 -0.007335 0.099690
vn -0.003743 -0.006267 0.099733
vn -0.001952 -0.008406 0.099627
vn -0.001333 -0.009152 0.099571
vn -0.000673 -0.009952 0.099501
vn 0.000010 -0.010786 0.099417
vn 0.000594 -0.011502 0.099334
vn 0.001332 -0.012412 0.099218
vn 0.001850 -0.013054 0.099127
vn 0.002631 -0.014028 0.098976
vn 0.003092 -0.014606 0.098879
vn 0.003906 -0.015632 0.098693
vn 0.003870 -0.015587 0.098702
vn 0.004651 -0.016578 0.098506
vn 0.005155 -0.017222 0.098371
vn 0.005434 -0.017579 0.098293
vn 0.006217 -0.018589 0.098060
vn 0.006377 -0.018795 0.098011
vn 0.007002 -0.019607 0.097809
vn 0.007572 -0.020351 0.097614
vn 0.007788 -0.020633 0.097538
vn 0.008573 -0.021667 0.097247
vn 0.008739 -0.021886 0.097183
vn 0.009357 -0.022707 0.096937
vn 0.009876 -0.023401 0.096721
vn 0.010984 -0.024892 0.096228
vn 0.012061 -0.026359 0.095706
vn 0.011701 -0.025866 0.095885
vn 0.010922 -0.024808 0.096256
vn 0.010140 -0.023755 0.096607
vn 0.012477 -0.026930 0.095494
vn 0.013109 -0.027801 0.095159
vn 0.013250 -0.027997 0.095082
vn 0.014018 -0.029067 0.094650
vn 0.014125 -0.029217 0.094588
vn 0.014782 -0.030141 0.094197
vn 0.015111 -0.030606 0.093994
vn 0.015725 -0.031478 0.093605
vn -0.016338 0.007927 0.098337
vn -0.016326 0.007914 0.098340
vn 0.001764 -0.030907 -0.095088
vn 0.001230 -0.028964 -0.095706
vn 0.001525 -0.030039 -0.095369
vn 0.001238 -0.028996 -0.095696
vn 0.000952 -0.027950 -0.096010
vn 0.000668 -0.026913 -0.096308
vn 0.000665 -0.026901 -0.096311
vn 0.000377 -0.025848 -0.096601
vn 0.000106 -0.024850 -0.096863
vn 0.000090 -0.024793 -0.096878
vn -0.000198 -0.023734 -0.097142
vn -0.000458 -0.022774 -0.097371
vn -0.000485 -0.022672 -0.097395
vn -0.000773 -0.021608 -0.097634
vn -0.001021 -0.020687 -0.097831
vn -0.001061 -0.020542 -0.097862
vn -0.001348 -0.019473 -0.098077
vn -0.001585 -0.018591 -0.098244
vn -0.001636 -0.018401 -0.098279
vn -0.001923 -0.017328 -0.098469
vn -0.002149 -0.016485 -0.098608
vn -0.002211 -0.016252 -0.098646
vn -0.002498 -0.015174 -0.098810
vn -0.002712 -0.014372 -0.098925
vn -0.002785 -0.014095 -0.098962
vn -0.003116 -0.012850 -0.099122
vn -0.003667 -0.010766 -0.099351
vn -0.003520 -0.011320 -0.099295
vn -0.003926 -0.009783 -0.099443
vn -0.004331 -0.008241 -0.099566
vn -0.004552 -0.007401 -0.099622
vn -0.004737 -0.006693 -0.099663
vn -0.005142 -0.005142 -0.099735
vn -0.005546 -0.003588 -0.099782
vn -0.005950 -0.002034 -0.099802
vn -0.006318 -0.000610 -0.099798
vn -0.006352 -0.000479 -0.099797
vn -0.006752 0.001075 -0.099766
vn -0.007151 0.002626 -0.099709
vn -0.008059 0.006178 -0.099483
vn -0.007547 0.004173 -0.099627
vn -0.007941 0.005716 -0.099520
vn -0.008332 0.007252 -0.099388
vn -0.008719 0.008782 -0.099231
vn -0.008911 0.009540 -0.099144
vn -0.009168 0.010556 -0.099018
vn -0.009326 0.011186 -0.098934
vn -0.009429 0.011594 -0.098877
vn -0.009519 0.011950 -0.098826
vn -0.009595 0.012253 -0.098782
vn -0.009657 0.012503 -0.098744
vn -0.009649 0.012469 -0.098749
vn -0.009748 0.012865 -0.098689
vn -0.009781 0.012997 -0.098668
vn -0.009770 0.012954 -0.098675
vn -0.009782 0.012999 -0.098668
vn -0.009707 0.012702 -0.098714
vn -0.009744 0.012850 -0.098691
vn -0.000550 -0.022195 -0.097504
vn -0.000550 -0.022195 -0.097504
vn -0.000550 -0.022195 -0.097504
vn -0.000550 -0.022195 -0.097504
vn -0.000550 -0.022195 -0.097504
vn -0.000550 -0.022195 -0.097504
vn -0.000550 -0.022195 -0.097504
vn -0.000550 -0.022195 -0.097504
vn -0.000550 -0.022195 -0.097504
vn -0.000550 -0.022195 -0.097504
vn -0.000550 -0.022195 -0.097504
vn -0.000550 -0.022195 -0.097504
vn 0.000352 -0.022595 0.097413
vn 0.000352 -0.022595 0.097413
vn 0.000352 -0.022595 0.097413
vn 0.000352 -0.022595 0.097413
vn 0.000352 -0.022595 0.097413
vn 0.000352 -0.022595 0.097413
vn 0.000352 -0.022595 0.097413
vn 0.000352 -0.022595 0.097413
vn 0.000352 -0.022595 0.097413
vn 0.000352 -0.022595 0.097413
vn 0.000352 -0.022595 0.097413
vn 0.000352 -0.022595 0.097413
vn 0.000352 -0.022595 0.097413
vn 0.000352 -0.022595 0.097413
vn 0.000352 -0.022595 0.097413
vn 0.000352 -0.022595 0.097413
vn 0.000352 -0.022595 0.097413
vn 0.000352 -0.022595 0.097413
vn 0.000352 -0.022595 0.097413
vn 0.000352 -0.022595 0.097413
vn 0.000352 -0.022595 0.097413
vn 0.000352 -0.022595 0.097413
vn 0.000352 -0.022595 0.097413
vn -0.013278 -0.030050 -0.094449
vn -0.013278 -0.030050 -0.094449
vn -0.013278 -0.030050 -0.094449
vn -0.013278 -0.030050 -0.094449
vn -0.013278 -0.030050 -0.094449
vn -0.013278 -0.030050 -0.094449
vn 0.028903 -0.005422 -0.095578
vn 0.028903 -0.005422 -0.095578
vn 0.028903 -0.005422 -0.095578
vn 0.028903 -0.005422 -0.095578
vn 0.028903 -0.005422 -0.095578
vn 0.028903 -0.005422 -0.095578
vn 0.028903 -0.005422 -0.095578
vn 0.028903 -0.005422 -0.095578
vn 0.028903 -0.005422 -0.095578
vn 0.028903 -0.005422 -0.095578
vn 0.028903 -0.005422 -0.095578
vn 0.028903 -0.005422 -0.095578
vn 0.028903 -0.005422 -0.095578
vn 0.028903 -0.005422 -0.095578
vn 0.028903 -0.005422 -0.095578
vn 0.028903 -0.005422 -0.095578
vn 0.028903 -0.005422 -0.095578
vn 0.028903 -0.005422 -0.095578
vn 0.028859 -0.005486 0.095588
vn 0.028859 -0.005486 0.095588
vn 0.028859 -0.005486 0.095588
vn 0.028859 -0.005486 0.095588
vn 0.028859 -0.005486 0.095588
vn 0.028859 -0.005486 0.095588
vn 0.028859 -0.005486 0.095588
vn 0.028859 -0.005486 0.095588
vn 0.028859 -0.005486 0.095588
vn 0.028859 -0.005486 0.095588
vn 0.028859 -0.005486 0.095588
vn 0.028859 -0.005486 0.095588
vn 0.028859 -0.005486 0.095588
vn 0.028859 -0.005486 0.095588
vn 0.028859 -0.005486 0.095588
vn 0.028859 -0.005486 0.095588
vn 0.028859 -0.005486 0.095588
vn 0.028859 -0.005486 0.095588
vn -0.000000 -0.003102 -0.099952
vn -0.000000 -0.003102 -0.099952
vn -0.000000 -0.003102 -0.099952
vn -0.028734 -0.005410 -0.095630
vn -0.028734 -0.005410 -0.095630
vn -0.028734 -0.005410 -0.095630
vn -0.028734 -0.005410 -0.095630
vn -0.028734 -0.005410 -0.095630
vn -0.028734 -0.005410 -0.095630
vn -0.028734 -0.005410 -0.095630
vn -0.028734 -0.005410 -0.095630
vn -0.028734 -0.005410 -0.095630
vn -0.028734 -0.005410 -0.095630
vn -0.028734 -0.005410 -0.095630
vn -0.028734 -0.005410 -0.095630
vn -0.028734 -0.005410 -0.095630
vn -0.028734 -0.005410 -0.095630
vn -0.028734 -0.005410 -0.095630
vn -0.028734 -0.005410 -0.095630
vn -0.028734 -0.005410 -0.095630
vn -0.028734 -0.005410 -0.095630
vn 0.013646 -0.030881 0.094128
vn 0.013646 -0.030881 0.094128
vn 0.013646 -0.030881 0.094128
vn 0.013646 -0.030881 0.094128
vn 0.013646 -0.030881 0.094128
vn 0.013646 -0.030881 0.094128
vn 0.013646 -0.030881 0.094128
vn 0.013646 -0.030881 0.094128
vn 0.013646 -0.030881 0.094128
vn 0.013646 -0.030881 0.094128
vn -0.000000 -0.003173 0.099950
vn -0.000000 -0.003173 0.099950
vn -0.000000 -0.003173 0.099950
vn -0.029027 -0.005499 0.095536
vn -0.029027 -0.005499 0.095536
vn -0.029027 -0.005499 0.095536
vn -0.029027 -0.005499 0.095536
vn -0.029027 -0.005499 0.095536
vn -0.029027 -0.005499 0.095536
vn -0.029027 -0.005499 0.095536
vn -0.029027 -0.005499 0.095536
vn -0.029027 -0.005499 0.095536
vn -0.029027 -0.005499 0.095536
vn -0.029027 -0.005499 0.095536
vn -0.029027 -0.005499 0.095536
vn -0.029027 -0.005499 0.095536
vn -0.029027 -0.005499 0.095536
vn -0.029027 -0.005499 0.095536
vn -0.029027 -0.005499 0.095536
vn -0.029027 -0.005499 0.095536
vn -0.029027 -0.005499 0.095536
vn 0.005464 -0.002777 -0.099812
vn 0.005705 -0.002872 -0.099796
vn 0.005207 -0.002223 -0.099840
vn 0.005119 -0.002116 -0.099847
vn 0.004851 -0.002264 -0.099857
vn 0.004864 -0.001998 -0.099862
vn 0.004569 -0.001709 -0.099881
vn 0.005742 -0.001174 -0.099828
vn 0.005449 -0.001107 -0.099845
vn 0.006374 -0.000600 -0.099795
vn 0.006148 -0.000510 -0.099810
vn 0.006879 -0.000172 -0.099763
vn 0.006829 -0.000111 -0.099767
vn 0.007529 0.000060 -0.099716
vn 0.007526 0.000164 -0.099716
vn 0.007916 0.000172 -0.099686
vn 0.007975 0.000569 -0.099680
vn 0.008340 0.000573 -0.099650
vn 0.008435 0.000869 -0.099640
vn 0.008647 0.000873 -0.099622
vn 0.008767 0.001048 -0.099609
vn 0.009021 0.001055 -0.099587
vn 0.009160 0.001088 -0.099574
vn 0.009434 0.001085 -0.099548
vn 0.009808 0.000915 -0.099514
vn 0.010128 0.000896 -0.099482
vn 0.010728 0.000410 -0.099422
vn 0.011235 0.000277 -0.099366
vn 0.011888 -0.000498 -0.099290
vn 0.010710 -0.000338 -0.099424
vn 0.009734 0.000091 -0.099525
vn 0.009245 0.000466 -0.099571
vn 0.009267 0.000481 -0.099569
vn 0.005799 -0.002043 -0.099811
vn 0.005833 -0.002689 -0.099794
vn 0.006052 -0.002495 -0.099786
vn 0.006280 -0.002220 -0.099778
vn 0.006241 -0.002339 -0.099778
vn 0.006452 -0.002174 -0.099768
vn 0.006715 -0.001974 -0.099755
vn 0.006643 -0.001859 -0.099762
vn 0.006450 -0.001695 -0.099777
vn 0.006913 -0.000995 -0.099756
vn 0.007023 -0.001732 -0.099738
vn 0.007194 -0.001176 -0.099734
vn 0.007279 -0.001375 -0.099725
vn 0.007658 -0.000584 -0.099705
vn 0.007380 -0.001464 -0.099717
vn 0.007764 -0.000740 -0.099695
vn 0.007793 -0.000839 -0.099692
vn 0.008095 -0.000282 -0.099671
vn 0.008144 -0.000373 -0.099667
vn 0.008241 -0.000200 -0.099660
vn 0.008283 -0.000300 -0.099656
vn 0.008388 -0.000126 -0.099647
vn 0.008421 -0.000235 -0.099645
vn 0.008815 0.000354 -0.099610
vn 0.008901 0.000137 -0.099603
vn 0.009303 0.000581 -0.099565
vn 0.009225 -0.000054 -0.099574
vn 0.009752 0.000295 -0.099523
vn 0.008767 -0.000684 -0.099613
vn 0.008823 -0.000714 -0.099607
vn 0.007774 -0.001186 -0.099690
vn 0.007804 -0.000950 -0.099691
vn 0.008173 -0.000480 -0.099664
vn 0.008303 -0.000416 -0.099654
vn 0.008415 -0.000499 -0.099644
vn 0.008673 -0.000584 -0.099621
vn 0.008171 -0.000933 -0.099661
vn 0.008130 -0.000885 -0.099665
vn 0.008181 -0.000601 -0.099663
vn 0.007797 -0.001073 -0.099690
vn 0.008273 -0.000691 -0.099655
vn 0.008830 -0.000795 -0.099606
vn 0.010138 0.000410 -0.099484
vn 0.009697 0.000856 -0.099525
vn 0.010005 0.000930 -0.099494
vn 0.009430 0.000998 -0.099549
vn 0.009668 0.001056 -0.099526
vn 0.009243 0.001038 -0.099567
vn 0.008823 -0.000922 -0.099606
vn 0.010737 0.000331 -0.099421
vn 0.010577 0.000780 -0.099436
vn 0.008743 -0.001016 -0.099612
vn 0.008588 -0.001083 -0.099625
vn 0.008486 -0.001283 -0.099631
vn 0.008353 -0.001281 -0.099642
vn 0.011095 -0.000034 -0.099383
vn 0.008059 -0.000897 -0.099671
vn 0.009211 0.000528 -0.099573
vn 0.009921 -0.000182 -0.099506
vn 0.011921 -0.000888 -0.099283
vn 0.000111 -0.006864 -0.099764
vn 0.009975 0.001689 -0.099487
vn 0.010341 -0.000342 -0.099463
vn 0.011924 -0.000972 -0.099282
vn 0.012171 -0.001236 -0.099249
vn 0.011561 -0.000773 -0.099326
vn 0.010572 -0.000843 -0.099436
vn 0.010256 -0.000341 -0.099472
vn 0.009269 -0.000518 -0.099568
vn 0.009151 0.000312 -0.099580
vn 0.008433 0.000144 -0.099644
vn 0.008498 0.000748 -0.099635
vn 0.007389 0.000409 -0.099726
vn 0.007708 0.000798 -0.099699
vn 0.006591 0.000345 -0.099782
vn 0.006910 0.000519 -0.099760
vn 0.005284 -0.000402 -0.099860
vn 0.005936 -0.000098 -0.099824
vn 0.004603 -0.001112 -0.099888
vn 0.005341 -0.000735 -0.099855
vn 0.003865 -0.002324 -0.099898
vn 0.004740 -0.001614 -0.099875
vn 0.003720 -0.004017 -0.099850
vn 0.003926 -0.003541 -0.099860
vn 0.005202 -0.004824 -0.099748
vn 0.005253 -0.004859 -0.099744
vn 0.005794 -0.003161 -0.099782
vn 0.004448 -0.002664 -0.099866
vn 0.004837 -0.002262 -0.099857
vn 0.003551 -0.006950 -0.099695
vn -0.009167 -0.023416 -0.096787
vn -0.000847 -0.017888 -0.098383
vn -0.004551 -0.030942 -0.094983
vn -0.004789 -0.024082 -0.096939
vn -0.005139 -0.027620 -0.095972
vn -0.004915 -0.022202 -0.097380
vn -0.005300 -0.025688 -0.096499
vn -0.004376 -0.018294 -0.098215
vn -0.005367 -0.022838 -0.097209
vn -0.003427 -0.013361 -0.099044
vn -0.004780 -0.017084 -0.098414
vn -0.003490 -0.012405 -0.099166
vn -0.005019 -0.016323 -0.098531
vn -0.003469 -0.011055 -0.099327
vn -0.005926 -0.015675 -0.098586
vn -0.004535 -0.012824 -0.099071
vn -0.007018 -0.018499 -0.098023
vn -0.004370 -0.018113 -0.098249
vn -0.004220 -0.020613 -0.097761
vn -0.002629 -0.020546 -0.097831
vn -0.002196 -0.021780 -0.097575
vn -0.000833 -0.021777 -0.097597
vn -0.000692 -0.022211 -0.097500
vn -0.000968 -0.022663 -0.097393
vn -0.000552 -0.022204 -0.097502
vn -0.001136 -0.022182 -0.097502
vn -0.000549 -0.022194 -0.097504
vn -0.001710 -0.022148 -0.097501
vn -0.003152 -0.022047 -0.097488
vn -0.005304 -0.021486 -0.097520
vn -0.007661 -0.020987 -0.097472
vn -0.008812 -0.020033 -0.097576
vn -0.009632 -0.019927 -0.097520
vn -0.008567 -0.020264 -0.097550
vn -0.007533 -0.022377 -0.097173
vn -0.006104 -0.022836 -0.097166
vn -0.005410 -0.027583 -0.095968
vn -0.005451 -0.026500 -0.096271
vn -0.005141 -0.029077 -0.095541
vn -0.005218 -0.028475 -0.095718
vn -0.005046 -0.029667 -0.095365
vn -0.005075 -0.029436 -0.095435
vn -0.005015 -0.029845 -0.095311
vn -0.005198 -0.028875 -0.095599
vn -0.005011 -0.029862 -0.095306
vn -0.005022 -0.029805 -0.095323
vn -0.005077 -0.029486 -0.095419
vn -0.005608 -0.027383 -0.096014
vn -0.008679 -0.021123 -0.097358
vn -0.009744 -0.020089 -0.097476
vn -0.005304 -0.021757 -0.097460
vn -0.001691 -0.022160 -0.097499
vn -0.000691 -0.022200 -0.097502
vn -0.004348 -0.021959 -0.097462
vn -0.000102 -0.021841 -0.097586
vn -0.007436 -0.021239 -0.097435
vn -0.008983 -0.021298 -0.097292
vn -0.010008 -0.019948 -0.097478
vn -0.006832 -0.024375 -0.096743
vn -0.006217 -0.025781 -0.096419
vn -0.004992 -0.029877 -0.095302
vn -0.005866 -0.026706 -0.096189
vn -0.005029 -0.029740 -0.095343
vn -0.005018 -0.029819 -0.095319
vn -0.005013 -0.029847 -0.095310
vn -0.005005 -0.029882 -0.095299
vn -0.004997 -0.030044 -0.095249
vn -0.005679 -0.029572 -0.095358
vn -0.000307 -0.022690 -0.097391
vn -0.002040 -0.025131 -0.096769
vn 0.001076 -0.021676 -0.097616
vn 0.005605 -0.013460 -0.098931
vn 0.008605 -0.010000 -0.099126
vn 0.006412 -0.002156 -0.099771
vn 0.006870 -0.008233 -0.099423
vn 0.006635 -0.004682 -0.099670
vn 0.005646 -0.006992 -0.099595
vn -0.006329 -0.019730 -0.097830
vn -0.005535 -0.020391 -0.097742
vn -0.008641 -0.018876 -0.097822
vn -0.006687 -0.020435 -0.097661
vn -0.003271 -0.021719 -0.097558
vn -0.002410 -0.010648 -0.099402
vn -0.001549 -0.007542 -0.099703
vn 0.000398 -0.005249 -0.099861
vn 0.001076 -0.004114 -0.099910
vn 0.002796 -0.002386 -0.099932
vn 0.003334 -0.001980 -0.099925
vn 0.004668 -0.000806 -0.099888
vn 0.005850 -0.000293 -0.099828
vn -0.000960 -0.009431 -0.099550
vn 0.001493 -0.004243 -0.099899
vn 0.003652 -0.001720 -0.099918
vn -0.002415 -0.017597 -0.098410
vn 0.000596 -0.016126 -0.098689
vn 0.000943 -0.007747 -0.099695
vn 0.003720 -0.012774 -0.099111
vn 0.002543 -0.005971 -0.099789
vn 0.002797 -0.003171 -0.099911
vn 0.004089 -0.003117 -0.099868
vn 0.004922 -0.001467 -0.099868
vn 0.005080 -0.001343 -0.099862
vn 0.006045 -0.000513 -0.099816
vn 0.004385 -0.002158 -0.099880
vn 0.005918 -0.001698 -0.099810
vn 0.006499 -0.000974 -0.099784
vn 0.006963 -0.000438 -0.099756
vn 0.007523 -0.000053 -0.099717
vn 0.007882 0.000040 -0.099689
vn 0.008161 0.000102 -0.099666
vn 0.008493 0.000547 -0.099637
vn 0.008835 0.000854 -0.099605
vn 0.005926 -0.000532 -0.099823
vn 0.006415 0.000007 -0.099794
vn 0.007226 0.000568 -0.099737
vn 0.007835 0.000865 -0.099689
vn 0.008498 0.001008 -0.099633
vn 0.008989 0.000846 -0.099592
vn 0.009782 0.000404 -0.099520
vn 0.011020 -0.000297 -0.099391
vn 0.012068 -0.000823 -0.099266
vn -0.001055 -0.007134 -0.099740
vn -0.001381 -0.008692 -0.099612
vn -0.000105 -0.007917 -0.099686
vn -0.001938 -0.012472 -0.099200
vn -0.002237 -0.014402 -0.098932
vn -0.005471 -0.024922 -0.096690
vn -0.005282 -0.027698 -0.095942
vn 0.006764 -0.000062 -0.099771
vn 0.001426 -0.004231 -0.099900
vn 0.004642 -0.001617 -0.099879
vn 0.006811 -0.000439 -0.099767
vn 0.007445 -0.000464 -0.099721
vn 0.007840 -0.000099 -0.099692
vn 0.008097 -0.000048 -0.099672
vn 0.008257 0.000043 -0.099659
vn 0.008624 0.000501 -0.099626
vn 0.008996 0.000815 -0.099591
vn 0.007428 0.000451 -0.099723
vn 0.007943 0.000794 -0.099681
vn 0.008483 0.001014 -0.099634
vn 0.008847 0.001063 -0.099602
vn 0.009427 0.000900 -0.099551
vn 0.010310 0.000432 -0.099466
vn 0.011539 -0.000339 -0.099332
vn 0.002331 -0.004409 -0.099876
vn 0.003682 -0.004142 -0.099846
vn 0.003381 -0.005668 -0.099782
vn 0.003139 -0.008194 -0.099614
vn 0.008027 -0.000205 -0.099677
vn 0.008179 -0.000116 -0.099665
vn 0.008333 -0.000034 -0.099652
vn 0.008732 0.000437 -0.099617
vn 0.009128 0.000756 -0.099580
vn 0.005494 -0.002083 -0.099827
vn 0.008104 -0.000861 -0.099667
vn 0.007383 -0.001843 -0.099710
vn 0.007378 -0.002835 -0.099687
vn 0.008929 -0.002477 -0.099570
vn 0.009129 -0.001173 -0.099576
vn 0.010779 -0.001467 -0.099407
vn 0.011962 0.000165 -0.099282
vn -0.000171 -0.020036 -0.097972
vn 0.003390 -0.017853 -0.098335
vn -0.009639 -0.020178 -0.097468
vn -0.008421 -0.020845 -0.097440
vn -0.026088 0.000000 -0.096537
vn -0.026088 0.000000 -0.096537
vn -0.026088 0.000000 -0.096537
vn -0.026088 0.000000 -0.096537
vn -0.026088 0.000000 -0.096537
vn -0.026088 0.000000 -0.096537
vn 0.070560 -0.000000 -0.070861
vn 0.070560 -0.000000 -0.070861
vn 0.070560 -0.000000 -0.070861
vn 0.070560 -0.000000 -0.070861
vn 0.070560 -0.000000 -0.070861
vn 0.070560 -0.000000 -0.070861
vn 0.096648 -0.000000 0.025676
vn 0.096648 -0.000000 0.025676
vn 0.096648 -0.000000 0.025676
vn 0.096648 -0.000000 0.025676
vn 0.096648 -0.000000 0.025676
vn 0.096648 -0.000000 0.025676
vn 0.096648 -0.000000 0.025676
vn -0.070560 0.000000 0.070861
vn -0.070560 0.000000 0.070861
vn -0.070560 0.000000 0.070861
vn -0.070560 0.000000 0.070861
vn -0.070560 0.000000 0.070861
vn -0.070560 0.000000 0.070861
vn -0.096648 0.000000 0.025676
vn -0.096648 0.000000 0.025676
vn -0.096648 0.000000 0.025676
vn -0.096648 0.000000 0.025676
vn -0.096648 0.000000 0.025676
vn -0.096648 0.000000 0.025676
vn -0.096648 0.000000 -0.025676
vn -0.096648 0.000000 -0.025676
vn -0.096648 0.000000 -0.025676
vn -0.096648 0.000000 -0.025676
vn -0.096648 0.000000 -0.025676
vn -0.096648 0.000000 -0.025676
vn 0.026088 0.000000 0.096537
vn 0.026088 0.000000 0.096537
vn 0.026088 0.000000 0.096537
vn 0.026088 0.000000 0.096537
vn 0.026088 0.000000 0.096537
vn 0.026088 0.000000 0.096537
vn 0.070560 0.000000 0.070861
vn 0.070560 0.000000 0.070861
vn 0.070560 0.000000 0.070861
vn 0.070560 0.000000 0.070861
vn 0.070560 0.000000 0.070861
vn 0.070560 0.000000 0.070861
vn 0.026088 0.000000 -0.096537
vn 0.026088 0.000000 -0.096537
vn 0.026088 0.000000 -0.096537
vn 0.026088 0.000000 -0.096537
vn 0.026088 0.000000 -0.096537
vn 0.026088 0.000000 -0.096537
vn -0.070560 -0.000000 -0.070861
vn -0.070560 -0.000000 -0.070861
vn -0.070560 -0.000000 -0.070861
vn -0.070560 -0.000000 -0.070861
vn -0.070560 -0.000000 -0.070861
vn -0.070560 -0.000000 -0.070861
vn -0.026088 0.000000 0.096537
vn -0.026088 0.000000 0.096537
vn -0.026088 0.000000 0.096537
vn -0.026088 0.000000 0.096537
vn -0.026088 0.000000 0.096537
vn -0.026088 0.000000 0.096537
vn 0.096648 -0.000000 -0.025676
vn 0.096648 -0.000000 -0.025676
vn 0.096648 -0.000000 -0.025676
vn 0.096648 -0.000000 -0.025676
vn 0.096648 -0.000000 -0.025676
vn 0.096648 -0.000000 -0.025676
vn 0.096648 -0.000000 -0.025676
vn 0.096648 0.000000 -0.025676
vn 0.096648 0.000000 -0.025676
vn 0.096648 0.000000 -0.025676
vn 0.096648 0.000000 -0.025676
vn 0.096648 0.000000 -0.025676
vn 0.096648 0.000000 -0.025676
vn -0.026088 -0.000000 0.096537
vn -0.026088 -0.000000 0.096537
vn -0.026088 -0.000000 0.096537
vn -0.026088 -0.000000 0.096537
vn -0.026088 -0.000000 0.096537
vn -0.026088 -0.000000 0.096537
vn -0.026088 -0.000000 0.096537
vn -0.070560 -0.000000 -0.070861
vn -0.070560 -0.000000 -0.070861
vn -0.070560 -0.000000 -0.070861
vn -0.070560 -0.000000 -0.070861
vn -0.070560 -0.000000 -0.070861
vn -0.070560 -0.000000 -0.070861
vn -0.070560 -0.000000 -0.070861
vn 0.026088 -0.000000 -0.096537
vn 0.026088 -0.000000 -0.096537
vn 0.026088 -0.000000 -0.096537
vn 0.026088 -0.000000 -0.096537
vn 0.026088 -0.000000 -0.096537
vn 0.026088 -0.000000 -0.096537
vn 0.026088 -0.000000 -0.096537
vn 0.070560 -0.000000 0.070861
vn 0.070560 -0.000000 0.070861
vn 0.070560 -0.000000 0.070861
vn 0.070560 -0.000000 0.070861
vn 0.070560 -0.000000 0.070861
vn 0.070560 -0.000000 0.070861
vn 0.070560 -0.000000 0.070861
vn 0.026088 0.000000 0.096537
vn 0.026088 0.000000 0.096537
vn 0.026088 0.000000 0.096537
vn 0.026088 0.000000 0.096537
vn 0.026088 0.000000 0.096537
vn 0.026088 0.000000 0.096537
vn 0.026088 0.000000 0.096537
vn -0.096648 -0.000000 -0.025676
vn -0.096648 -0.000000 -0.025676
vn -0.096648 -0.000000 -0.025676
vn -0.096648 -0.000000 -0.025676
vn -0.096648 -0.000000 -0.025676
vn -0.096648 -0.000000 -0.025676
vn -0.096648 -0.000000 -0.025676
vn -0.096648 -0.000000 0.025676
vn -0.096648 -0.000000 0.025676
vn -0.096648 -0.000000 0.025676
vn -0.096648 -0.000000 0.025676
vn -0.096648 -0.000000 0.025676
vn -0.096648 -0.000000 0.025676
vn -0.096648 -0.000000 0.025676
vn -0.070560 -0.000000 0.070861
vn -0.070560 -0.000000 0.070861
vn -0.070560 -0.000000 0.070861
vn -0.070560 -0.000000 0.070861
vn -0.070560 -0.000000 0.070861
vn -0.070560 -0.000000 0.070861
vn -0.070560 -0.000000 0.070861
vn 0.096648 0.000000 0.025676
vn 0.096648 0.000000 0.025676
vn 0.096648 0.000000 0.025676
vn 0.096648 0.000000 0.025676
vn 0.096648 0.000000 0.025676
vn 0.096648 0.000000 0.025676
vn 0.070560 -0.000000 -0.070861
vn 0.070560 -0.000000 -0.070861
vn 0.070560 -0.000000 -0.070861
vn 0.070560 -0.000000 -0.070861
vn 0.070560 -0.000000 -0.070861
vn 0.070560 -0.000000 -0.070861
vn 0.070560 -0.000000 -0.070861
vn -0.026088 -0.000000 -0.096537
vn -0.026088 -0.000000 -0.096537
vn -0.026088 -0.000000 -0.096537
vn -0.026088 -0.000000 -0.096537
vn -0.026088 -0.000000 -0.096537
vn -0.026088 -0.000000 -0.096537
vn -0.026088 -0.000000 -0.096537
vn -0.002074 0.099963 -0.001733
vn -0.002771 0.099935 -0.002316
vn -0.002414 0.099961 -0.001394
vn -0.003226 0.099931 -0.001863
vn -0.003391 0.099935 -0.001242
vn -0.002316 0.099935 -0.002769
vn -0.001733 0.099964 -0.002072
vn -0.001392 0.099961 -0.002412
vn -0.000928 0.099964 -0.002537
vn -0.001240 0.099935 -0.003390
vn -0.001860 0.099931 -0.003222
vn -0.000464 0.099963 -0.002662
vn -0.000620 0.099935 -0.003557
vn 0.000000 0.099961 -0.002788
vn -0.000000 0.099931 -0.003725
vn 0.000620 0.099935 -0.003557
vn 0.000464 0.099963 -0.002662
vn 0.001240 0.099935 -0.003390
vn 0.000928 0.099964 -0.002537
vn 0.001392 0.099961 -0.002412
vn 0.001733 0.099964 -0.002072
vn 0.002316 0.099935 -0.002769
vn 0.001860 0.099931 -0.003222
vn 0.002074 0.099963 -0.001733
vn 0.002771 0.099935 -0.002316
vn 0.002414 0.099961 -0.001394
vn 0.003226 0.099931 -0.001863
vn 0.003391 0.099935 -0.001242
vn 0.002538 0.099963 -0.000929
vn 0.003556 0.099935 -0.000621
vn 0.002661 0.099964 -0.000465
vn 0.002785 0.099961 -0.000000
vn 0.002661 0.099964 0.000465
vn 0.003556 0.099935 0.000621
vn 0.003721 0.099931 -0.000000
vn 0.002538 0.099963 0.000929
vn 0.003391 0.099935 0.001242
vn 0.002414 0.099961 0.001394
vn 0.003226 0.099931 0.001863
vn 0.002771 0.099935 0.002316
vn 0.002074 0.099963 0.001733
vn 0.002316 0.099935 0.002769
vn 0.001733 0.099964 0.002072
vn 0.001392 0.099961 0.002412
vn 0.000928 0.099964 0.002537
vn 0.001240 0.099935 0.003390
vn 0.001860 0.099931 0.003222
vn 0.000464 0.099963 0.002662
vn 0.000620 0.099935 0.003557
vn 0.000000 0.099961 0.002788
vn 0.000000 0.099931 0.003725
vn -0.000620 0.099935 0.003557
vn -0.000464 0.099963 0.002662
vn -0.001240 0.099935 0.003390
vn -0.000928 0.099964 0.002537
vn -0.001392 0.099961 0.002412
vn -0.001733 0.099964 0.002072
vn -0.002316 0.099935 0.002769
vn -0.001860 0.099931 0.003222
vn -0.002074 0.099963 0.001733
vn -0.002771 0.099935 0.002316
vn -0.002414 0.099961 0.001394
vn -0.003226 0.099931 0.001863
vn -0.003391 0.099935 0.001242
vn -0.002538 0.099963 0.000929
vn -0.003556 0.099935 0.000621
vn -0.002661 0.099964 0.000465
vn -0.002785 0.099961 -0.000000
vn -0.002661 0.099964 -0.000465
vn -0.003556 0.099935 -0.000621
vn -0.003721 0.099931 -0.000000
vn -0.002538 0.099963 -0.000929
vn 0.005487 -0.099823 0.002277
vn 0.005487 -0.099823 0.002277
vn 0.005145 -0.099823 0.002970
vn 0.005145 -0.099823 0.002970
vn 0.004715 -0.099823 0.003614
vn 0.005738 -0.099823 0.001538
vn 0.005738 -0.099823 0.001538
vn 0.005890 -0.099823 0.000772
vn 0.005890 -0.099823 0.000772
vn 0.005940 -0.099823 0.000000
vn 0.005940 -0.099823 0.000000
vn 0.005890 -0.099823 -0.000772
vn 0.005890 -0.099823 -0.000772
vn 0.005738 -0.099823 -0.001538
vn 0.005738 -0.099823 -0.001538
vn 0.005487 -0.099823 -0.002277
vn 0.005487 -0.099823 -0.002277
vn 0.005145 -0.099823 -0.002970
vn 0.005145 -0.099823 -0.002970
vn 0.004715 -0.099823 -0.003614
vn 0.004715 -0.099823 -0.003614
vn 0.004201 -0.099823 -0.004200
vn 0.004201 -0.099823 -0.004200
vn 0.003614 -0.099823 -0.004715
vn 0.003614 -0.099823 -0.004715
vn 0.002970 -0.099823 -0.005145
vn 0.002970 -0.099823 -0.005145
vn 0.002276 -0.099823 -0.005487
vn 0.002276 -0.099823 -0.005487
vn 0.001537 -0.099823 -0.005738
vn 0.001537 -0.099823 -0.005738
vn 0.000772 -0.099823 -0.005890
vn 0.000772 -0.099823 -0.005890
vn -0.000000 -0.099823 -0.005940
vn -0.000000 -0.099823 -0.005940
vn -0.000772 -0.099823 -0.005890
vn -0.000772 -0.099823 -0.005890
vn -0.001537 -0.099823 -0.005738
vn -0.001537 -0.099823 -0.005738
vn -0.002276 -0.099823 -0.005487
vn -0.002276 -0.099823 -0.005487
vn -0.002970 -0.099823 -0.005145
vn -0.002970 -0.099823 -0.005145
vn -0.003614 -0.099823 -0.004715
vn -0.003614 -0.099823 -0.004715
vn -0.004201 -0.099823 -0.004200
vn -0.004201 -0.099823 -0.004200
vn -0.004715 -0.099823 -0.003614
vn -0.004715 -0.099823 -0.003614
vn -0.005145 -0.099823 -0.002970
vn -0.005145 -0.099823 -0.002970
vn -0.005487 -0.099823 -0.002277
vn -0.005487 -0.099823 -0.002277
vn -0.005738 -0.099823 -0.001538
vn -0.005738 -0.099823 -0.001538
vn -0.005890 -0.099823 -0.000772
vn -0.005890 -0.099823 -0.000772
vn -0.005940 -0.099823 0.000000
vn -0.005940 -0.099823 0.000000
vn -0.005890 -0.099823 0.000772
vn -0.005890 -0.099823 0.000772
vn -0.005738 -0.099823 0.001538
vn -0.005738 -0.099823 0.001538
vn -0.005487 -0.099823 0.002277
vn -0.005487 -0.099823 0.002277
vn -0.005145 -0.099823 0.002970
vn -0.005145 -0.099823 0.002970
vn -0.004715 -0.099823 0.003614
vn -0.004715 -0.099823 0.003614
vn -0.004201 -0.099823 0.004200
vn -0.004201 -0.099823 0.004200
vn -0.003614 -0.099823 0.004715
vn -0.003614 -0.099823 0.004715
vn -0.002970 -0.099823 0.005145
vn -0.002970 -0.099823 0.005145
vn -0.002276 -0.099823 0.005487
vn -0.002276 -0.099823 0.005487
vn -0.001537 -0.099823 0.005738
vn -0.001537 -0.099823 0.005738
vn -0.000772 -0.099823 0.005890
vn -0.000772 -0.099823 0.005890
vn -0.000000 -0.099823 0.005940
vn -0.000000 -0.099823 0.005940
vn 0.000772 -0.099823 0.005890
vn 0.000772 -0.099823 0.005890
vn 0.001537 -0.099823 0.005738
vn 0.001537 -0.099823 0.005738
vn 0.002276 -0.099823 0.005487
vn 0.002276 -0.099823 0.005487
vn 0.002970 -0.099823 0.005145
vn 0.002970 -0.099823 0.005145
vn 0.003614 -0.099823 0.004715
vn 0.003614 -0.099823 0.004715
vn 0.004201 -0.099823 0.004200
vn 0.004201 -0.099823 0.004200
vn 0.004715 -0.099823 0.003614
vn 0.000000 0.100000 -0.000000
vn 0.000000 0.100000 -0.000000
vn 0.000000 0.100000 -0.000000
vn 0.000000 0.100000 -0.000000
vn 0.000000 0.100000 -0.000000
vn 0.000000 0.100000 -0.000000
vn 0.000000 0.100000 -0.000000
vn 0.000000 0.100000 -0.000000
vn 0.000000 0.100000 -0.000000
vn 0.000000 0.100000 -0.000000
vn 0.000000 0.100000 -0.000000
vn 0.000000 0.100000 -0.000000
vn 0.000000 0.100000 -0.000000
vn 0.000000 0.100000 -0.000000
vn 0.000000 0.100000 -0.000000
vn 0.000000 0.100000 -0.000000
vn 0.000000 0.100000 -0.000000
vn 0.000000 0.100000 -0.000000
vn 0.000000 0.100000 -0.000000
vn 0.000000 0.100000 -0.000000
vn 0.000000 0.100000 -0.000000
vn 0.000000 0.100000 -0.000000
vn 0.000000 0.100000 -0.000000
vn 0.000000 0.100000 -0.000000
vn -0.000000 -0.100000 0.000000
vn -0.000000 -0.100000 0.000000
vn -0.000000 -0.100000 0.000000
vn -0.000000 -0.100000 0.000000
vn -0.000000 -0.100000 0.000000
vn -0.000000 -0.100000 0.000000
vn -0.000000 -0.100000 0.000000
vn -0.000000 -0.100000 0.000000
vn -0.000000 -0.100000 0.000000
vn -0.000000 -0.100000 0.000000
vn -0.000000 -0.100000 0.000000
vn -0.000000 -0.100000 0.000000
vn -0.000000 -0.100000 0.000000
vn -0.000000 -0.100000 0.000000
vn -0.000000 -0.100000 0.000000
vn -0.000000 -0.100000 0.000000
vn -0.000000 -0.100000 0.000000
vn -0.000000 -0.100000 0.000000
vn -0.000000 -0.100000 0.000000
vn -0.000000 -0.100000 0.000000
vn -0.000000 -0.100000 0.000000
vn -0.000000 -0.100000 0.000000
vn -0.000000 -0.100000 0.000000
vn -0.000000 -0.100000 0.000000
vn -0.026088 -0.000000 -0.096537
vn -0.026088 -0.000000 -0.096537
vn -0.026088 -0.000000 -0.096537
vn -0.026088 -0.000000 -0.096537
vn -0.026088 -0.000000 -0.096537
vn -0.026088 -0.000000 -0.096537
vn -0.026088 -0.000000 -0.096537
vn -0.026088 -0.000000 -0.096537
vn -0.026088 -0.000000 -0.096537
vn 0.070560 0.000000 -0.070861
vn 0.070560 0.000000 -0.070861
vn 0.070560 0.000000 -0.070861
vn 0.070560 0.000000 -0.070861
vn 0.070560 0.000000 -0.070861
vn 0.070560 0.000000 -0.070861
vn 0.070560 0.000000 -0.070861
vn 0.070560 0.000000 -0.070861
vn 0.070560 0.000000 -0.070861
vn 0.096648 -0.000000 0.025676
vn 0.096648 -0.000000 0.025676
vn 0.096648 -0.000000 0.025676
vn 0.096648 -0.000000 0.025676
vn 0.096648 -0.000000 0.025676
vn 0.096648 -0.000000 0.025676
vn 0.096648 -0.000000 0.025676
vn 0.096648 -0.000000 0.025676
vn 0.096648 -0.000000 0.025676
vn -0.070560 -0.000000 0.070861
vn -0.070560 -0.000000 0.070861
vn -0.070560 -0.000000 0.070861
vn -0.070560 -0.000000 0.070861
vn -0.070560 -0.000000 0.070861
vn -0.070560 -0.000000 0.070861
vn -0.070560 -0.000000 0.070861
vn -0.070560 -0.000000 0.070861
vn -0.070560 -0.000000 0.070861
vn -0.096648 -0.000000 0.025676
vn -0.096648 -0.000000 0.025676
vn -0.096648 -0.000000 0.025676
vn -0.096648 -0.000000 0.025676
vn -0.096648 -0.000000 0.025676
vn -0.096648 -0.000000 0.025676
vn -0.096648 -0.000000 0.025676
vn -0.096648 -0.000000 0.025676
vn -0.096648 -0.000000 0.025676
vn -0.096648 -0.000000 -0.025676
vn -0.096648 -0.000000 -0.025676
vn -0.096648 -0.000000 -0.025676
vn -0.096648 -0.000000 -0.025676
vn -0.096648 -0.000000 -0.025676
vn -0.096648 -0.000000 -0.025676
vn -0.096648 -0.000000 -0.025676
vn -0.096648 -0.000000 -0.025676
vn -0.096648 -0.000000 -0.025676
vn 0.026088 0.000000 0.096537
vn 0.026088 0.000000 0.096537
vn 0.026088 0.000000 0.096537
vn 0.026088 0.000000 0.096537
vn 0.026088 0.000000 0.096537
vn 0.026088 0.000000 0.096537
vn 0.026088 0.000000 0.096537
vn 0.026088 0.000000 0.096537
vn 0.026088 0.000000 0.096537
vn 0.070560 0.000000 0.070861
vn 0.070560 0.000000 0.070861
vn 0.070560 0.000000 0.070861
vn 0.070560 0.000000 0.070861
vn 0.070560 0.000000 0.070861
vn 0.070560 0.000000 0.070861
vn 0.070560 0.000000 0.070861
vn 0.070560 0.000000 0.070861
vn 0.070560 0.000000 0.070861
vn 0.026088 0.000000 -0.096537
vn 0.026088 0.000000 -0.096537
vn 0.026088 0.000000 -0.096537
vn 0.026088 0.000000 -0.096537
vn 0.026088 0.000000 -0.096537
vn 0.026088 0.000000 -0.096537
vn 0.026088 0.000000 -0.096537
vn 0.026088 0.000000 -0.096537
vn 0.026088 0.000000 -0.096537
vn -0.070560 -0.000000 -0.070861
vn -0.070560 -0.000000 -0.070861
vn -0.070560 -0.000000 -0.070861
vn -0.070560 -0.000000 -0.070861
vn -0.070560 -0.000000 -0.070861
vn -0.070560 -0.000000 -0.070861
vn -0.070560 -0.000000 -0.070861
vn -0.070560 -0.000000 -0.070861
vn -0.070560 -0.000000 -0.070861
vn -0.026088 -0.000000 0.096537
vn -0.026088 -0.000000 0.096537
vn -0.026088 -0.000000 0.096537
vn -0.026088 -0.000000 0.096537
vn -0.026088 -0.000000 0.096537
vn -0.026088 -0.000000 0.096537
vn -0.026088 -0.000000 0.096537
vn -0.026088 -0.000000 0.096537
vn -0.026088 -0.000000 0.096537
vn 0.096648 -0.000000 -0.025676
vn 0.096648 -0.000000 -0.025676
vn 0.096648 -0.000000 -0.025676
vn 0.096648 -0.000000 -0.025676
vn 0.096648 -0.000000 -0.025676
vn 0.096648 -0.000000 -0.025676
vn 0.096648 -0.000000 -0.025676
vn 0.096648 -0.000000 -0.025676
vn 0.096648 -0.000000 -0.025676
vn -0.000477 0.099998 0.000409
vn -0.000585 0.099998 0.000230
vn -0.000544 0.099998 0.000314
vn -0.000619 0.099998 0.000109
vn -0.000629 0.099998 -0.000000
vn -0.000628 0.099998 -0.000026
vn -0.000609 0.099998 -0.000158
vn -0.000545 0.099998 -0.000315
vn -0.000568 0.099998 -0.000271
vn -0.000315 0.099998 -0.000545
vn 0.000000 0.099998 -0.000629
vn 0.000000 0.099998 -0.000629
vn 0.000315 0.099998 -0.000545
vn 0.000568 0.099998 -0.000271
vn 0.000545 0.099998 -0.000315
vn 0.000609 0.099998 -0.000158
vn 0.000629 0.099998 -0.000000
vn 0.000628 0.099998 -0.000026
vn 0.000619 0.099998 0.000109
vn 0.000585 0.099998 0.000230
vn 0.000544 0.099998 0.000314
vn 0.000477 0.099998 0.000409
vn 0.000314 0.099998 0.000544
vn 0.000308 0.099998 0.000547
vn -0.000000 0.099998 0.000628
vn -0.000000 0.099998 0.000628
vn -0.000308 0.099998 0.000547
vn -0.000314 0.099998 0.000544
vn 0.026088 0.000000 0.096537
vn 0.026088 0.000000 0.096537
vn 0.026088 0.000000 0.096537
vn 0.026088 0.000000 0.096537
vn -0.096648 0.000000 -0.025676
vn -0.096648 0.000000 -0.025676
vn -0.096648 0.000000 -0.025676
vn -0.096648 0.000000 -0.025676
vn 0.070560 -0.000000 -0.070861
vn 0.070560 -0.000000 -0.070861
vn 0.070560 -0.000000 -0.070861
vn 0.070560 -0.000000 -0.070861
vn -0.070560 -0.000000 0.070861
vn -0.070560 -0.000000 0.070861
vn -0.070560 -0.000000 0.070861
vn -0.070560 -0.000000 0.070861
vn 0.096648 0.000000 0.025676
vn 0.096648 0.000000 0.025676
vn 0.096648 0.000000 0.025676
vn 0.096648 0.000000 0.025676
vn -0.026088 -0.000000 -0.096537
vn -0.026088 -0.000000 -0.096537
vn -0.026088 -0.000000 -0.096537
vn -0.026088 -0.000000 -0.096537
vn 0.096648 0.000000 -0.025676
vn 0.096648 0.000000 -0.025676
vn 0.096648 0.000000 -0.025676
vn 0.096648 0.000000 -0.025676
vn 0.026088 -0.000000 -0.096537
vn 0.026088 -0.000000 -0.096537
vn 0.026088 -0.000000 -0.096537
vn 0.026088 -0.000000 -0.096537
vn 0.070560 -0.000000 0.070861
vn 0.070560 -0.000000 0.070861
vn 0.070560 -0.000000 0.070861
vn 0.070560 -0.000000 0.070861
vn -0.026088 -0.000000 0.096537
vn -0.026088 -0.000000 0.096537
vn -0.026088 -0.000000 0.096537
vn -0.026088 -0.000000 0.096537
vn -0.070560 -0.000000 -0.070861
vn -0.070560 -0.000000 -0.070861
vn -0.070560 -0.000000 -0.070861
vn -0.070560 -0.000000 -0.070861
vn -0.096648 0.000000 0.025676
vn -0.096648 0.000000 0.025676
vn -0.096648 0.000000 0.025676
vn -0.096648 0.000000 0.025676
vn -0.000000 -0.100000 0.000000
vn -0.000000 -0.100000 0.000000
vn -0.000000 -0.100000 0.000000
vn -0.000000 -0.100000 0.000000
vn -0.000000 -0.100000 0.000000
vn -0.000000 -0.100000 0.000000
vn -0.000000 -0.100000 0.000000
vn -0.000000 -0.100000 0.000000
vn -0.000000 -0.100000 0.000000
vn -0.000000 -0.100000 0.000000
vn -0.000000 -0.100000 0.000000
vn -0.000000 -0.100000 0.000000
vn -0.000000 -0.100000 0.000000
vn -0.000000 -0.100000 0.000000
vn -0.000000 -0.100000 0.000000
vn -0.000000 -0.100000 0.000000
vn -0.000000 -0.100000 0.000000
vn -0.000000 -0.100000 0.000000
vn -0.000000 -0.100000 0.000000
vn -0.000000 -0.100000 0.000000
vn -0.000000 -0.100000 0.000000
vn -0.000000 -0.100000 0.000000
vn -0.000000 -0.100000 0.000000
vn -0.000000 -0.100000 0.000000
vn -0.000000 -0.100000 0.000000
vn -0.000000 -0.100000 0.000000
vn -0.000000 -0.100000 0.000000
vn -0.000000 -0.100000 0.000000
vn -0.000000 -0.100000 0.000000
vn -0.000000 -0.100000 0.000000
vn -0.000000 -0.100000 0.000000
vn -0.000000 -0.100000 0.000000
vn -0.000000 -0.100000 0.000000
vn -0.000000 -0.100000 0.000000
vn -0.000000 -0.100000 0.000000
vn -0.000000 -0.100000 0.000000
vn -0.000000 -0.100000 0.000000
vn -0.000000 -0.100000 0.000000
vn -0.000000 -0.100000 0.000000
vn -0.000000 -0.100000 0.000000
vn -0.000000 -0.100000 0.000000
vn -0.000000 -0.100000 0.000000
vn -0.000000 -0.100000 0.000000
vn -0.000000 -0.100000 0.000000
vn -0.000000 -0.100000 0.000000
vn -0.000000 -0.100000 0.000000
vn -0.000000 -0.100000 0.000000
vn -0.000000 -0.100000 0.000000
vn -0.000000 -0.100000 0.000000
vn -0.000000 -0.100000 0.000000
vn -0.000000 -0.100000 0.000000
vn -0.000000 -0.100000 0.000000
vn -0.000000 -0.100000 0.000000
vn -0.000000 -0.100000 0.000000
vn -0.000000 -0.100000 0.000000
vn -0.000000 -0.100000 0.000000
vn -0.000000 -0.100000 0.000000
vn -0.000000 -0.100000 0.000000
vn -0.000000 -0.100000 0.000000
vn -0.000000 -0.100000 0.000000
vn -0.000000 -0.100000 0.000000
vn -0.000000 -0.100000 0.000000
vn -0.000000 -0.100000 0.000000
vn -0.000000 -0.100000 0.000000
vn -0.000000 -0.100000 0.000000
vn -0.000000 -0.100000 0.000000
vn -0.000000 -0.100000 0.000000
vn -0.000000 -0.100000 0.000000
vn -0.000000 -0.100000 0.000000
vn -0.000000 -0.100000 0.000000
vn -0.000000 -0.100000 0.000000
vn -0.000000 -0.100000 0.000000
vn -0.000000 -0.100000 0.000000
vn -0.000000 -0.100000 0.000000
vn -0.000000 -0.100000 0.000000
vn -0.000000 -0.100000 0.000000
vn -0.000000 -0.100000 0.000000
vn -0.000000 -0.100000 0.000000
vn -0.000000 -0.100000 0.000000
vn -0.098705 0.000000 0.016041
vn -0.098705 0.000000 0.016041
vn -0.100000 0.000000 0.000000
vn -0.100000 0.000000 0.000000
vn -0.098705 0.000000 -0.016041
vn -0.098705 0.000000 -0.016041
vn -0.094854 0.000000 -0.031667
vn -0.094854 0.000000 -0.031667
vn -0.088546 0.000000 -0.046472
vn -0.088546 0.000000 -0.046472
vn -0.079944 0.000000 -0.060074
vn -0.079944 0.000000 -0.060074
vn -0.069272 0.000000 -0.072120
vn -0.069272 0.000000 -0.072120
vn -0.056806 0.000000 -0.082298
vn -0.056806 0.000000 -0.082298
vn -0.042869 0.000000 -0.090345
vn -0.042869 0.000000 -0.090345
vn -0.027822 0.000000 -0.096052
vn -0.027822 0.000000 -0.096052
vn -0.012054 0.000000 -0.099271
vn -0.012054 0.000000 -0.099271
vn 0.004027 0.000000 -0.099919
vn 0.004027 0.000000 -0.099919
vn 0.020003 0.000000 -0.097979
vn 0.020003 0.000000 -0.097979
vn 0.035460 0.000000 -0.093502
vn 0.035460 0.000000 -0.093502
vn 0.050000 0.000000 -0.086603
vn 0.050000 0.000000 -0.086603
vn 0.063245 0.000000 -0.077460
vn 0.063245 0.000000 -0.077460
vn 0.074851 0.000000 -0.066312
vn 0.074851 0.000000 -0.066312
vn 0.084519 0.000000 -0.053447
vn 0.084519 0.000000 -0.053447
vn 0.091998 0.000000 -0.039197
vn 0.091998 0.000000 -0.039197
vn 0.097094 0.000000 -0.023932
vn 0.097094 0.000000 -0.023932
vn 0.099676 0.000000 -0.008047
vn 0.099676 0.000000 -0.008047
vn 0.099676 0.000000 0.008047
vn 0.099676 0.000000 0.008047
vn 0.097094 0.000000 0.023932
vn 0.097094 0.000000 0.023932
vn 0.091998 0.000000 0.039197
vn 0.091998 0.000000 0.039197
vn 0.084519 0.000000 0.053447
vn 0.084519 0.000000 0.053447
vn 0.074851 0.000000 0.066312
vn 0.074851 0.000000 0.066312
vn 0.063245 0.000000 0.077460
vn 0.063245 0.000000 0.077460
vn 0.050000 0.000000 0.086603
vn 0.050000 0.000000 0.086603
vn 0.035460 0.000000 0.093502
vn 0.035460 0.000000 0.093502
vn 0.020003 0.000000 0.097979
vn 0.020003 0.000000 0.097979
vn 0.004027 0.000000 0.099919
vn 0.004027 0.000000 0.099919
vn -0.012054 0.000000 0.099271
vn -0.012054 0.000000 0.099271
vn -0.027822 0.000000 0.096052
vn -0.027822 0.000000 0.096052
vn -0.042869 0.000000 0.090345
vn -0.042869 0.000000 0.090345
vn -0.056806 0.000000 0.082298
vn -0.056806 0.000000 0.082298
vn -0.069272 0.000000 0.072120
vn -0.069272 0.000000 0.072120
vn -0.079944 0.000000 0.060074
vn -0.079944 0.000000 0.060074
vn -0.088546 0.000000 0.046472
vn -0.088546 0.000000 0.046472
vn -0.094854 0.000000 0.031667
vn -0.094854 0.000000 0.031667
vn 0.000000 -0.100000 0.000000
vn 0.000000 -0.100000 0.000000
vn 0.000000 -0.100000 0.000000
vn 0.000000 -0.100000 0.000000
vn 0.000000 -0.100000 0.000000
vn 0.000000 -0.100000 0.000000
vn 0.000000 -0.100000 0.000000
vn 0.000000 -0.100000 0.000000
vn 0.000000 -0.100000 0.000000
vn 0.000000 -0.100000 0.000000
vn 0.000000 -0.100000 0.000000
vn 0.000000 -0.100000 0.000000
vn 0.000000 -0.100000 0.000000
vn 0.000000 -0.100000 0.000000
vn 0.000000 -0.100000 0.000000
vn 0.000000 -0.100000 0.000000
vn 0.000000 -0.100000 0.000000
vn 0.000000 -0.100000 0.000000
vn 0.000000 -0.100000 0.000000
vn 0.000000 -0.100000 0.000000
vn 0.000000 -0.100000 0.000000
vn 0.000000 -0.100000 0.000000
vn 0.000000 -0.100000 0.000000
vn 0.000000 -0.100000 0.000000
vn 0.000000 -0.100000 0.000000
vn 0.000000 -0.100000 0.000000
vn 0.000000 -0.100000 0.000000
vn 0.000000 -0.100000 0.000000
vn 0.000000 -0.100000 0.000000
vn 0.000000 -0.100000 0.000000
vn 0.000000 -0.100000 0.000000
vn 0.000000 -0.100000 0.000000
vn 0.000000 -0.100000 0.000000
vn 0.000000 -0.100000 0.000000
vn 0.000000 -0.100000 0.000000
vn 0.000000 -0.100000 0.000000
vn 0.000000 -0.100000 0.000000
vn 0.000000 -0.100000 0.000000
vn 0.000000 -0.100000 0.000000
vn -0.000000 0.100000 -0.000000
vn -0.000000 0.100000 -0.000000
vn -0.000000 0.100000 -0.000000
vn -0.000000 0.100000 -0.000000
vn -0.000000 0.100000 -0.000000
vn -0.000000 0.100000 -0.000000
vn -0.000000 0.100000 -0.000000
vn -0.000000 0.100000 -0.000000
vn -0.000000 0.100000 -0.000000
vn -0.000000 0.100000 -0.000000
vn -0.000000 0.100000 -0.000000
vn -0.000000 0.100000 -0.000000
vn -0.000000 0.100000 -0.000000
vn -0.000000 0.100000 -0.000000
vn -0.000000 0.100000 -0.000000
vn -0.000000 0.100000 -0.000000
vn -0.000000 0.100000 -0.000000
vn -0.000000 0.100000 -0.000000
vn -0.000000 0.100000 -0.000000
vn -0.000000 0.100000 -0.000000
vn -0.000000 0.100000 -0.000000
vn -0.000000 0.100000 -0.000000
vn -0.000000 0.100000 -0.000000
vn -0.000000 0.100000 -0.000000
vn -0.000000 0.100000 -0.000000
vn -0.000000 0.100000 -0.000000
vn -0.000000 0.100000 -0.000000
vn -0.000000 0.100000 -0.000000
vn -0.000000 0.100000 -0.000000
vn -0.000000 0.100000 -0.000000
vn -0.000000 0.100000 -0.000000
vn -0.000000 0.100000 -0.000000
vn -0.000000 0.100000 -0.000000
vn -0.000000 0.100000 -0.000000
vn -0.000000 0.100000 -0.000000
vn -0.000000 0.100000 -0.000000
vn -0.000000 0.100000 -0.000000
vn -0.000000 0.100000 -0.000000
vn -0.000000 0.100000 -0.000000
vn -0.000000 0.100000 -0.000000
vn 0.098769 0.000000 0.015643
vn 0.098769 0.000000 0.015643
vn 0.100000 0.000000 0.000000
vn 0.100000 0.000000 0.000000
vn 0.098769 0.000000 -0.015643
vn 0.098769 0.000000 -0.015643
vn 0.095106 0.000000 -0.030902
vn 0.095106 0.000000 -0.030902
vn 0.089101 0.000000 -0.045399
vn 0.089101 0.000000 -0.045399
vn 0.080902 0.000000 -0.058779
vn 0.080902 0.000000 -0.058779
vn 0.070711 0.000000 -0.070711
vn 0.070711 0.000000 -0.070711
vn 0.058779 0.000000 -0.080902
vn 0.058779 0.000000 -0.080902
vn 0.045399 0.000000 -0.089101
vn 0.045399 0.000000 -0.089101
vn 0.030902 0.000000 -0.095106
vn 0.030902 0.000000 -0.095106
vn 0.015643 0.000000 -0.098769
vn 0.015643 0.000000 -0.098769
vn -0.000000 0.000000 -0.100000
vn -0.000000 0.000000 -0.100000
vn -0.015643 0.000000 -0.098769
vn -0.015643 0.000000 -0.098769
vn -0.030902 0.000000 -0.095106
vn -0.030902 0.000000 -0.095106
vn -0.045399 0.000000 -0.089101
vn -0.045399 0.000000 -0.089101
vn -0.058779 0.000000 -0.080902
vn -0.058779 0.000000 -0.080902
vn -0.070711 0.000000 -0.070711
vn -0.070711 0.000000 -0.070711
vn -0.080902 0.000000 -0.058779
vn -0.080902 0.000000 -0.058779
vn -0.089101 0.000000 -0.045399
vn -0.089101 0.000000 -0.045399
vn -0.095106 0.000000 -0.030902
vn -0.095106 0.000000 -0.030902
vn -0.098769 0.000000 -0.015643
vn -0.098769 0.000000 -0.015643
vn -0.100000 0.000000 0.000000
vn -0.100000 0.000000 0.000000
vn -0.098769 0.000000 0.015643
vn -0.098769 0.000000 0.015643
vn -0.095106 0.000000 0.030902
vn -0.095106 0.000000 0.030902
vn -0.089101 0.000000 0.045399
vn -0.089101 0.000000 0.045399
vn -0.080902 0.000000 0.058779
vn -0.080902 0.000000 0.058779
vn -0.070711 0.000000 0.070711
vn -0.070711 0.000000 0.070711
vn -0.058779 0.000000 0.080902
vn -0.058779 0.000000 0.080902
vn -0.045399 0.000000 0.089101
vn -0.045399 0.000000 0.089101
vn -0.030902 0.000000 0.095106
vn -0.030902 0.000000 0.095106
vn -0.015643 0.000000 0.098769
vn -0.015643 0.000000 0.098769
vn -0.000000 0.000000 0.100000
vn -0.000000 0.000000 0.100000
vn 0.015643 0.000000 0.098769
vn 0.015643 0.000000 0.098769
vn 0.030902 0.000000 0.095106
vn 0.030902 0.000000 0.095106
vn 0.045399 0.000000 0.089101
vn 0.045399 0.000000 0.089101
vn 0.058779 0.000000 0.080902
vn 0.058779 0.000000 0.080902
vn 0.070711 0.000000 0.070711
vn 0.070711 0.000000 0.070711
vn 0.080902 0.000000 0.058779
vn 0.080902 0.000000 0.058779
vn 0.089101 0.000000 0.045399
vn 0.089101 0.000000 0.045399
vn 0.095106 0.000000 0.030902
vn 0.095106 0.000000 0.030902
usemtl Steel_-_Satin
f 2/1/1 79/2/2 1/3/3
f 1/3/3 79/2/2 40/4/4
f 1/3/3 40/4/4 41/5/5
f 79/2/2 2/1/1 78/6/6
f 78/6/6 2/1/1 3/7/7
f 78/6/6 3/7/7 77/8/8
f 77/8/8 3/7/7 4/9/9
f 77/8/8 4/9/9 76/10/10
f 76/10/10 4/9/9 5/11/11
f 76/10/10 5/11/11 75/12/12
f 75/12/12 5/11/11 6/13/13
f 75/12/12 6/13/13 74/14/14
f 74/14/14 6/13/13 7/15/15
f 74/14/14 7/15/15 73/16/16
f 73/16/16 7/15/15 8/17/17
f 73/16/16 8/17/17 72/18/18
f 72/18/18 8/17/17 9/19/19
f 72/18/18 9/19/19 71/20/20
f 71/20/20 9/19/19 10/21/21
f 71/20/20 10/21/21 70/22/22
f 70/22/22 10/21/21 11/23/23
f 70/22/22 11/23/23 69/24/24
f 69/24/24 11/23/23 12/25/25
f 69/24/24 12/25/25 68/26/26
f 68/26/26 12/25/25 13/27/27
f 68/26/26 13/27/27 67/28/28
f 67/28/28 13/27/27 14/29/29
f 67/28/28 14/29/29 66/30/30
f 66/30/30 14/29/29 15/31/31
f 66/30/30 15/31/31 65/32/32
f 65/32/32 15/31/31 16/33/33
f 65/32/32 16/33/33 64/34/34
f 64/34/34 16/33/33 17/35/35
f 64/34/34 17/35/35 63/36/36
f 63/36/36 17/35/35 18/37/37
f 63/36/36 18/37/37 62/38/38
f 62/38/38 18/37/37 19/39/39
f 62/38/38 19/39/39 61/40/40
f 61/40/40 19/39/39 20/41/41
f 61/40/40 20/41/41 60/42/42
f 60/42/42 20/41/41 21/43/43
f 60/42/42 21/43/43 59/44/44
f 59/44/44 21/43/43 22/45/45
f 59/44/44 22/45/45 58/46/46
f 58/46/46 22/45/45 23/47/47
f 58/46/46 23/47/47 57/48/48
f 57/48/48 23/47/47 24/49/49
f 57/48/48 24/49/49 56/50/50
f 56/50/50 24/49/49 25/51/51
f 56/50/50 25/51/51 55/52/52
f 55/52/52 25/51/51 26/53/53
f 55/52/52 26/53/53 54/54/54
f 54/54/54 26/53/53 27/55/55
f 54/54/54 27/55/55 53/56/56
f 53/56/56 27/55/55 28/57/57
f 53/56/56 28/57/57 52/58/58
f 52/58/58 28/57/57 29/59/59
f 52/58/58 29/59/59 51/60/60
f 51/60/60 29/59/59 30/61/61
f 51/60/60 30/61/61 50/62/62
f 50/62/62 30/61/61 31/63/63
f 50/62/62 31/63/63 49/64/64
f 49/64/64 31/63/63 32/65/65
f 49/64/64 32/65/65 48/66/66
f 48/66/66 32/65/65 33/67/67
f 48/66/66 33/67/67 47/68/68
f 47/68/68 33/67/67 34/69/69
f 47/68/68 34/69/69 46/70/70
f 46/70/70 34/69/69 35/71/71
f 46/70/70 35/71/71 45/72/72
f 45/72/72 35/71/71 36/73/73
f 45/72/72 36/73/73 44/74/74
f 44/74/74 36/73/73 37/75/75
f 44/74/74 37/75/75 43/76/76
f 43/76/76 37/75/75 38/77/77
f 43/76/76 38/77/77 42/78/78
f 42/78/78 38/77/77 39/79/79
f 42/78/78 39/79/79 41/5/5
f 41/5/5 39/79/79 1/3/3
f 81/80/80 2/81/81 80/82/82
f 80/82/82 2/81/81 1/83/83
f 80/84/82 1/85/83 118/86/84
f 118/86/84 1/85/83 39/87/85
f 118/86/84 39/87/85 117/88/86
f 117/88/86 39/87/85 38/89/87
f 117/88/86 38/89/87 116/90/88
f 116/90/88 38/89/87 37/91/89
f 116/90/88 37/91/89 115/92/90
f 115/92/90 37/91/89 36/93/91
f 115/92/90 36/93/91 114/94/92
f 114/94/92 36/93/91 35/95/93
f 114/94/92 35/95/93 113/96/94
f 113/96/94 35/95/93 34/97/95
f 113/96/94 34/97/95 112/98/96
f 112/98/96 34/97/95 33/99/97
f 112/98/96 33/99/97 111/100/98
f 111/100/98 33/99/97 32/101/99
f 111/100/98 32/101/99 110/102/100
f 110/102/100 32/101/99 31/103/101
f 110/102/100 31/103/101 109/104/102
f 109/104/102 31/103/101 30/105/103
f 109/104/102 30/105/103 108/106/104
f 108/106/104 30/105/103 29/107/105
f 108/106/104 29/107/105 107/108/106
f 107/108/106 29/107/105 28/109/107
f 107/108/106 28/109/107 106/110/108
f 106/110/108 28/109/107 27/111/109
f 106/110/108 27/111/109 105/112/110
f 105/112/110 27/111/109 26/113/111
f 105/112/110 26/113/111 104/114/112
f 104/114/112 26/113/111 25/115/113
f 104/114/112 25/115/113 103/116/114
f 103/116/114 25/115/113 24/117/115
f 103/116/114 24/117/115 102/118/116
f 102/118/116 24/117/115 23/119/117
f 102/118/116 23/119/117 101/120/118
f 101/120/118 23/119/117 22/121/119
f 101/120/118 22/121/119 100/122/120
f 100/122/120 22/121/119 21/123/121
f 100/122/120 21/123/121 99/124/122
f 99/124/122 21/123/121 20/125/123
f 99/124/122 20/125/123 98/126/124
f 98/126/124 20/125/123 19/127/125
f 98/126/124 19/127/125 97/128/126
f 97/128/126 19/127/125 18/129/127
f 97/128/126 18/129/127 96/130/128
f 96/130/128 18/129/127 17/131/129
f 96/130/128 17/131/129 95/132/130
f 95/132/130 17/131/129 16/133/131
f 95/132/130 16/133/131 94/134/132
f 94/134/132 16/133/131 15/135/133
f 94/134/132 15/135/133 93/136/134
f 93/136/134 15/135/133 14/137/135
f 93/136/134 14/137/135 92/138/136
f 92/138/136 14/137/135 13/139/137
f 92/138/136 13/139/137 91/140/138
f 91/140/138 13/139/137 12/141/139
f 91/140/138 12/141/139 90/142/140
f 90/142/140 12/141/139 11/143/141
f 90/142/140 11/143/141 89/144/142
f 89/144/142 11/143/141 10/145/143
f 89/144/142 10/145/143 88/146/144
f 88/146/144 10/145/143 9/147/145
f 88/146/144 9/147/145 87/148/146
f 87/148/146 9/147/145 8/149/147
f 87/148/146 8/149/147 86/150/148
f 86/150/148 8/149/147 7/151/149
f 86/150/148 7/151/149 85/152/150
f 85/152/150 7/151/149 6/153/151
f 85/152/150 6/153/151 84/154/152
f 84/154/152 6/153/151 5/155/153
f 84/154/152 5/155/153 83/156/154
f 83/156/154 5/155/153 4/157/155
f 83/156/154 4/157/155 82/158/156
f 82/158/156 4/157/155 3/159/157
f 82/158/156 3/159/157 81/80/80
f 81/80/80 3/159/157 2/81/81
f 80/160/158 118/161/159 81/162/160
f 81/162/160 118/161/159 82/163/161
f 82/163/161 118/161/159 117/164/162
f 82/163/161 117/164/162 83/165/163
f 83/165/163 117/164/162 116/166/164
f 83/165/163 116/166/164 84/167/165
f 84/167/165 116/166/164 85/168/166
f 85/168/166 116/166/164 86/169/167
f 86/169/167 116/166/164 87/170/168
f 87/170/168 116/166/164 88/171/169
f 88/171/169 116/166/164 89/172/170
f 89/172/170 116/166/164 90/173/171
f 90/173/171 116/166/164 91/174/172
f 91/174/172 116/166/164 92/175/173
f 92/175/173 116/166/164 93/176/174
f 93/176/174 116/166/164 115/177/175
f 93/176/174 115/177/175 94/178/176
f 94/178/176 115/177/175 95/179/177
f 95/179/177 115/177/175 96/180/178
f 96/180/178 115/177/175 97/181/179
f 97/181/179 115/177/175 98/182/180
f 98/182/180 115/177/175 99/183/181
f 99/183/181 115/177/175 100/184/182
f 100/184/182 115/177/175 101/185/183
f 101/185/183 115/177/175 102/186/184
f 102/186/184 115/177/175 103/187/185
f 103/187/185 115/177/175 104/188/186
f 104/188/186 115/177/175 114/189/187
f 104/188/186 114/189/187 105/190/188
f 105/190/188 114/189/187 113/191/189
f 105/190/188 113/191/189 106/192/190
f 106/192/190 113/191/189 112/193/191
f 106/192/190 112/193/191 107/194/192
f 107/194/192 112/193/191 111/195/193
f 107/194/192 111/195/193 108/196/194
f 108/196/194 111/195/193 110/197/195
f 108/196/194 110/197/195 109/198/196
f 120/199/197 41/200/198 119/201/199
f 119/201/199 41/200/198 40/202/200
f 119/203/199 40/204/200 158/205/201
f 158/205/201 40/204/200 79/206/202
f 158/205/201 79/206/202 157/207/203
f 157/207/203 79/206/202 78/208/204
f 157/207/203 78/208/204 156/209/205
f 156/209/205 78/208/204 77/210/206
f 156/209/205 77/210/206 155/211/207
f 155/211/207 77/210/206 76/212/208
f 155/211/207 76/212/208 154/213/209
f 154/213/209 76/212/208 75/214/210
f 154/213/209 75/214/210 153/215/211
f 153/215/211 75/214/210 74/216/212
f 153/215/211 74/216/212 152/217/213
f 152/217/213 74/216/212 73/218/214
f 152/217/213 73/218/214 151/219/215
f 151/219/215 73/218/214 72/220/216
f 151/219/215 72/220/216 150/221/217
f 150/221/217 72/220/216 71/222/218
f 150/221/217 71/222/218 149/223/219
f 149/223/219 71/222/218 70/224/220
f 149/223/219 70/224/220 148/225/221
f 148/225/221 70/224/220 69/226/222
f 148/225/221 69/226/222 147/227/223
f 147/227/223 69/226/222 68/228/224
f 147/227/223 68/228/224 146/229/225
f 146/229/225 68/228/224 67/230/226
f 146/229/225 67/230/226 145/231/227
f 145/231/227 67/230/226 66/232/228
f 145/231/227 66/232/228 144/233/229
f 144/233/229 66/232/228 65/234/230
f 144/233/229 65/234/230 143/235/231
f 143/235/231 65/234/230 64/236/232
f 143/235/231 64/236/232 142/237/233
f 142/237/233 64/236/232 63/238/234
f 142/237/233 63/238/234 141/239/235
f 141/239/235 63/238/234 62/240/236
f 141/239/235 62/240/236 140/241/237
f 140/241/237 62/240/236 61/242/238
f 140/241/237 61/242/238 139/243/239
f 139/243/239 61/242/238 60/244/240
f 139/243/239 60/244/240 138/245/241
f 138/245/241 60/244/240 59/246/242
f 138/245/241 59/246/242 137/247/243
f 137/247/243 59/246/242 58/248/244
f 137/247/243 58/248/244 136/249/245
f 136/249/245 58/248/244 57/250/246
f 136/249/245 57/250/246 135/251/247
f 135/251/247 57/250/246 56/252/248
f 135/251/247 56/252/248 134/253/249
f 134/253/249 56/252/248 55/254/250
f 134/253/249 55/254/250 133/255/251
f 133/255/251 55/254/250 54/256/252
f 133/255/251 54/256/252 132/257/253
f 132/257/253 54/256/252 53/258/254
f 132/257/253 53/258/254 131/259/255
f 131/259/255 53/258/254 52/260/256
f 131/259/255 52/260/256 130/261/257
f 130/261/257 52/260/256 51/262/258
f 130/261/257 51/262/258 129/263/259
f 129/263/259 51/262/258 50/264/260
f 129/263/259 50/264/260 128/265/261
f 128/265/261 50/264/260 49/266/262
f 128/265/261 49/266/262 127/267/263
f 127/267/263 49/266/262 48/268/264
f 127/267/263 48/268/264 126/269/265
f 126/269/265 48/268/264 47/270/266
f 126/269/265 47/270/266 125/271/267
f 125/271/267 47/270/266 46/272/268
f 125/271/267 46/272/268 124/273/269
f 124/273/269 46/272/268 45/274/270
f 124/273/269 45/274/270 123/275/271
f 123/275/271 45/274/270 44/276/272
f 123/275/271 44/276/272 122/277/273
f 122/277/273 44/276/272 43/278/274
f 122/277/273 43/278/274 121/279/275
f 121/279/275 43/278/274 42/280/276
f 121/279/275 42/280/276 120/199/197
f 120/199/197 42/280/276 41/200/198
f 158/281/277 140/282/278 119/283/279
f 119/283/279 140/282/278 139/284/280
f 119/283/279 139/284/280 120/285/281
f 120/285/281 139/284/280 138/286/282
f 120/285/281 138/286/282 121/287/283
f 121/287/283 138/286/282 137/288/284
f 121/287/283 137/288/284 122/289/285
f 122/289/285 137/288/284 136/290/286
f 122/289/285 136/290/286 123/291/287
f 123/291/287 136/290/286 135/292/288
f 123/291/287 135/292/288 124/293/289
f 124/293/289 135/292/288 134/294/290
f 124/293/289 134/294/290 125/295/291
f 125/295/291 134/294/290 133/296/292
f 125/295/291 133/296/292 126/297/293
f 126/297/293 133/296/292 132/298/294
f 126/297/293 132/298/294 127/299/295
f 127/299/295 132/298/294 131/300/296
f 127/299/295 131/300/296 128/301/297
f 128/301/297 131/300/296 130/302/298
f 128/301/297 130/302/298 129/303/299
f 140/282/278 158/281/277 141/304/300
f 141/304/300 158/281/277 157/305/301
f 141/304/300 157/305/301 142/306/302
f 142/306/302 157/305/301 156/307/303
f 142/306/302 156/307/303 143/308/304
f 143/308/304 156/307/303 155/309/305
f 143/308/304 155/309/305 144/310/306
f 144/310/306 155/309/305 154/311/307
f 144/310/306 154/311/307 145/312/308
f 145/312/308 154/311/307 153/313/309
f 145/312/308 153/313/309 146/314/310
f 146/314/310 153/313/309 152/315/311
f 146/314/310 152/315/311 147/316/312
f 147/316/312 152/315/311 151/317/313
f 147/316/312 151/317/313 148/318/314
f 148/318/314 151/317/313 150/319/315
f 148/318/314 150/319/315 149/320/316
f 160/321/317 161/322/318 159/323/319
f 159/323/319 161/322/318 162/324/320
f 159/323/319 162/324/320 169/325/321
f 169/325/321 162/324/320 163/326/322
f 169/325/321 163/326/322 164/327/323
f 164/327/323 165/328/324 169/325/321
f 169/325/321 165/328/324 166/329/325
f 169/325/321 166/329/325 167/330/326
f 167/330/326 168/331/327 169/325/321
f 171/332/328 172/333/329 170/334/330
f 170/334/330 172/333/329 173/335/331
f 170/334/330 173/335/331 174/336/332
f 174/336/332 175/337/333 170/334/330
f 170/334/330 175/337/333 176/338/334
f 170/334/330 176/338/334 177/339/335
f 170/334/330 177/339/335 180/340/336
f 180/340/336 177/339/335 178/341/337
f 180/340/336 178/341/337 179/342/338
f 179/343/339 181/344/340 180/345/341
f 180/345/341 181/344/340 182/346/342
f 180/345/341 182/346/342 183/347/343
f 183/347/343 184/348/344 180/345/341
f 180/345/341 184/348/344 159/349/345
f 159/349/345 184/348/344 185/350/346
f 159/349/345 185/350/346 186/351/347
f 186/351/347 187/352/348 159/349/345
f 159/349/345 187/352/348 160/353/349
f 170/354/350 192/355/351 188/356/352
f 188/356/352 192/355/351 193/357/353
f 188/356/352 193/357/353 194/358/354
f 189/359/355 190/360/356 170/354/350
f 170/354/350 190/360/356 191/361/357
f 170/354/350 191/361/357 192/355/351
f 194/358/354 195/362/358 188/356/352
f 188/356/352 195/362/358 196/363/359
f 188/356/352 196/363/359 197/364/360
f 159/365/361 202/366/362 180/367/363
f 180/367/363 202/366/362 203/368/364
f 180/367/363 203/368/364 204/369/365
f 198/370/366 199/371/367 159/365/361
f 159/365/361 199/371/367 200/372/368
f 159/365/361 200/372/368 201/373/369
f 201/373/369 202/366/362 159/365/361
f 204/369/365 205/374/370 180/367/363
f 180/367/363 205/374/370 206/375/371
f 188/376/372 211/377/373 207/378/374
f 207/378/374 211/377/373 212/379/375
f 207/378/374 212/379/375 213/380/376
f 197/381/377 208/382/378 188/376/372
f 188/376/372 208/382/378 209/383/379
f 188/376/372 209/383/379 210/384/380
f 210/384/380 211/377/373 188/376/372
f 213/380/376 214/385/381 207/378/374
f 207/378/374 214/385/381 215/386/382
f 217/387/383 222/388/384 216/389/385
f 216/389/385 222/388/384 223/390/386
f 216/389/385 223/390/386 224/391/387
f 218/392/388 219/393/389 217/387/383
f 217/387/383 219/393/389 220/394/390
f 217/387/383 220/394/390 221/395/391
f 221/395/391 222/388/384 217/387/383
f 224/391/387 225/396/392 216/389/385
f 216/389/385 225/396/392 226/397/393
f 228/398/394 244/399/395 227/400/396
f 227/400/396 244/399/395 245/401/397
f 227/400/396 245/401/397 246/402/398
f 228/398/394 229/403/399 244/399/395
f 244/399/395 229/403/399 230/404/400
f 244/399/395 230/404/400 243/405/401
f 243/405/401 230/404/400 231/406/402
f 243/405/401 231/406/402 232/407/403
f 232/407/403 233/408/404 243/405/401
f 243/405/401 233/408/404 234/409/405
f 243/405/401 234/409/405 235/410/406
f 243/405/401 235/410/406 242/411/407
f 242/411/407 235/410/406 236/412/408
f 242/411/407 236/412/408 237/413/409
f 237/413/409 238/414/410 242/411/407
f 242/411/407 238/414/410 239/415/411
f 242/411/407 239/415/411 240/416/412
f 240/416/412 241/417/413 242/411/407
f 227/400/396 246/402/398 250/418/414
f 250/418/414 246/402/398 247/419/415
f 250/418/414 247/419/415 248/420/416
f 248/420/416 249/421/417 250/418/414
f 252/422/418 253/423/419 251/424/420
f 251/424/420 253/423/419 254/425/421
f 251/424/420 254/425/421 255/426/422
f 251/424/420 255/426/422 207/427/423
f 207/427/423 255/426/422 256/428/424
f 207/427/423 256/428/424 257/429/425
f 257/429/425 258/430/426 207/427/423
f 207/427/423 258/430/426 259/431/427
f 207/427/423 259/431/427 260/432/428
f 250/433/429 264/434/430 227/435/431
f 227/435/431 264/434/430 265/436/432
f 227/435/431 265/436/432 283/437/433
f 283/437/433 265/436/432 266/438/434
f 283/437/433 266/438/434 282/439/435
f 282/439/435 266/438/434 281/440/436
f 281/440/436 266/438/434 280/441/437
f 280/441/437 266/438/434 267/442/438
f 280/441/437 267/442/438 279/443/439
f 279/443/439 267/442/438 278/444/440
f 278/444/440 267/442/438 277/445/441
f 277/445/441 267/442/438 276/446/442
f 276/446/442 267/442/438 275/447/443
f 275/447/443 267/442/438 268/448/444
f 275/447/443 268/448/444 274/449/445
f 274/449/445 268/448/444 273/450/446
f 273/450/446 268/448/444 272/451/447
f 272/451/447 268/448/444 271/452/448
f 271/452/448 268/448/444 270/453/449
f 270/453/449 268/448/444 269/454/450
f 261/455/451 262/456/452 250/433/429
f 250/433/429 262/456/452 263/457/453
f 250/433/429 263/457/453 264/434/430
f 216/458/454 285/459/455 250/460/456
f 250/460/456 285/459/455 286/461/457
f 250/460/456 286/461/457 287/462/458
f 226/463/459 284/464/460 216/458/454
f 216/458/454 284/464/460 285/459/455
f 287/462/458 288/465/461 250/460/456
f 250/460/456 288/465/461 289/466/462
f 250/460/456 289/466/462 290/467/463
f 290/467/463 261/468/464 250/460/456
f 168/469/465 291/470/466 169/471/467
f 169/471/467 291/470/466 292/472/468
f 169/471/467 292/472/468 293/473/469
f 169/471/467 293/473/469 312/474/470
f 312/474/470 293/473/469 294/475/471
f 312/474/470 294/475/471 295/476/472
f 296/477/473 309/478/474 295/476/472
f 295/476/472 309/478/474 310/479/475
f 295/476/472 310/479/475 311/480/476
f 297/481/477 304/482/478 296/477/473
f 296/477/473 304/482/478 305/483/479
f 296/477/473 305/483/479 306/484/480
f 298/485/481 299/486/482 297/481/477
f 297/481/477 299/486/482 300/487/483
f 297/481/477 300/487/483 301/488/484
f 301/488/484 302/489/485 297/481/477
f 297/481/477 302/489/485 303/490/486
f 297/481/477 303/490/486 304/482/478
f 306/484/480 307/491/487 296/477/473
f 296/477/473 307/491/487 308/492/488
f 296/477/473 308/492/488 309/478/474
f 311/480/476 312/474/470 295/476/472
f 249/493/489 313/494/490 250/495/491
f 250/495/491 313/494/490 314/496/492
f 250/495/491 314/496/492 315/497/493
f 315/497/493 316/498/494 250/495/491
f 250/495/491 316/498/494 317/499/495
f 250/495/491 317/499/495 318/500/496
f 250/495/491 318/500/496 216/501/497
f 216/501/497 318/500/496 319/502/498
f 216/501/497 319/502/498 320/503/499
f 207/504/500 325/505/501 251/506/502
f 251/506/502 325/505/501 326/507/503
f 251/506/502 326/507/503 327/508/504
f 215/509/505 321/510/506 207/504/500
f 207/504/500 321/510/506 322/511/507
f 207/504/500 322/511/507 323/512/508
f 323/512/508 324/513/509 207/504/500
f 207/504/500 324/513/509 325/505/501
f 327/508/504 328/514/510 251/506/502
f 180/515/511 330/516/512 170/517/513
f 170/517/513 330/516/512 331/518/514
f 170/517/513 331/518/514 332/519/515
f 206/520/516 329/521/517 180/515/511
f 180/515/511 329/521/517 330/516/512
f 332/519/515 333/522/518 170/517/513
f 170/517/513 333/522/518 334/523/519
f 170/517/513 334/523/519 335/524/520
f 335/524/520 189/525/521 170/517/513
f 312/526/522 355/527/523 169/528/524
f 169/528/524 355/527/523 356/529/525
f 169/528/524 356/529/525 357/530/526
f 355/527/523 312/526/522 354/531/527
f 354/531/527 312/526/522 336/532/528
f 354/531/527 336/532/528 353/533/529
f 353/533/529 336/532/528 337/534/530
f 353/533/529 337/534/530 338/535/531
f 338/535/531 339/536/532 353/533/529
f 353/533/529 339/536/532 352/537/533
f 352/537/533 339/536/532 340/538/534
f 352/537/533 340/538/534 341/539/535
f 341/539/535 342/540/536 352/537/533
f 352/537/533 342/540/536 343/541/537
f 352/537/533 343/541/537 344/542/538
f 352/537/533 344/542/538 351/543/539
f 351/543/539 344/542/538 345/544/540
f 351/543/539 345/544/540 346/545/541
f 346/545/541 347/546/542 351/543/539
f 351/543/539 347/546/542 348/547/543
f 351/543/539 348/547/543 349/548/544
f 349/548/544 350/549/545 351/543/539
f 357/530/526 358/550/546 169/528/524
f 320/551/547 359/552/548 216/553/549
f 216/553/549 359/552/548 360/554/550
f 216/553/549 360/554/550 361/555/551
f 361/555/551 362/556/552 216/553/549
f 216/553/549 362/556/552 217/557/553
f 217/557/553 362/556/552 363/558/554
f 217/557/553 363/558/554 364/559/555
f 364/559/555 365/560/556 217/557/553
f 217/557/553 365/560/556 366/561/557
f 260/562/558 367/563/559 207/564/560
f 207/564/560 367/563/559 368/565/561
f 207/564/560 368/565/561 369/566/562
f 369/566/562 370/567/563 207/564/560
f 207/564/560 370/567/563 188/568/564
f 188/568/564 370/567/563 371/569/565
f 188/568/564 371/569/565 372/570/566
f 372/570/566 373/571/567 188/568/564
f 188/568/564 373/571/567 374/572/568
f 366/573/569 375/574/570 217/575/571
f 217/575/571 375/574/570 376/576/572
f 217/575/571 376/576/572 251/577/573
f 251/577/573 376/576/572 377/578/574
f 251/577/573 377/578/574 378/579/575
f 378/579/575 379/580/576 251/577/573
f 251/577/573 379/580/576 380/581/577
f 251/577/573 380/581/577 381/582/578
f 381/582/578 252/583/579 251/577/573
f 374/584/580 382/585/581 188/586/582
f 188/586/582 382/585/581 383/587/583
f 188/586/582 383/587/583 384/588/584
f 384/588/584 385/589/585 188/586/582
f 188/586/582 385/589/585 386/590/586
f 188/586/582 386/590/586 170/591/587
f 170/591/587 386/590/586 387/592/588
f 170/591/587 387/592/588 388/593/589
f 388/593/589 171/594/590 170/591/587
f 251/595/591 394/596/592 217/597/593
f 217/597/593 394/596/592 395/598/594
f 217/597/593 395/598/594 218/599/595
f 328/600/596 389/601/597 251/595/591
f 251/595/591 389/601/597 390/602/598
f 251/595/591 390/602/598 391/603/599
f 391/603/599 392/604/600 251/595/591
f 251/595/591 392/604/600 393/605/601
f 251/595/591 393/605/601 394/596/592
f 169/606/602 401/607/603 159/608/604
f 159/608/604 401/607/603 402/609/605
f 159/608/604 402/609/605 198/610/606
f 358/611/607 396/612/608 169/606/602
f 169/606/602 396/612/608 397/613/609
f 169/606/602 397/613/609 398/614/610
f 398/614/610 399/615/611 169/606/602
f 169/606/602 399/615/611 400/616/612
f 169/606/602 400/616/612 401/607/603
f 530/617/613 403/618/614 764/619/615
f 764/619/615 403/618/614 404/620/616
f 764/619/615 404/620/616 755/621/617
f 755/621/617 404/620/616 405/622/618
f 755/621/617 405/622/618 765/623/619
f 765/623/619 405/622/618 406/624/620
f 765/623/619 406/624/620 407/625/621
f 765/623/619 407/625/621 770/626/622
f 770/626/622 407/625/621 408/627/623
f 770/626/622 408/627/623 775/628/624
f 775/628/624 408/627/623 409/629/625
f 775/628/624 409/629/625 410/630/626
f 775/628/624 410/630/626 780/631/627
f 780/631/627 410/630/626 411/632/628
f 780/631/627 411/632/628 785/633/629
f 785/633/629 411/632/628 412/634/630
f 785/633/629 412/634/630 413/635/631
f 785/633/629 413/635/631 790/636/632
f 790/636/632 413/635/631 414/637/633
f 790/636/632 414/637/633 795/638/634
f 795/638/634 414/637/633 415/639/635
f 795/638/634 415/639/635 416/640/636
f 795/638/634 416/640/636 800/641/637
f 800/641/637 416/640/636 417/642/638
f 800/641/637 417/642/638 805/643/639
f 805/643/639 417/642/638 418/644/640
f 805/643/639 418/644/640 419/645/641
f 805/643/639 419/645/641 810/646/642
f 810/646/642 419/645/641 420/647/643
f 810/646/642 420/647/643 815/648/644
f 815/648/644 420/647/643 421/649/645
f 815/648/644 421/649/645 820/650/646
f 820/650/646 421/649/645 422/651/647
f 820/650/646 422/651/647 423/652/648
f 820/650/646 423/652/648 825/653/649
f 825/653/649 423/652/648 424/654/650
f 825/653/649 424/654/650 830/655/651
f 830/655/651 424/654/650 425/656/652
f 830/655/651 425/656/652 426/657/653
f 830/655/651 426/657/653 835/658/654
f 835/658/654 426/657/653 427/659/655
f 835/658/654 427/659/655 840/660/656
f 840/660/656 427/659/655 428/661/657
f 840/660/656 428/661/657 429/662/658
f 840/660/656 429/662/658 745/663/659
f 745/664/659 429/665/658 430/666/660
f 745/664/659 430/666/660 845/667/661
f 845/667/661 430/666/660 431/668/662
f 845/667/661 431/668/662 432/669/663
f 845/667/661 432/669/663 850/670/664
f 850/670/664 432/669/663 433/671/665
f 850/670/664 433/671/665 855/672/666
f 855/672/666 433/671/665 434/673/667
f 855/672/666 434/673/667 435/674/668
f 855/672/666 435/674/668 860/675/669
f 860/675/669 435/674/668 436/676/670
f 860/675/669 436/676/670 865/677/671
f 865/677/671 436/676/670 437/678/672
f 865/677/671 437/678/672 438/679/673
f 865/677/671 438/679/673 870/680/674
f 870/680/674 438/679/673 439/681/675
f 870/680/674 439/681/675 875/682/676
f 875/682/676 439/681/675 440/683/677
f 875/682/676 440/683/677 441/684/678
f 875/682/676 441/684/678 880/685/679
f 880/685/679 441/684/678 442/686/680
f 880/685/679 442/686/680 885/687/681
f 885/687/681 442/686/680 443/688/682
f 885/687/681 443/688/682 444/689/683
f 885/687/681 444/689/683 890/690/684
f 890/690/684 444/689/683 445/691/685
f 890/690/684 445/691/685 895/692/686
f 895/692/686 445/691/685 446/693/687
f 895/692/686 446/693/687 447/694/688
f 895/692/686 447/694/688 900/695/689
f 900/695/689 447/694/688 448/696/690
f 900/695/689 448/696/690 905/697/691
f 905/697/691 448/696/690 449/698/692
f 905/697/691 449/698/692 450/699/693
f 905/697/691 450/699/693 910/700/694
f 910/700/694 450/699/693 451/701/695
f 910/700/694 451/701/695 915/702/696
f 915/702/696 451/701/695 452/703/697
f 915/702/696 452/703/697 453/704/698
f 915/702/696 453/704/698 920/705/699
f 920/705/699 453/704/698 454/706/700
f 920/705/699 454/706/700 925/707/701
f 925/707/701 454/706/700 455/708/702
f 925/707/701 455/708/702 456/709/703
f 925/707/701 456/709/703 930/710/704
f 930/710/704 456/709/703 457/711/705
f 930/710/704 457/711/705 935/712/706
f 935/712/706 457/711/705 458/713/707
f 935/712/706 458/713/707 459/714/708
f 935/712/706 459/714/708 940/715/709
f 940/715/709 459/714/708 460/716/710
f 940/715/709 460/716/710 945/717/711
f 945/717/711 460/716/710 461/718/712
f 945/717/711 461/718/712 462/719/713
f 945/717/711 462/719/713 950/720/714
f 950/720/714 462/719/713 463/721/715
f 950/720/714 463/721/715 955/722/716
f 955/722/716 463/721/715 464/723/717
f 955/722/716 464/723/717 465/724/718
f 955/722/716 465/724/718 960/725/719
f 960/725/719 465/724/718 466/726/720
f 960/725/719 466/726/720 965/727/721
f 965/727/721 466/726/720 467/728/722
f 965/727/721 467/728/722 468/729/723
f 965/727/721 468/729/723 970/730/724
f 970/730/724 468/729/723 469/731/725
f 970/730/724 469/731/725 975/732/726
f 975/732/726 469/731/725 470/733/727
f 975/732/726 470/733/727 471/734/728
f 975/732/726 471/734/728 980/735/729
f 980/735/729 471/734/728 472/736/730
f 980/735/729 472/736/730 985/737/731
f 985/737/731 472/736/730 473/738/732
f 985/737/731 473/738/732 474/739/733
f 985/737/731 474/739/733 990/740/734
f 990/740/734 474/739/733 475/741/735
f 990/740/734 475/741/735 995/742/736
f 995/742/736 475/741/735 476/743/737
f 995/742/736 476/743/737 477/744/738
f 995/742/736 477/744/738 1000/745/739
f 1000/745/739 477/744/738 478/746/740
f 1000/745/739 478/746/740 1005/747/741
f 1005/747/741 478/746/740 479/748/742
f 1005/747/741 479/748/742 480/749/743
f 1005/747/741 480/749/743 1010/750/744
f 1010/750/744 480/749/743 481/751/745
f 1010/750/744 481/751/745 1015/752/746
f 1015/752/746 481/751/745 482/753/747
f 1015/752/746 482/753/747 1020/754/748
f 1020/754/748 482/753/747 483/755/749
f 1020/754/748 483/755/749 484/756/750
f 1020/754/748 484/756/750 1025/757/751
f 1025/757/751 484/756/750 485/758/752
f 1025/757/751 485/758/752 1030/759/753
f 1030/759/753 485/758/752 486/760/754
f 1030/759/753 486/760/754 487/761/755
f 1030/759/753 487/761/755 1035/762/756
f 1035/762/756 487/761/755 488/763/757
f 1035/762/756 488/763/757 1040/764/758
f 1040/764/758 488/763/757 489/765/759
f 1040/764/758 489/765/759 490/766/760
f 1040/764/758 490/766/760 1045/767/761
f 1045/767/761 490/766/760 491/768/762
f 1045/767/761 491/768/762 1050/769/763
f 1050/769/763 491/768/762 492/770/764
f 1050/769/763 492/770/764 493/771/765
f 1050/769/763 493/771/765 1055/772/766
f 1055/772/766 493/771/765 494/773/767
f 1055/772/766 494/773/767 1060/774/768
f 1060/774/768 494/773/767 495/775/769
f 1060/774/768 495/775/769 496/776/770
f 1060/774/768 496/776/770 1065/777/771
f 1065/777/771 496/776/770 497/778/772
f 1065/777/771 497/778/772 1070/779/773
f 1070/779/773 497/778/772 498/780/774
f 1070/779/773 498/780/774 499/781/775
f 1070/779/773 499/781/775 1075/782/776
f 1075/782/776 499/781/775 500/783/777
f 1075/782/776 500/783/777 1080/784/778
f 1080/784/778 500/783/777 501/785/779
f 1080/784/778 501/785/779 502/786/780
f 1080/784/778 502/786/780 1085/787/781
f 1085/787/781 502/786/780 503/788/782
f 1085/787/781 503/788/782 1090/789/783
f 1090/789/783 503/788/782 504/790/784
f 1090/789/783 504/790/784 505/791/785
f 1090/789/783 505/791/785 1095/792/786
f 1095/792/786 505/791/785 506/793/787
f 1095/792/786 506/793/787 1100/794/788
f 1100/794/788 506/793/787 507/795/789
f 1100/794/788 507/795/789 508/796/790
f 1100/794/788 508/796/790 1105/797/791
f 1105/797/791 508/796/790 509/798/792
f 1105/797/791 509/798/792 1110/799/793
f 1110/799/793 509/798/792 510/800/794
f 1110/799/793 510/800/794 511/801/795
f 1110/799/793 511/801/795 1115/802/796
f 1115/802/796 511/801/795 512/803/797
f 1115/802/796 512/803/797 1120/804/798
f 1120/804/798 512/803/797 513/805/799
f 1120/804/798 513/805/799 514/806/800
f 1120/804/798 514/806/800 1125/807/801
f 1125/807/801 514/806/800 515/808/802
f 1125/807/801 515/808/802 1130/809/803
f 1130/809/803 515/808/802 516/810/804
f 1130/809/803 516/810/804 517/811/805
f 1130/809/803 517/811/805 1135/812/806
f 1135/812/806 517/811/805 518/813/807
f 1135/812/806 518/813/807 1140/814/808
f 1140/814/808 518/813/807 519/815/809
f 1140/814/808 519/815/809 520/816/810
f 1140/814/808 520/816/810 1145/817/811
f 1145/817/811 520/816/810 521/818/812
f 1145/817/811 521/818/812 1150/819/813
f 1150/819/813 521/818/812 522/820/814
f 1150/819/813 522/820/814 523/821/815
f 1150/819/813 523/821/815 1155/822/816
f 1155/822/816 523/821/815 524/823/817
f 1155/822/816 524/823/817 1160/824/818
f 1160/824/818 524/823/817 525/825/819
f 1160/824/818 525/825/819 526/826/820
f 1160/824/818 526/826/820 1165/827/821
f 1165/827/821 526/826/820 527/828/822
f 1165/827/821 527/828/822 1170/829/823
f 1170/829/823 527/828/822 528/830/824
f 1170/829/823 528/830/824 529/831/825
f 1170/829/823 529/831/825 1175/832/826
f 1175/832/826 529/831/825 530/617/613
f 1175/832/826 530/617/613 764/619/615
f 658/833/827 531/834/828 1180/835/829
f 1180/835/829 531/834/828 532/836/830
f 1180/835/829 532/836/830 1190/837/831
f 1190/837/831 532/836/830 533/838/832
f 1190/837/831 533/838/832 1195/839/833
f 1195/839/833 533/838/832 534/840/834
f 1195/839/833 534/840/834 535/841/835
f 1195/839/833 535/841/835 1200/842/836
f 1200/842/836 535/841/835 536/843/837
f 1200/842/836 536/843/837 1205/844/838
f 1205/844/838 536/843/837 537/845/839
f 1205/844/838 537/845/839 538/846/840
f 1205/844/838 538/846/840 1210/847/841
f 1210/847/841 538/846/840 539/848/842
f 1210/847/841 539/848/842 1215/849/843
f 1215/849/843 539/848/842 540/850/844
f 1215/849/843 540/850/844 541/851/845
f 1215/849/843 541/851/845 1220/852/846
f 1220/852/846 541/851/845 542/853/847
f 1220/852/846 542/853/847 1225/854/848
f 1225/854/848 542/853/847 543/855/849
f 1225/854/848 543/855/849 544/856/850
f 1225/854/848 544/856/850 1230/857/851
f 1230/857/851 544/856/850 545/858/852
f 1230/857/851 545/858/852 1235/859/853
f 1235/859/853 545/858/852 546/860/854
f 1235/859/853 546/860/854 547/861/855
f 1235/859/853 547/861/855 1240/862/856
f 1240/862/856 547/861/855 548/863/857
f 1240/862/856 548/863/857 1245/864/858
f 1245/864/858 548/863/857 549/865/859
f 1245/864/858 549/865/859 550/866/860
f 1245/864/858 550/866/860 1250/867/861
f 1250/867/861 550/866/860 551/868/862
f 1250/867/861 551/868/862 1255/869/863
f 1255/869/863 551/868/862 552/870/864
f 1255/869/863 552/870/864 553/871/865
f 1255/869/863 553/871/865 1260/872/866
f 1260/872/866 553/871/865 554/873/867
f 1260/872/866 554/873/867 1265/874/868
f 1265/874/868 554/873/867 555/875/869
f 1265/874/868 555/875/869 556/876/870
f 1265/874/868 556/876/870 1270/877/871
f 1270/877/871 556/876/870 557/878/872
f 1270/877/871 557/878/872 1275/879/873
f 1275/879/873 557/878/872 558/880/874
f 1275/879/873 558/880/874 559/881/875
f 1275/879/873 559/881/875 1280/882/876
f 1280/882/876 559/881/875 560/883/877
f 1280/882/876 560/883/877 1285/884/878
f 1285/884/878 560/883/877 561/885/879
f 1285/884/878 561/885/879 562/886/880
f 1285/884/878 562/886/880 1290/887/881
f 1290/887/881 562/886/880 563/888/882
f 1290/887/881 563/888/882 1295/889/883
f 1295/889/883 563/888/882 564/890/884
f 1295/889/883 564/890/884 565/891/885
f 1295/889/883 565/891/885 1300/892/886
f 1300/892/886 565/891/885 566/893/887
f 1300/892/886 566/893/887 1305/894/888
f 1305/894/888 566/893/887 567/895/889
f 1305/894/888 567/895/889 568/896/890
f 1305/894/888 568/896/890 1310/897/891
f 1310/897/891 568/896/890 569/898/892
f 1310/897/891 569/898/892 1315/899/893
f 1315/899/893 569/898/892 570/900/894
f 1315/899/893 570/900/894 571/901/895
f 1315/899/893 571/901/895 1320/902/896
f 1320/902/896 571/901/895 572/903/897
f 1320/902/896 572/903/897 1325/904/898
f 1325/904/898 572/903/897 573/905/899
f 1325/904/898 573/905/899 574/906/900
f 1325/904/898 574/906/900 1330/907/901
f 1330/907/901 574/906/900 575/908/902
f 1330/907/901 575/908/902 1335/909/903
f 1335/909/903 575/908/902 576/910/904
f 1335/909/903 576/910/904 577/911/905
f 1335/909/903 577/911/905 1340/912/906
f 1340/912/906 577/911/905 578/913/907
f 1340/912/906 578/913/907 1345/914/908
f 1345/914/908 578/913/907 579/915/909
f 1345/914/908 579/915/909 580/916/910
f 1345/914/908 580/916/910 1350/917/911
f 1350/917/911 580/916/910 581/918/912
f 1350/917/911 581/918/912 1355/919/913
f 1355/919/913 581/918/912 582/920/914
f 1355/919/913 582/920/914 1360/921/915
f 1360/921/915 582/920/914 583/922/916
f 1360/921/915 583/922/916 584/923/917
f 1360/921/915 584/923/917 1365/924/918
f 1365/924/918 584/923/917 585/925/919
f 1365/924/918 585/925/919 1370/926/920
f 1370/926/920 585/925/919 586/927/921
f 1370/926/920 586/927/921 587/928/922
f 1370/926/920 587/928/922 1375/929/923
f 1375/929/923 587/928/922 588/930/924
f 1375/929/923 588/930/924 1380/931/925
f 1380/931/925 588/930/924 589/932/926
f 1380/931/925 589/932/926 590/933/927
f 1380/931/925 590/933/927 1385/934/928
f 1385/934/928 590/933/927 591/935/929
f 1385/934/928 591/935/929 1390/936/930
f 1390/936/930 591/935/929 592/937/931
f 1390/936/930 592/937/931 593/938/932
f 1390/936/930 593/938/932 1395/939/933
f 1395/939/933 593/938/932 594/940/934
f 1395/939/933 594/940/934 1400/941/935
f 1400/941/935 594/940/934 595/942/936
f 1400/941/935 595/942/936 596/943/937
f 1400/941/935 596/943/937 1405/944/938
f 1405/944/938 596/943/937 597/945/939
f 1405/944/938 597/945/939 1410/946/940
f 1410/946/940 597/945/939 598/947/941
f 1410/946/940 598/947/941 599/948/942
f 1410/946/940 599/948/942 1415/949/943
f 1415/949/943 599/948/942 600/950/944
f 1415/949/943 600/950/944 1420/951/945
f 1420/951/945 600/950/944 601/952/946
f 1420/951/945 601/952/946 602/953/947
f 1420/951/945 602/953/947 1425/954/948
f 1425/954/948 602/953/947 603/955/949
f 1425/954/948 603/955/949 1430/956/950
f 1430/956/950 603/955/949 604/957/951
f 1430/956/950 604/957/951 605/958/952
f 1430/956/950 605/958/952 1435/959/953
f 1435/959/953 605/958/952 606/960/954
f 1435/959/953 606/960/954 1440/961/955
f 1440/961/955 606/960/954 607/962/956
f 1440/961/955 607/962/956 608/963/957
f 1440/961/955 608/963/957 1445/964/958
f 1445/964/958 608/963/957 609/965/959
f 1445/964/958 609/965/959 1450/966/960
f 1450/966/960 609/965/959 610/967/961
f 1450/966/960 610/967/961 611/968/962
f 1450/966/960 611/968/962 1455/969/963
f 1455/969/963 611/968/962 612/970/964
f 1455/969/963 612/970/964 1460/971/965
f 1460/971/965 612/970/964 613/972/966
f 1460/971/965 613/972/966 614/973/967
f 1460/971/965 614/973/967 1465/974/968
f 1465/974/968 614/973/967 615/975/969
f 1465/974/968 615/975/969 1470/976/970
f 1470/976/970 615/975/969 616/977/971
f 1470/976/970 616/977/971 617/978/972
f 1470/976/970 617/978/972 1475/979/973
f 1475/979/973 617/978/972 618/980/974
f 1475/979/973 618/980/974 1480/981/975
f 1480/981/975 618/980/974 619/982/976
f 1480/981/975 619/982/976 620/983/977
f 1480/981/975 620/983/977 1485/984/978
f 1485/984/978 620/983/977 621/985/979
f 1485/984/978 621/985/979 1490/986/980
f 1490/986/980 621/985/979 622/987/981
f 1490/986/980 622/987/981 623/988/982
f 1490/986/980 623/988/982 1495/989/983
f 1495/989/983 623/988/982 624/990/984
f 1495/989/983 624/990/984 1500/991/985
f 1500/991/985 624/990/984 625/992/986
f 1500/991/985 625/992/986 626/993/987
f 1500/991/985 626/993/987 1505/994/988
f 1505/994/988 626/993/987 627/995/989
f 1505/994/988 627/995/989 1510/996/990
f 1510/996/990 627/995/989 628/997/991
f 1510/996/990 628/997/991 629/998/992
f 1510/996/990 629/998/992 1515/999/993
f 1515/999/993 629/998/992 630/1000/994
f 1515/999/993 630/1000/994 1520/1001/995
f 1520/1001/995 630/1000/994 631/1002/996
f 1520/1001/995 631/1002/996 632/1003/997
f 1520/1001/995 632/1003/997 750/1004/998
f 750/1005/998 632/1006/997 633/1007/999
f 750/1005/998 633/1007/999 1525/1008/1000
f 1525/1008/1000 633/1007/999 634/1009/1001
f 1525/1008/1000 634/1009/1001 635/1010/1002
f 1525/1008/1000 635/1010/1002 1530/1011/1003
f 1530/1011/1003 635/1010/1002 636/1012/1004
f 1530/1011/1003 636/1012/1004 1535/1013/1005
f 1535/1013/1005 636/1012/1004 637/1014/1006
f 1535/1013/1005 637/1014/1006 638/1015/1007
f 1535/1013/1005 638/1015/1007 1540/1016/1008
f 1540/1016/1008 638/1015/1007 639/1017/1009
f 1540/1016/1008 639/1017/1009 1545/1018/1010
f 1545/1018/1010 639/1017/1009 640/1019/1011
f 1545/1018/1010 640/1019/1011 641/1020/1012
f 1545/1018/1010 641/1020/1012 1550/1021/1013
f 1550/1021/1013 641/1020/1012 642/1022/1014
f 1550/1021/1013 642/1022/1014 1555/1023/1015
f 1555/1023/1015 642/1022/1014 643/1024/1016
f 1555/1023/1015 643/1024/1016 1560/1025/1017
f 1560/1025/1017 643/1024/1016 644/1026/1018
f 1560/1025/1017 644/1026/1018 645/1027/1019
f 1560/1025/1017 645/1027/1019 1565/1028/1020
f 1565/1028/1020 645/1027/1019 646/1029/1021
f 1565/1028/1020 646/1029/1021 1570/1030/1022
f 1570/1030/1022 646/1029/1021 647/1031/1023
f 1570/1030/1022 647/1031/1023 648/1032/1024
f 1570/1030/1022 648/1032/1024 1575/1033/1025
f 1575/1033/1025 648/1032/1024 649/1034/1026
f 1575/1033/1025 649/1034/1026 1580/1035/1027
f 1580/1035/1027 649/1034/1026 650/1036/1028
f 1580/1035/1027 650/1036/1028 651/1037/1029
f 1580/1035/1027 651/1037/1029 1585/1038/1030
f 1585/1038/1030 651/1037/1029 652/1039/1031
f 1585/1038/1030 652/1039/1031 1590/1040/1032
f 1590/1040/1032 652/1039/1031 653/1041/1033
f 1590/1040/1032 653/1041/1033 654/1042/1034
f 1590/1040/1032 654/1042/1034 1595/1043/1035
f 1595/1043/1035 654/1042/1034 655/1044/1036
f 1595/1043/1035 655/1044/1036 1600/1045/1037
f 1600/1045/1037 655/1044/1036 656/1046/1038
f 1600/1045/1037 656/1046/1038 657/1047/1039
f 1600/1045/1037 657/1047/1039 1189/1048/1040
f 1189/1048/1040 657/1047/1039 658/833/827
f 1189/1048/1040 658/833/827 1180/835/829
f 659/1049/1041 749/1050/1042 744/1051/1043
f 744/1051/1043 749/1050/1042 849/1052/1044
f 744/1051/1043 849/1052/1044 743/1053/1045
f 743/1053/1045 849/1052/1044 854/1054/1046
f 743/1053/1045 854/1054/1046 742/1055/1047
f 742/1055/1047 854/1054/1046 859/1056/1048
f 742/1055/1047 859/1056/1048 741/1057/1049
f 741/1057/1049 859/1056/1048 864/1058/1050
f 741/1057/1049 864/1058/1050 740/1059/1051
f 740/1059/1051 864/1058/1050 869/1060/1052
f 740/1059/1051 869/1060/1052 739/1061/1053
f 739/1061/1053 869/1060/1052 874/1062/1054
f 739/1061/1053 874/1062/1054 738/1063/1055
f 738/1063/1055 874/1062/1054 879/1064/1056
f 738/1063/1055 879/1064/1056 737/1065/1057
f 737/1065/1057 879/1064/1056 884/1066/1058
f 737/1065/1057 884/1066/1058 736/1067/1059
f 736/1067/1059 884/1066/1058 889/1068/1060
f 736/1067/1059 889/1068/1060 735/1069/1061
f 735/1069/1061 889/1068/1060 894/1070/1062
f 735/1069/1061 894/1070/1062 734/1071/1063
f 734/1071/1063 894/1070/1062 899/1072/1064
f 734/1071/1063 899/1072/1064 733/1073/1065
f 733/1073/1065 899/1072/1064 904/1074/1066
f 733/1073/1065 904/1074/1066 732/1075/1067
f 732/1075/1067 904/1074/1066 909/1076/1068
f 732/1075/1067 909/1076/1068 914/1077/1069
f 914/1077/1069 909/1076/1068 913/1078/1070
f 914/1077/1069 913/1078/1070 919/1079/1071
f 919/1079/1071 913/1078/1070 918/1080/1072
f 919/1079/1071 918/1080/1072 924/1081/1073
f 924/1081/1073 918/1080/1072 923/1082/1074
f 924/1081/1073 923/1082/1074 929/1083/1075
f 929/1083/1075 923/1082/1074 928/1084/1076
f 929/1083/1075 928/1084/1076 934/1085/1077
f 934/1085/1077 928/1084/1076 933/1086/1078
f 934/1085/1077 933/1086/1078 939/1087/1079
f 939/1087/1079 933/1086/1078 938/1088/1080
f 939/1087/1079 938/1088/1080 944/1089/1081
f 944/1089/1081 938/1088/1080 943/1090/1082
f 944/1089/1081 943/1090/1082 949/1091/1083
f 949/1091/1083 943/1090/1082 948/1092/1084
f 949/1091/1083 948/1092/1084 954/1093/1085
f 954/1093/1085 948/1092/1084 953/1094/1086
f 954/1093/1085 953/1094/1086 959/1095/1087
f 959/1095/1087 953/1094/1086 958/1096/1088
f 959/1095/1087 958/1096/1088 964/1097/1089
f 964/1097/1089 958/1096/1088 963/1098/1090
f 964/1097/1089 963/1098/1090 969/1099/1091
f 969/1099/1091 963/1098/1090 968/1100/1092
f 969/1099/1091 968/1100/1092 974/1101/1093
f 974/1101/1093 968/1100/1092 973/1102/1094
f 974/1101/1093 973/1102/1094 979/1103/1095
f 979/1103/1095 973/1102/1094 978/1104/1096
f 979/1103/1095 978/1104/1096 984/1105/1097
f 984/1105/1097 978/1104/1096 983/1106/1098
f 984/1105/1097 983/1106/1098 989/1107/1099
f 989/1107/1099 983/1106/1098 988/1108/1100
f 989/1107/1099 988/1108/1100 994/1109/1101
f 994/1109/1101 988/1108/1100 993/1110/1102
f 994/1109/1101 993/1110/1102 999/1111/1103
f 999/1111/1103 993/1110/1102 998/1112/1104
f 999/1111/1103 998/1112/1104 1004/1113/1105
f 1004/1113/1105 998/1112/1104 1003/1114/1106
f 1004/1113/1105 1003/1114/1106 1009/1115/1107
f 1009/1115/1107 1003/1114/1106 1008/1116/1108
f 1009/1115/1107 1008/1116/1108 1014/1117/1109
f 1014/1117/1109 1008/1116/1108 1013/1118/1110
f 1014/1117/1109 1013/1118/1110 1019/1119/1111
f 1019/1119/1111 1013/1118/1110 1018/1120/1112
f 1019/1119/1111 1018/1120/1112 1024/1121/1113
f 1024/1121/1113 1018/1120/1112 1023/1122/1114
f 1024/1121/1113 1023/1122/1114 1029/1123/1115
f 1029/1123/1115 1023/1122/1114 1028/1124/1116
f 1029/1123/1115 1028/1124/1116 1034/1125/1117
f 1034/1125/1117 1028/1124/1116 1033/1126/1118
f 1034/1125/1117 1033/1126/1118 1039/1127/1119
f 1039/1127/1119 1033/1126/1118 1038/1128/1120
f 1039/1127/1119 1038/1128/1120 1044/1129/1121
f 1044/1129/1121 1038/1128/1120 1043/1130/1122
f 1044/1129/1121 1043/1130/1122 1049/1131/1123
f 1049/1131/1123 1043/1130/1122 1048/1132/1124
f 1049/1131/1123 1048/1132/1124 1054/1133/1125
f 1054/1133/1125 1048/1132/1124 1053/1134/1126
f 1054/1133/1125 1053/1134/1126 1059/1135/1127
f 1059/1135/1127 1053/1134/1126 1058/1136/1128
f 1059/1135/1127 1058/1136/1128 1064/1137/1129
f 1064/1137/1129 1058/1136/1128 1063/1138/1130
f 1064/1137/1129 1063/1138/1130 1069/1139/1131
f 1069/1139/1131 1063/1138/1130 1068/1140/1132
f 1069/1139/1131 1068/1140/1132 1074/1141/1133
f 1074/1141/1133 1068/1140/1132 1073/1142/1134
f 1074/1141/1133 1073/1142/1134 1079/1143/1135
f 1079/1143/1135 1073/1142/1134 1078/1144/1136
f 1079/1143/1135 1078/1144/1136 1084/1145/1137
f 1084/1145/1137 1078/1144/1136 1083/1146/1138
f 1084/1145/1137 1083/1146/1138 1089/1147/1139
f 1089/1147/1139 1083/1146/1138 1088/1148/1140
f 1089/1147/1139 1088/1148/1140 1094/1149/1141
f 1094/1149/1141 1088/1148/1140 1093/1150/1142
f 1094/1149/1141 1093/1150/1142 1099/1151/1143
f 1099/1151/1143 1093/1150/1142 1098/1152/1144
f 1099/1151/1143 1098/1152/1144 1104/1153/1145
f 1104/1153/1145 1098/1152/1144 1103/1154/1146
f 1104/1153/1145 1103/1154/1146 1109/1155/1147
f 1109/1155/1147 1103/1154/1146 1108/1156/1148
f 1109/1155/1147 1108/1156/1148 1114/1157/1149
f 1114/1157/1149 1108/1156/1148 1113/1158/1150
f 1114/1157/1149 1113/1158/1150 1119/1159/1151
f 1119/1159/1151 1113/1158/1150 1118/1160/1152
f 1119/1159/1151 1118/1160/1152 1124/1161/1153
f 1124/1161/1153 1118/1160/1152 1123/1162/1154
f 1124/1161/1153 1123/1162/1154 1128/1163/1155
f 1128/1163/1155 1123/1162/1154 1127/1164/1156
f 1128/1163/1155 1127/1164/1156 1133/1165/1157
f 1133/1165/1157 1127/1164/1156 1132/1166/1158
f 1133/1165/1157 1132/1166/1158 1138/1167/1159
f 1138/1167/1159 1132/1166/1158 1137/1168/1160
f 1138/1167/1159 1137/1168/1160 1143/1169/1161
f 1143/1169/1161 1137/1168/1160 1142/1170/1162
f 1143/1169/1161 1142/1170/1162 1148/1171/1163
f 1148/1171/1163 1142/1170/1162 1147/1172/1164
f 1148/1171/1163 1147/1172/1164 1153/1173/1165
f 1153/1173/1165 1147/1172/1164 1152/1174/1166
f 1153/1173/1165 1152/1174/1166 1158/1175/1167
f 1158/1175/1167 1152/1174/1166 1157/1176/1168
f 1158/1175/1167 1157/1176/1168 1163/1177/1169
f 1163/1177/1169 1157/1176/1168 1162/1178/1170
f 1163/1177/1169 1162/1178/1170 1168/1179/1171
f 1168/1179/1171 1162/1178/1170 1167/1180/1172
f 1168/1179/1171 1167/1180/1172 1173/1181/1173
f 1173/1181/1173 1167/1180/1172 1172/1182/1174
f 1173/1181/1173 1172/1182/1174 1178/1183/1175
f 1178/1183/1175 1172/1182/1174 1177/1184/1176
f 1178/1183/1175 1177/1184/1176 761/1185/1177
f 761/1185/1177 1177/1184/1176 762/1186/1178
f 761/1185/1177 762/1186/1178 758/1187/1179
f 758/1187/1179 762/1186/1178 757/1188/1180
f 758/1187/1179 757/1188/1180 768/1189/1181
f 768/1189/1181 757/1188/1180 767/1190/1182
f 768/1189/1181 767/1190/1182 773/1191/1183
f 773/1191/1183 767/1190/1182 772/1192/1184
f 773/1191/1183 772/1192/1184 778/1193/1185
f 778/1193/1185 772/1192/1184 777/1194/1186
f 778/1193/1185 777/1194/1186 783/1195/1187
f 783/1195/1187 777/1194/1186 782/1196/1188
f 783/1195/1187 782/1196/1188 788/1197/1189
f 788/1197/1189 782/1196/1188 787/1198/1190
f 788/1197/1189 787/1198/1190 793/1199/1191
f 793/1199/1191 787/1198/1190 792/1200/1192
f 793/1199/1191 792/1200/1192 798/1201/1193
f 798/1201/1193 792/1200/1192 797/1202/1194
f 798/1201/1193 797/1202/1194 803/1203/1195
f 803/1203/1195 797/1202/1194 802/1204/1196
f 803/1203/1195 802/1204/1196 808/1205/1197
f 808/1205/1197 802/1204/1196 807/1206/1198
f 808/1205/1197 807/1206/1198 813/1207/1199
f 813/1207/1199 807/1206/1198 812/1208/1200
f 813/1207/1199 812/1208/1200 818/1209/1201
f 818/1209/1201 812/1208/1200 817/1210/1202
f 818/1209/1201 817/1210/1202 823/1211/1203
f 823/1211/1203 817/1210/1202 822/1212/1204
f 823/1211/1203 822/1212/1204 828/1213/1205
f 828/1213/1205 822/1212/1204 827/1214/1206
f 828/1213/1205 827/1214/1206 833/1215/1207
f 833/1215/1207 827/1214/1206 832/1216/1208
f 833/1215/1207 832/1216/1208 838/1217/1209
f 838/1217/1209 832/1216/1208 837/1218/1210
f 838/1217/1209 837/1218/1210 843/1219/1211
f 843/1219/1211 837/1218/1210 842/1220/1212
f 843/1219/1211 842/1220/1212 748/1221/1213
f 748/1221/1213 842/1220/1212 747/1222/1214
f 748/1223/1213 747/1224/1214 848/1225/1215
f 848/1225/1215 747/1224/1214 847/1226/1216
f 848/1225/1215 847/1226/1216 853/1227/1217
f 853/1227/1217 847/1226/1216 852/1228/1218
f 853/1227/1217 852/1228/1218 858/1229/1219
f 858/1229/1219 852/1228/1218 857/1230/1220
f 858/1229/1219 857/1230/1220 863/1231/1221
f 863/1231/1221 857/1230/1220 862/1232/1222
f 863/1231/1221 862/1232/1222 868/1233/1223
f 868/1233/1223 862/1232/1222 867/1234/1224
f 868/1233/1223 867/1234/1224 873/1235/1225
f 873/1235/1225 867/1234/1224 872/1236/1226
f 873/1235/1225 872/1236/1226 878/1237/1227
f 878/1237/1227 872/1236/1226 877/1238/1228
f 878/1237/1227 877/1238/1228 883/1239/1229
f 883/1239/1229 877/1238/1228 882/1240/1230
f 883/1239/1229 882/1240/1230 888/1241/1231
f 888/1241/1231 882/1240/1230 887/1242/1232
f 888/1241/1231 887/1242/1232 893/1243/1233
f 893/1243/1233 887/1242/1232 892/1244/1234
f 893/1243/1233 892/1244/1234 898/1245/1235
f 898/1245/1235 892/1244/1234 897/1246/1236
f 898/1245/1235 897/1246/1236 903/1247/1237
f 903/1247/1237 897/1246/1236 902/1248/1238
f 903/1247/1237 902/1248/1238 908/1249/1239
f 908/1249/1239 902/1248/1238 907/1250/1240
f 908/1249/1239 907/1250/1240 912/1251/1241
f 912/1251/1241 907/1250/1240 911/1252/1242
f 912/1251/1241 911/1252/1242 917/1253/1243
f 917/1253/1243 911/1252/1242 916/1254/1244
f 917/1253/1243 916/1254/1244 922/1255/1245
f 922/1255/1245 916/1254/1244 921/1256/1246
f 922/1255/1245 921/1256/1246 927/1257/1247
f 927/1257/1247 921/1256/1246 926/1258/1248
f 927/1257/1247 926/1258/1248 932/1259/1249
f 932/1259/1249 926/1258/1248 931/1260/1250
f 932/1259/1249 931/1260/1250 937/1261/1251
f 937/1261/1251 931/1260/1250 936/1262/1252
f 937/1261/1251 936/1262/1252 942/1263/1253
f 942/1263/1253 936/1262/1252 941/1264/1254
f 942/1263/1253 941/1264/1254 947/1265/1255
f 947/1265/1255 941/1264/1254 946/1266/1256
f 947/1265/1255 946/1266/1256 952/1267/1257
f 952/1267/1257 946/1266/1256 951/1268/1258
f 952/1267/1257 951/1268/1258 957/1269/1259
f 957/1269/1259 951/1268/1258 956/1270/1260
f 957/1269/1259 956/1270/1260 962/1271/1261
f 962/1271/1261 956/1270/1260 961/1272/1262
f 962/1271/1261 961/1272/1262 967/1273/1263
f 967/1273/1263 961/1272/1262 966/1274/1264
f 967/1273/1263 966/1274/1264 972/1275/1265
f 972/1275/1265 966/1274/1264 971/1276/1266
f 972/1275/1265 971/1276/1266 977/1277/1267
f 977/1277/1267 971/1276/1266 976/1278/1268
f 977/1277/1267 976/1278/1268 982/1279/1269
f 982/1279/1269 976/1278/1268 981/1280/1270
f 982/1279/1269 981/1280/1270 987/1281/1271
f 987/1281/1271 981/1280/1270 986/1282/1272
f 987/1281/1271 986/1282/1272 992/1283/1273
f 992/1283/1273 986/1282/1272 991/1284/1274
f 992/1283/1273 991/1284/1274 997/1285/1275
f 997/1285/1275 991/1284/1274 996/1286/1276
f 997/1285/1275 996/1286/1276 1002/1287/1277
f 1002/1287/1277 996/1286/1276 1001/1288/1278
f 1002/1287/1277 1001/1288/1278 1007/1289/1279
f 1007/1289/1279 1001/1288/1278 1006/1290/1280
f 1007/1289/1279 1006/1290/1280 1012/1291/1281
f 1012/1291/1281 1006/1290/1280 1011/1292/1282
f 1012/1291/1281 1011/1292/1282 1017/1293/1283
f 1017/1293/1283 1011/1292/1282 1016/1294/1284
f 1017/1293/1283 1016/1294/1284 1022/1295/1285
f 1022/1295/1285 1016/1294/1284 1021/1296/1286
f 1022/1295/1285 1021/1296/1286 1027/1297/1287
f 1027/1297/1287 1021/1296/1286 1026/1298/1288
f 1027/1297/1287 1026/1298/1288 1032/1299/1289
f 1032/1299/1289 1026/1298/1288 1031/1300/1290
f 1032/1299/1289 1031/1300/1290 1037/1301/1291
f 1037/1301/1291 1031/1300/1290 1036/1302/1292
f 1037/1301/1291 1036/1302/1292 1042/1303/1293
f 1042/1303/1293 1036/1302/1292 1041/1304/1294
f 1042/1303/1293 1041/1304/1294 1047/1305/1295
f 1047/1305/1295 1041/1304/1294 1046/1306/1296
f 1047/1305/1295 1046/1306/1296 1052/1307/1297
f 1052/1307/1297 1046/1306/1296 1051/1308/1298
f 1052/1307/1297 1051/1308/1298 1057/1309/1299
f 1057/1309/1299 1051/1308/1298 1056/1310/1300
f 1057/1309/1299 1056/1310/1300 1062/1311/1301
f 1062/1311/1301 1056/1310/1300 1061/1312/1302
f 1062/1311/1301 1061/1312/1302 1067/1313/1303
f 1067/1313/1303 1061/1312/1302 1066/1314/1304
f 1067/1313/1303 1066/1314/1304 1072/1315/1305
f 1072/1315/1305 1066/1314/1304 1071/1316/1306
f 1072/1315/1305 1071/1316/1306 1077/1317/1307
f 1077/1317/1307 1071/1316/1306 1076/1318/1308
f 1077/1317/1307 1076/1318/1308 1082/1319/1309
f 1082/1319/1309 1076/1318/1308 1081/1320/1310
f 1082/1319/1309 1081/1320/1310 1087/1321/1311
f 1087/1321/1311 1081/1320/1310 1086/1322/1312
f 1087/1321/1311 1086/1322/1312 1092/1323/1313
f 1092/1323/1313 1086/1322/1312 1091/1324/1314
f 1092/1323/1313 1091/1324/1314 1097/1325/1315
f 1097/1325/1315 1091/1324/1314 1096/1326/1316
f 1097/1325/1315 1096/1326/1316 1102/1327/1317
f 1102/1327/1317 1096/1326/1316 1101/1328/1318
f 1102/1327/1317 1101/1328/1318 1107/1329/1319
f 1107/1329/1319 1101/1328/1318 1106/1330/1320
f 1107/1329/1319 1106/1330/1320 1112/1331/1321
f 1112/1331/1321 1106/1330/1320 1111/1332/1322
f 1112/1331/1321 1111/1332/1322 1117/1333/1323
f 1117/1333/1323 1111/1332/1322 1116/1334/1324
f 1117/1333/1323 1116/1334/1324 1122/1335/1325
f 1122/1335/1325 1116/1334/1324 1121/1336/1326
f 1122/1335/1325 1121/1336/1326 1126/1337/1327
f 1126/1337/1327 1121/1336/1326 1125/807/801
f 1126/1337/1327 1125/807/801 1131/1338/1328
f 1131/1338/1328 1125/807/801 1130/809/803
f 1131/1338/1328 1130/809/803 1136/1339/1329
f 1136/1339/1329 1130/809/803 1135/812/806
f 1136/1339/1329 1135/812/806 1141/1340/1330
f 1141/1340/1330 1135/812/806 1140/814/808
f 1141/1340/1330 1140/814/808 1146/1341/1331
f 1146/1341/1331 1140/814/808 1145/817/811
f 1146/1341/1331 1145/817/811 1151/1342/1332
f 1151/1342/1332 1145/817/811 1150/819/813
f 1151/1342/1332 1150/819/813 1156/1343/1333
f 1156/1343/1333 1150/819/813 1155/822/816
f 1156/1343/1333 1155/822/816 1161/1344/1334
f 1161/1344/1334 1155/822/816 1160/824/818
f 1161/1344/1334 1160/824/818 1166/1345/1335
f 1166/1345/1335 1160/824/818 1165/827/821
f 1166/1345/1335 1165/827/821 1171/1346/1336
f 1171/1346/1336 1165/827/821 1170/829/823
f 1171/1346/1336 1170/829/823 1176/1347/1337
f 1176/1347/1337 1170/829/823 1175/832/826
f 1176/1347/1337 1175/832/826 763/1348/1338
f 763/1348/1338 1175/832/826 764/619/615
f 763/1348/1338 764/619/615 756/1349/1339
f 756/1349/1339 764/619/615 755/621/617
f 756/1349/1339 755/621/617 766/1350/1340
f 766/1350/1340 755/621/617 765/623/619
f 766/1350/1340 765/623/619 771/1351/1341
f 771/1351/1341 765/623/619 770/626/622
f 771/1351/1341 770/626/622 776/1352/1342
f 776/1352/1342 770/626/622 775/628/624
f 776/1352/1342 775/628/624 781/1353/1343
f 781/1353/1343 775/628/624 780/631/627
f 781/1353/1343 780/631/627 786/1354/1344
f 786/1354/1344 780/631/627 785/633/629
f 786/1354/1344 785/633/629 791/1355/1345
f 791/1355/1345 785/633/629 790/636/632
f 791/1355/1345 790/636/632 796/1356/1346
f 796/1356/1346 790/636/632 795/638/634
f 796/1356/1346 795/638/634 801/1357/1347
f 801/1357/1347 795/638/634 800/641/637
f 801/1357/1347 800/641/637 806/1358/1348
f 806/1358/1348 800/641/637 805/643/639
f 806/1358/1348 805/643/639 811/1359/1349
f 811/1359/1349 805/643/639 810/646/642
f 811/1359/1349 810/646/642 816/1360/1350
f 816/1360/1350 810/646/642 815/648/644
f 816/1360/1350 815/648/644 821/1361/1351
f 821/1361/1351 815/648/644 820/650/646
f 821/1361/1351 820/650/646 826/1362/1352
f 826/1362/1352 820/650/646 825/653/649
f 826/1362/1352 825/653/649 831/1363/1353
f 831/1363/1353 825/653/649 830/655/651
f 831/1363/1353 830/655/651 836/1364/1354
f 836/1364/1354 830/655/651 835/658/654
f 836/1364/1354 835/658/654 841/1365/1355
f 841/1365/1355 835/658/654 840/660/656
f 841/1365/1355 840/660/656 746/1366/1356
f 746/1366/1356 840/660/656 745/663/659
f 746/1367/1356 745/664/659 846/1368/1357
f 846/1368/1357 745/664/659 845/667/661
f 846/1368/1357 845/667/661 851/1369/1358
f 851/1369/1358 845/667/661 850/670/664
f 851/1369/1358 850/670/664 856/1370/1359
f 856/1370/1359 850/670/664 855/672/666
f 856/1370/1359 855/672/666 861/1371/1360
f 861/1371/1360 855/672/666 860/675/669
f 861/1371/1360 860/675/669 866/1372/1361
f 866/1372/1361 860/675/669 865/677/671
f 866/1372/1361 865/677/671 871/1373/1362
f 871/1373/1362 865/677/671 870/680/674
f 871/1373/1362 870/680/674 876/1374/1363
f 876/1374/1363 870/680/674 875/682/676
f 876/1374/1363 875/682/676 881/1375/1364
f 881/1375/1364 875/682/676 880/685/679
f 881/1375/1364 880/685/679 886/1376/1365
f 886/1376/1365 880/685/679 885/687/681
f 886/1376/1365 885/687/681 891/1377/1366
f 891/1377/1366 885/687/681 890/690/684
f 891/1377/1366 890/690/684 896/1378/1367
f 896/1378/1367 890/690/684 895/692/686
f 896/1378/1367 895/692/686 901/1379/1368
f 901/1379/1368 895/692/686 900/695/689
f 901/1379/1368 900/695/689 906/1380/1369
f 906/1380/1369 900/695/689 905/697/691
f 906/1380/1369 905/697/691 910/700/694
f 659/1381/1041 754/1382/1370 660/1383/1371
f 660/1383/1371 754/1382/1370 1529/1384/1372
f 660/1383/1371 1529/1384/1372 661/1385/1373
f 661/1385/1373 1529/1384/1372 1534/1386/1374
f 661/1385/1373 1534/1386/1374 662/1387/1375
f 662/1387/1375 1534/1386/1374 1539/1388/1376
f 662/1387/1375 1539/1388/1376 663/1389/1377
f 663/1389/1377 1539/1388/1376 1544/1390/1378
f 663/1389/1377 1544/1390/1378 664/1391/1379
f 664/1391/1379 1544/1390/1378 1549/1392/1380
f 664/1391/1379 1549/1392/1380 665/1393/1381
f 665/1393/1381 1549/1392/1380 1554/1394/1382
f 665/1393/1381 1554/1394/1382 666/1395/1383
f 666/1395/1383 1554/1394/1382 1559/1396/1384
f 666/1395/1383 1559/1396/1384 667/1397/1385
f 667/1397/1385 1559/1396/1384 1564/1398/1386
f 667/1397/1385 1564/1398/1386 668/1399/1387
f 668/1399/1387 1564/1398/1386 1569/1400/1388
f 668/1399/1387 1569/1400/1388 669/1401/1389
f 669/1401/1389 1569/1400/1388 1574/1402/1390
f 669/1401/1389 1574/1402/1390 670/1403/1391
f 670/1403/1391 1574/1402/1390 1579/1404/1392
f 670/1403/1391 1579/1404/1392 671/1405/1393
f 671/1405/1393 1579/1404/1392 1584/1406/1394
f 671/1405/1393 1584/1406/1394 672/1407/1395
f 672/1407/1395 1584/1406/1394 1589/1408/1396
f 672/1407/1395 1589/1408/1396 673/1409/1397
f 673/1409/1397 1589/1408/1396 1594/1410/1398
f 673/1409/1397 1594/1410/1398 674/1411/1399
f 674/1411/1399 1594/1410/1398 1599/1412/1400
f 674/1411/1399 1599/1412/1400 675/1413/1401
f 675/1413/1401 1599/1412/1400 1604/1414/1402
f 675/1413/1401 1604/1414/1402 676/1415/1403
f 676/1415/1403 1604/1414/1402 1185/1416/1404
f 676/1415/1403 1185/1416/1404 677/1417/1405
f 677/1417/1405 1185/1416/1404 1184/1418/1406
f 677/1417/1405 1184/1418/1406 678/1419/1407
f 678/1419/1407 1184/1418/1406 1194/1420/1408
f 678/1419/1407 1194/1420/1408 679/1421/1409
f 679/1421/1409 1194/1420/1408 1199/1422/1410
f 679/1421/1409 1199/1422/1410 680/1423/1411
f 680/1423/1411 1199/1422/1410 1204/1424/1412
f 680/1423/1411 1204/1424/1412 681/1425/1413
f 681/1425/1413 1204/1424/1412 1209/1426/1414
f 681/1425/1413 1209/1426/1414 682/1427/1415
f 682/1427/1415 1209/1426/1414 1214/1428/1416
f 682/1427/1415 1214/1428/1416 683/1429/1417
f 683/1429/1417 1214/1428/1416 1219/1430/1418
f 683/1429/1417 1219/1430/1418 684/1431/1419
f 684/1431/1419 1219/1430/1418 1224/1432/1420
f 684/1431/1419 1224/1432/1420 685/1433/1421
f 685/1433/1421 1224/1432/1420 1229/1434/1422
f 685/1433/1421 1229/1434/1422 686/1435/1423
f 686/1435/1423 1229/1434/1422 1234/1436/1424
f 686/1435/1423 1234/1436/1424 1239/1437/1425
f 1239/1437/1425 1234/1436/1424 1238/1438/1426
f 1239/1437/1425 1238/1438/1426 1244/1439/1427
f 1244/1439/1427 1238/1438/1426 1243/1440/1428
f 1244/1439/1427 1243/1440/1428 1249/1441/1429
f 1249/1441/1429 1243/1440/1428 1248/1442/1430
f 1249/1441/1429 1248/1442/1430 1254/1443/1431
f 1254/1443/1431 1248/1442/1430 1253/1444/1432
f 1254/1443/1431 1253/1444/1432 1259/1445/1433
f 1259/1445/1433 1253/1444/1432 1258/1446/1434
f 1259/1445/1433 1258/1446/1434 1264/1447/1435
f 1264/1447/1435 1258/1446/1434 1263/1448/1436
f 1264/1447/1435 1263/1448/1436 1269/1449/1437
f 1269/1449/1437 1263/1448/1436 1268/1450/1438
f 1269/1449/1437 1268/1450/1438 1274/1451/1439
f 1274/1451/1439 1268/1450/1438 1273/1452/1440
f 1274/1451/1439 1273/1452/1440 1279/1453/1441
f 1279/1453/1441 1273/1452/1440 1278/1454/1442
f 1279/1453/1441 1278/1454/1442 1284/1455/1443
f 1284/1455/1443 1278/1454/1442 1283/1456/1444
f 1284/1455/1443 1283/1456/1444 1289/1457/1445
f 1289/1457/1445 1283/1456/1444 1288/1458/1446
f 1289/1457/1445 1288/1458/1446 1294/1459/1447
f 1294/1459/1447 1288/1458/1446 1293/1460/1448
f 1294/1459/1447 1293/1460/1448 1299/1461/1449
f 1299/1461/1449 1293/1460/1448 1298/1462/1450
f 1299/1461/1449 1298/1462/1450 1304/1463/1451
f 1304/1463/1451 1298/1462/1450 1303/1464/1452
f 1304/1463/1451 1303/1464/1452 1309/1465/1453
f 1309/1465/1453 1303/1464/1452 1308/1466/1454
f 1309/1465/1453 1308/1466/1454 1314/1467/1455
f 1314/1467/1455 1308/1466/1454 1313/1468/1456
f 1314/1467/1455 1313/1468/1456 1319/1469/1457
f 1319/1469/1457 1313/1468/1456 1318/1470/1458
f 1319/1469/1457 1318/1470/1458 1324/1471/1459
f 1324/1471/1459 1318/1470/1458 1323/1472/1460
f 1324/1471/1459 1323/1472/1460 1329/1473/1461
f 1329/1473/1461 1323/1472/1460 1328/1474/1462
f 1329/1473/1461 1328/1474/1462 1334/1475/1463
f 1334/1475/1463 1328/1474/1462 1333/1476/1464
f 1334/1475/1463 1333/1476/1464 1339/1477/1465
f 1339/1477/1465 1333/1476/1464 1338/1478/1466
f 1339/1477/1465 1338/1478/1466 1344/1479/1467
f 1344/1479/1467 1338/1478/1466 1343/1480/1468
f 1344/1479/1467 1343/1480/1468 1349/1481/1469
f 1349/1481/1469 1343/1480/1468 1348/1482/1470
f 1349/1481/1469 1348/1482/1470 1354/1483/1471
f 1354/1483/1471 1348/1482/1470 1353/1484/1472
f 1354/1483/1471 1353/1484/1472 1359/1485/1473
f 1359/1485/1473 1353/1484/1472 1358/1486/1474
f 1359/1485/1473 1358/1486/1474 1364/1487/1475
f 1364/1487/1475 1358/1486/1474 1363/1488/1476
f 1364/1487/1475 1363/1488/1476 1369/1489/1477
f 1369/1489/1477 1363/1488/1476 1368/1490/1478
f 1369/1489/1477 1368/1490/1478 1374/1491/1479
f 1374/1491/1479 1368/1490/1478 1373/1492/1480
f 1374/1491/1479 1373/1492/1480 1379/1493/1481
f 1379/1493/1481 1373/1492/1480 1378/1494/1482
f 1379/1493/1481 1378/1494/1482 1384/1495/1483
f 1384/1495/1483 1378/1494/1482 1383/1496/1484
f 1384/1495/1483 1383/1496/1484 1389/1497/1485
f 1389/1497/1485 1383/1496/1484 1388/1498/1486
f 1389/1497/1485 1388/1498/1486 1394/1499/1487
f 1394/1499/1487 1388/1498/1486 1393/1500/1488
f 1394/1499/1487 1393/1500/1488 1399/1501/1489
f 1399/1501/1489 1393/1500/1488 1398/1502/1490
f 1399/1501/1489 1398/1502/1490 1404/1503/1491
f 1404/1503/1491 1398/1502/1490 1403/1504/1492
f 1404/1503/1491 1403/1504/1492 1409/1505/1493
f 1409/1505/1493 1403/1504/1492 1408/1506/1494
f 1409/1505/1493 1408/1506/1494 1414/1507/1495
f 1414/1507/1495 1408/1506/1494 1413/1508/1496
f 1414/1507/1495 1413/1508/1496 1419/1509/1497
f 1419/1509/1497 1413/1508/1496 1418/1510/1498
f 1419/1509/1497 1418/1510/1498 1424/1511/1499
f 1424/1511/1499 1418/1510/1498 1423/1512/1500
f 1424/1511/1499 1423/1512/1500 1429/1513/1501
f 1429/1513/1501 1423/1512/1500 1428/1514/1502
f 1429/1513/1501 1428/1514/1502 1434/1515/1503
f 1434/1515/1503 1428/1514/1502 1433/1516/1504
f 1434/1515/1503 1433/1516/1504 1439/1517/1505
f 1439/1517/1505 1433/1516/1504 1438/1518/1506
f 1439/1517/1505 1438/1518/1506 1444/1519/1507
f 1444/1519/1507 1438/1518/1506 1443/1520/1508
f 1444/1519/1507 1443/1520/1508 1449/1521/1509
f 1449/1521/1509 1443/1520/1508 1448/1522/1510
f 1449/1521/1509 1448/1522/1510 1454/1523/1511
f 1454/1523/1511 1448/1522/1510 1453/1524/1512
f 1454/1523/1511 1453/1524/1512 1459/1525/1513
f 1459/1525/1513 1453/1524/1512 1458/1526/1514
f 1459/1525/1513 1458/1526/1514 1464/1527/1515
f 1464/1527/1515 1458/1526/1514 1463/1528/1516
f 1464/1527/1515 1463/1528/1516 1469/1529/1517
f 1469/1529/1517 1463/1528/1516 1468/1530/1518
f 1469/1529/1517 1468/1530/1518 1474/1531/1519
f 1474/1531/1519 1468/1530/1518 1473/1532/1520
f 1474/1531/1519 1473/1532/1520 1479/1533/1521
f 1479/1533/1521 1473/1532/1520 1478/1534/1522
f 1479/1533/1521 1478/1534/1522 1484/1535/1523
f 1484/1535/1523 1478/1534/1522 1483/1536/1524
f 1484/1535/1523 1483/1536/1524 1489/1537/1525
f 1489/1537/1525 1483/1536/1524 1488/1538/1526
f 1489/1537/1525 1488/1538/1526 1494/1539/1527
f 1494/1539/1527 1488/1538/1526 1493/1540/1528
f 1494/1539/1527 1493/1540/1528 1499/1541/1529
f 1499/1541/1529 1493/1540/1528 1498/1542/1530
f 1499/1541/1529 1498/1542/1530 1504/1543/1531
f 1504/1543/1531 1498/1542/1530 1503/1544/1532
f 1504/1543/1531 1503/1544/1532 1509/1545/1533
f 1509/1545/1533 1503/1544/1532 1508/1546/1534
f 1509/1545/1533 1508/1546/1534 1514/1547/1535
f 1514/1547/1535 1508/1546/1534 1513/1548/1536
f 1514/1547/1535 1513/1548/1536 1519/1549/1537
f 1519/1549/1537 1513/1548/1536 1518/1550/1538
f 1519/1549/1537 1518/1550/1538 1524/1551/1539
f 1524/1551/1539 1518/1550/1538 1523/1552/1540
f 1524/1551/1539 1523/1552/1540 754/1553/1370
f 754/1553/1370 1523/1552/1540 753/1554/1541
f 754/1382/1370 753/1555/1541 1529/1384/1372
f 1529/1384/1372 753/1555/1541 1528/1556/1542
f 1529/1384/1372 1528/1556/1542 1534/1386/1374
f 1534/1386/1374 1528/1556/1542 1533/1557/1543
f 1534/1386/1374 1533/1557/1543 1539/1388/1376
f 1539/1388/1376 1533/1557/1543 1538/1558/1544
f 1539/1388/1376 1538/1558/1544 1544/1390/1378
f 1544/1390/1378 1538/1558/1544 1543/1559/1545
f 1544/1390/1378 1543/1559/1545 1549/1392/1380
f 1549/1392/1380 1543/1559/1545 1548/1560/1546
f 1549/1392/1380 1548/1560/1546 1554/1394/1382
f 1554/1394/1382 1548/1560/1546 1553/1561/1547
f 1554/1394/1382 1553/1561/1547 1559/1396/1384
f 1559/1396/1384 1553/1561/1547 1558/1562/1548
f 1559/1396/1384 1558/1562/1548 1564/1398/1386
f 1564/1398/1386 1558/1562/1548 1563/1563/1549
f 1564/1398/1386 1563/1563/1549 1569/1400/1388
f 1569/1400/1388 1563/1563/1549 1568/1564/1550
f 1569/1400/1388 1568/1564/1550 1574/1402/1390
f 1574/1402/1390 1568/1564/1550 1573/1565/1551
f 1574/1402/1390 1573/1565/1551 1579/1404/1392
f 1579/1404/1392 1573/1565/1551 1578/1566/1552
f 1579/1404/1392 1578/1566/1552 1584/1406/1394
f 1584/1406/1394 1578/1566/1552 1583/1567/1553
f 1584/1406/1394 1583/1567/1553 1589/1408/1396
f 1589/1408/1396 1583/1567/1553 1588/1568/1554
f 1589/1408/1396 1588/1568/1554 1594/1410/1398
f 1594/1410/1398 1588/1568/1554 1593/1569/1555
f 1594/1410/1398 1593/1569/1555 1599/1412/1400
f 1599/1412/1400 1593/1569/1555 1598/1570/1556
f 1599/1412/1400 1598/1570/1556 1604/1414/1402
f 1604/1414/1402 1598/1570/1556 1603/1571/1557
f 1604/1414/1402 1603/1571/1557 1185/1416/1404
f 1185/1416/1404 1603/1571/1557 1186/1572/1558
f 1185/1416/1404 1186/1572/1558 1184/1418/1406
f 1184/1418/1406 1186/1572/1558 1183/1573/1559
f 1184/1418/1406 1183/1573/1559 1194/1420/1408
f 1194/1420/1408 1183/1573/1559 1193/1574/1560
f 1194/1420/1408 1193/1574/1560 1199/1422/1410
f 1199/1422/1410 1193/1574/1560 1198/1575/1561
f 1199/1422/1410 1198/1575/1561 1204/1424/1412
f 1204/1424/1412 1198/1575/1561 1203/1576/1562
f 1204/1424/1412 1203/1576/1562 1209/1426/1414
f 1209/1426/1414 1203/1576/1562 1208/1577/1563
f 1209/1426/1414 1208/1577/1563 1214/1428/1416
f 1214/1428/1416 1208/1577/1563 1213/1578/1564
f 1214/1428/1416 1213/1578/1564 1219/1430/1418
f 1219/1430/1418 1213/1578/1564 1218/1579/1565
f 1219/1430/1418 1218/1579/1565 1224/1432/1420
f 1224/1432/1420 1218/1579/1565 1223/1580/1566
f 1224/1432/1420 1223/1580/1566 1229/1434/1422
f 1229/1434/1422 1223/1580/1566 1228/1581/1567
f 1229/1434/1422 1228/1581/1567 1234/1436/1424
f 1234/1436/1424 1228/1581/1567 1233/1582/1568
f 1234/1436/1424 1233/1582/1568 1238/1438/1426
f 1238/1438/1426 1233/1582/1568 1237/1583/1569
f 1238/1438/1426 1237/1583/1569 1243/1440/1428
f 1243/1440/1428 1237/1583/1569 1242/1584/1570
f 1243/1440/1428 1242/1584/1570 1248/1442/1430
f 1248/1442/1430 1242/1584/1570 1247/1585/1571
f 1248/1442/1430 1247/1585/1571 1253/1444/1432
f 1253/1444/1432 1247/1585/1571 1252/1586/1572
f 1253/1444/1432 1252/1586/1572 1258/1446/1434
f 1258/1446/1434 1252/1586/1572 1257/1587/1573
f 1258/1446/1434 1257/1587/1573 1263/1448/1436
f 1263/1448/1436 1257/1587/1573 1262/1588/1574
f 1263/1448/1436 1262/1588/1574 1268/1450/1438
f 1268/1450/1438 1262/1588/1574 1267/1589/1575
f 1268/1450/1438 1267/1589/1575 1273/1452/1440
f 1273/1452/1440 1267/1589/1575 1272/1590/1576
f 1273/1452/1440 1272/1590/1576 1278/1454/1442
f 1278/1454/1442 1272/1590/1576 1277/1591/1577
f 1278/1454/1442 1277/1591/1577 1283/1456/1444
f 1283/1456/1444 1277/1591/1577 1282/1592/1578
f 1283/1456/1444 1282/1592/1578 1288/1458/1446
f 1288/1458/1446 1282/1592/1578 1287/1593/1579
f 1288/1458/1446 1287/1593/1579 1293/1460/1448
f 1293/1460/1448 1287/1593/1579 1292/1594/1580
f 1293/1460/1448 1292/1594/1580 1298/1462/1450
f 1298/1462/1450 1292/1594/1580 1297/1595/1581
f 1298/1462/1450 1297/1595/1581 1303/1464/1452
f 1303/1464/1452 1297/1595/1581 1302/1596/1582
f 1303/1464/1452 1302/1596/1582 1308/1466/1454
f 1308/1466/1454 1302/1596/1582 1307/1597/1583
f 1308/1466/1454 1307/1597/1583 1313/1468/1456
f 1313/1468/1456 1307/1597/1583 1312/1598/1584
f 1313/1468/1456 1312/1598/1584 1318/1470/1458
f 1318/1470/1458 1312/1598/1584 1317/1599/1585
f 1318/1470/1458 1317/1599/1585 1323/1472/1460
f 1323/1472/1460 1317/1599/1585 1322/1600/1586
f 1323/1472/1460 1322/1600/1586 1328/1474/1462
f 1328/1474/1462 1322/1600/1586 1327/1601/1587
f 1328/1474/1462 1327/1601/1587 1333/1476/1464
f 1333/1476/1464 1327/1601/1587 1332/1602/1588
f 1333/1476/1464 1332/1602/1588 1338/1478/1466
f 1338/1478/1466 1332/1602/1588 1337/1603/1589
f 1338/1478/1466 1337/1603/1589 1343/1480/1468
f 1343/1480/1468 1337/1603/1589 1342/1604/1590
f 1343/1480/1468 1342/1604/1590 1348/1482/1470
f 1348/1482/1470 1342/1604/1590 1347/1605/1591
f 1348/1482/1470 1347/1605/1591 1353/1484/1472
f 1353/1484/1472 1347/1605/1591 1352/1606/1592
f 1353/1484/1472 1352/1606/1592 1358/1486/1474
f 1358/1486/1474 1352/1606/1592 1357/1607/1593
f 1358/1486/1474 1357/1607/1593 1363/1488/1476
f 1363/1488/1476 1357/1607/1593 1362/1608/1594
f 1363/1488/1476 1362/1608/1594 1368/1490/1478
f 1368/1490/1478 1362/1608/1594 1367/1609/1595
f 1368/1490/1478 1367/1609/1595 1373/1492/1480
f 1373/1492/1480 1367/1609/1595 1372/1610/1596
f 1373/1492/1480 1372/1610/1596 1378/1494/1482
f 1378/1494/1482 1372/1610/1596 1377/1611/1597
f 1378/1494/1482 1377/1611/1597 1383/1496/1484
f 1383/1496/1484 1377/1611/1597 1382/1612/1598
f 1383/1496/1484 1382/1612/1598 1388/1498/1486
f 1388/1498/1486 1382/1612/1598 1387/1613/1599
f 1388/1498/1486 1387/1613/1599 1393/1500/1488
f 1393/1500/1488 1387/1613/1599 1392/1614/1600
f 1393/1500/1488 1392/1614/1600 1398/1502/1490
f 1398/1502/1490 1392/1614/1600 1397/1615/1601
f 1398/1502/1490 1397/1615/1601 1403/1504/1492
f 1403/1504/1492 1397/1615/1601 1402/1616/1602
f 1403/1504/1492 1402/1616/1602 1408/1506/1494
f 1408/1506/1494 1402/1616/1602 1407/1617/1603
f 1408/1506/1494 1407/1617/1603 1413/1508/1496
f 1413/1508/1496 1407/1617/1603 1412/1618/1604
f 1413/1508/1496 1412/1618/1604 1418/1510/1498
f 1418/1510/1498 1412/1618/1604 1417/1619/1605
f 1418/1510/1498 1417/1619/1605 1423/1512/1500
f 1423/1512/1500 1417/1619/1605 1422/1620/1606
f 1423/1512/1500 1422/1620/1606 1428/1514/1502
f 1428/1514/1502 1422/1620/1606 1427/1621/1607
f 1428/1514/1502 1427/1621/1607 1433/1516/1504
f 1433/1516/1504 1427/1621/1607 1432/1622/1608
f 1433/1516/1504 1432/1622/1608 1438/1518/1506
f 1438/1518/1506 1432/1622/1608 1437/1623/1609
f 1438/1518/1506 1437/1623/1609 1443/1520/1508
f 1443/1520/1508 1437/1623/1609 1442/1624/1610
f 1443/1520/1508 1442/1624/1610 1448/1522/1510
f 1448/1522/1510 1442/1624/1610 1447/1625/1611
f 1448/1522/1510 1447/1625/1611 1453/1524/1512
f 1453/1524/1512 1447/1625/1611 1452/1626/1612
f 1453/1524/1512 1452/1626/1612 1458/1526/1514
f 1458/1526/1514 1452/1626/1612 1457/1627/1613
f 1458/1526/1514 1457/1627/1613 1463/1528/1516
f 1463/1528/1516 1457/1627/1613 1462/1628/1614
f 1463/1528/1516 1462/1628/1614 1468/1530/1518
f 1468/1530/1518 1462/1628/1614 1467/1629/1615
f 1468/1530/1518 1467/1629/1615 1473/1532/1520
f 1473/1532/1520 1467/1629/1615 1472/1630/1616
f 1473/1532/1520 1472/1630/1616 1478/1534/1522
f 1478/1534/1522 1472/1630/1616 1477/1631/1617
f 1478/1534/1522 1477/1631/1617 1483/1536/1524
f 1483/1536/1524 1477/1631/1617 1482/1632/1618
f 1483/1536/1524 1482/1632/1618 1488/1538/1526
f 1488/1538/1526 1482/1632/1618 1487/1633/1619
f 1488/1538/1526 1487/1633/1619 1493/1540/1528
f 1493/1540/1528 1487/1633/1619 1492/1634/1620
f 1493/1540/1528 1492/1634/1620 1498/1542/1530
f 1498/1542/1530 1492/1634/1620 1497/1635/1621
f 1498/1542/1530 1497/1635/1621 1503/1544/1532
f 1503/1544/1532 1497/1635/1621 1502/1636/1622
f 1503/1544/1532 1502/1636/1622 1508/1546/1534
f 1508/1546/1534 1502/1636/1622 1507/1637/1623
f 1508/1546/1534 1507/1637/1623 1513/1548/1536
f 1513/1548/1536 1507/1637/1623 1512/1638/1624
f 1513/1548/1536 1512/1638/1624 1518/1550/1538
f 1518/1550/1538 1512/1638/1624 1517/1639/1625
f 1518/1550/1538 1517/1639/1625 1523/1552/1540
f 1523/1552/1540 1517/1639/1625 1522/1640/1626
f 1523/1552/1540 1522/1640/1626 753/1554/1541
f 753/1554/1541 1522/1640/1626 752/1641/1627
f 753/1555/1541 752/1642/1627 1528/1556/1542
f 1528/1556/1542 752/1642/1627 1527/1643/1628
f 1528/1556/1542 1527/1643/1628 1533/1557/1543
f 1533/1557/1543 1527/1643/1628 1532/1644/1629
f 1533/1557/1543 1532/1644/1629 1538/1558/1544
f 1538/1558/1544 1532/1644/1629 1537/1645/1630
f 1538/1558/1544 1537/1645/1630 1543/1559/1545
f 1543/1559/1545 1537/1645/1630 1542/1646/1631
f 1543/1559/1545 1542/1646/1631 1548/1560/1546
f 1548/1560/1546 1542/1646/1631 1547/1647/1632
f 1548/1560/1546 1547/1647/1632 1553/1561/1547
f 1553/1561/1547 1547/1647/1632 1552/1648/1633
f 1553/1561/1547 1552/1648/1633 1558/1562/1548
f 1558/1562/1548 1552/1648/1633 1557/1649/1634
f 1558/1562/1548 1557/1649/1634 1563/1563/1549
f 1563/1563/1549 1557/1649/1634 1562/1650/1635
f 1563/1563/1549 1562/1650/1635 1568/1564/1550
f 1568/1564/1550 1562/1650/1635 1567/1651/1636
f 1568/1564/1550 1567/1651/1636 1573/1565/1551
f 1573/1565/1551 1567/1651/1636 1572/1652/1637
f 1573/1565/1551 1572/1652/1637 1578/1566/1552
f 1578/1566/1552 1572/1652/1637 1577/1653/1638
f 1578/1566/1552 1577/1653/1638 1583/1567/1553
f 1583/1567/1553 1577/1653/1638 1582/1654/1639
f 1583/1567/1553 1582/1654/1639 1588/1568/1554
f 1588/1568/1554 1582/1654/1639 1587/1655/1640
f 1588/1568/1554 1587/1655/1640 1593/1569/1555
f 1593/1569/1555 1587/1655/1640 1592/1656/1641
f 1593/1569/1555 1592/1656/1641 1598/1570/1556
f 1598/1570/1556 1592/1656/1641 1597/1657/1642
f 1598/1570/1556 1597/1657/1642 1603/1571/1557
f 1603/1571/1557 1597/1657/1642 1602/1658/1643
f 1603/1571/1557 1602/1658/1643 1186/1572/1558
f 1186/1572/1558 1602/1658/1643 1187/1659/1644
f 1186/1572/1558 1187/1659/1644 1183/1573/1559
f 1183/1573/1559 1187/1659/1644 1182/1660/1645
f 1183/1573/1559 1182/1660/1645 1193/1574/1560
f 1193/1574/1560 1182/1660/1645 1192/1661/1646
f 1193/1574/1560 1192/1661/1646 1198/1575/1561
f 1198/1575/1561 1192/1661/1646 1197/1662/1647
f 1198/1575/1561 1197/1662/1647 1203/1576/1562
f 1203/1576/1562 1197/1662/1647 1202/1663/1648
f 1203/1576/1562 1202/1663/1648 1208/1577/1563
f 1208/1577/1563 1202/1663/1648 1207/1664/1649
f 1208/1577/1563 1207/1664/1649 1213/1578/1564
f 1213/1578/1564 1207/1664/1649 1212/1665/1650
f 1213/1578/1564 1212/1665/1650 1218/1579/1565
f 1218/1579/1565 1212/1665/1650 1217/1666/1651
f 1218/1579/1565 1217/1666/1651 1223/1580/1566
f 1223/1580/1566 1217/1666/1651 1222/1667/1652
f 1223/1580/1566 1222/1667/1652 1228/1581/1567
f 1228/1581/1567 1222/1667/1652 1227/1668/1653
f 1228/1581/1567 1227/1668/1653 1233/1582/1568
f 1233/1582/1568 1227/1668/1653 1232/1669/1654
f 1233/1582/1568 1232/1669/1654 1237/1583/1569
f 1237/1583/1569 1232/1669/1654 1236/1670/1655
f 1237/1583/1569 1236/1670/1655 1242/1584/1570
f 1242/1584/1570 1236/1670/1655 1241/1671/1656
f 1242/1584/1570 1241/1671/1656 1247/1585/1571
f 1247/1585/1571 1241/1671/1656 1246/1672/1657
f 1247/1585/1571 1246/1672/1657 1252/1586/1572
f 1252/1586/1572 1246/1672/1657 1251/1673/1658
f 1252/1586/1572 1251/1673/1658 1257/1587/1573
f 1257/1587/1573 1251/1673/1658 1256/1674/1659
f 1257/1587/1573 1256/1674/1659 1262/1588/1574
f 1262/1588/1574 1256/1674/1659 1261/1675/1660
f 1262/1588/1574 1261/1675/1660 1267/1589/1575
f 1267/1589/1575 1261/1675/1660 1266/1676/1661
f 1267/1589/1575 1266/1676/1661 1272/1590/1576
f 1272/1590/1576 1266/1676/1661 1271/1677/1662
f 1272/1590/1576 1271/1677/1662 1277/1591/1577
f 1277/1591/1577 1271/1677/1662 1276/1678/1663
f 1277/1591/1577 1276/1678/1663 1282/1592/1578
f 1282/1592/1578 1276/1678/1663 1281/1679/1664
f 1282/1592/1578 1281/1679/1664 1287/1593/1579
f 1287/1593/1579 1281/1679/1664 1286/1680/1665
f 1287/1593/1579 1286/1680/1665 1292/1594/1580
f 1292/1594/1580 1286/1680/1665 1291/1681/1666
f 1292/1594/1580 1291/1681/1666 1297/1595/1581
f 1297/1595/1581 1291/1681/1666 1296/1682/1667
f 1297/1595/1581 1296/1682/1667 1302/1596/1582
f 1302/1596/1582 1296/1682/1667 1301/1683/1668
f 1302/1596/1582 1301/1683/1668 1307/1597/1583
f 1307/1597/1583 1301/1683/1668 1306/1684/1669
f 1307/1597/1583 1306/1684/1669 1312/1598/1584
f 1312/1598/1584 1306/1684/1669 1311/1685/1670
f 1312/1598/1584 1311/1685/1670 1317/1599/1585
f 1317/1599/1585 1311/1685/1670 1316/1686/1671
f 1317/1599/1585 1316/1686/1671 1322/1600/1586
f 1322/1600/1586 1316/1686/1671 1321/1687/1672
f 1322/1600/1586 1321/1687/1672 1327/1601/1587
f 1327/1601/1587 1321/1687/1672 1326/1688/1673
f 1327/1601/1587 1326/1688/1673 1332/1602/1588
f 1332/1602/1588 1326/1688/1673 1331/1689/1674
f 1332/1602/1588 1331/1689/1674 1337/1603/1589
f 1337/1603/1589 1331/1689/1674 1336/1690/1675
f 1337/1603/1589 1336/1690/1675 1342/1604/1590
f 1342/1604/1590 1336/1690/1675 1341/1691/1676
f 1342/1604/1590 1341/1691/1676 1347/1605/1591
f 1347/1605/1591 1341/1691/1676 1346/1692/1677
f 1347/1605/1591 1346/1692/1677 1352/1606/1592
f 1352/1606/1592 1346/1692/1677 1351/1693/1678
f 1352/1606/1592 1351/1693/1678 1357/1607/1593
f 1357/1607/1593 1351/1693/1678 1356/1694/1679
f 1357/1607/1593 1356/1694/1679 1362/1608/1594
f 1362/1608/1594 1356/1694/1679 1361/1695/1680
f 1362/1608/1594 1361/1695/1680 1367/1609/1595
f 1367/1609/1595 1361/1695/1680 1366/1696/1681
f 1367/1609/1595 1366/1696/1681 1372/1610/1596
f 1372/1610/1596 1366/1696/1681 1371/1697/1682
f 1372/1610/1596 1371/1697/1682 1377/1611/1597
f 1377/1611/1597 1371/1697/1682 1376/1698/1683
f 1377/1611/1597 1376/1698/1683 1382/1612/1598
f 1382/1612/1598 1376/1698/1683 1381/1699/1684
f 1382/1612/1598 1381/1699/1684 1387/1613/1599
f 1387/1613/1599 1381/1699/1684 1386/1700/1685
f 1387/1613/1599 1386/1700/1685 1392/1614/1600
f 1392/1614/1600 1386/1700/1685 1391/1701/1686
f 1392/1614/1600 1391/1701/1686 1397/1615/1601
f 1397/1615/1601 1391/1701/1686 1396/1702/1687
f 1397/1615/1601 1396/1702/1687 1402/1616/1602
f 1402/1616/1602 1396/1702/1687 1401/1703/1688
f 1402/1616/1602 1401/1703/1688 1407/1617/1603
f 1407/1617/1603 1401/1703/1688 1406/1704/1689
f 1407/1617/1603 1406/1704/1689 1412/1618/1604
f 1412/1618/1604 1406/1704/1689 1411/1705/1690
f 1412/1618/1604 1411/1705/1690 1417/1619/1605
f 1417/1619/1605 1411/1705/1690 1416/1706/1691
f 1417/1619/1605 1416/1706/1691 1422/1620/1606
f 1422/1620/1606 1416/1706/1691 1421/1707/1692
f 1422/1620/1606 1421/1707/1692 1427/1621/1607
f 1427/1621/1607 1421/1707/1692 1426/1708/1693
f 1427/1621/1607 1426/1708/1693 1432/1622/1608
f 1432/1622/1608 1426/1708/1693 1431/1709/1694
f 1432/1622/1608 1431/1709/1694 1437/1623/1609
f 1437/1623/1609 1431/1709/1694 1436/1710/1695
f 1437/1623/1609 1436/1710/1695 1442/1624/1610
f 1442/1624/1610 1436/1710/1695 1441/1711/1696
f 1442/1624/1610 1441/1711/1696 1447/1625/1611
f 1447/1625/1611 1441/1711/1696 1446/1712/1697
f 1447/1625/1611 1446/1712/1697 1452/1626/1612
f 1452/1626/1612 1446/1712/1697 1451/1713/1698
f 1452/1626/1612 1451/1713/1698 1457/1627/1613
f 1457/1627/1613 1451/1713/1698 1456/1714/1699
f 1457/1627/1613 1456/1714/1699 1462/1628/1614
f 1462/1628/1614 1456/1714/1699 1461/1715/1700
f 1462/1628/1614 1461/1715/1700 1467/1629/1615
f 1467/1629/1615 1461/1715/1700 1466/1716/1701
f 1467/1629/1615 1466/1716/1701 1472/1630/1616
f 1472/1630/1616 1466/1716/1701 1471/1717/1702
f 1472/1630/1616 1471/1717/1702 1477/1631/1617
f 1477/1631/1617 1471/1717/1702 1476/1718/1703
f 1477/1631/1617 1476/1718/1703 1482/1632/1618
f 1482/1632/1618 1476/1718/1703 1481/1719/1704
f 1482/1632/1618 1481/1719/1704 1487/1633/1619
f 1487/1633/1619 1481/1719/1704 1486/1720/1705
f 1487/1633/1619 1486/1720/1705 1492/1634/1620
f 1492/1634/1620 1486/1720/1705 1491/1721/1706
f 1492/1634/1620 1491/1721/1706 1497/1635/1621
f 1497/1635/1621 1491/1721/1706 1496/1722/1707
f 1497/1635/1621 1496/1722/1707 1502/1636/1622
f 1502/1636/1622 1496/1722/1707 1501/1723/1708
f 1502/1636/1622 1501/1723/1708 1507/1637/1623
f 1507/1637/1623 1501/1723/1708 1506/1724/1709
f 1507/1637/1623 1506/1724/1709 1512/1638/1624
f 1512/1638/1624 1506/1724/1709 1511/1725/1710
f 1512/1638/1624 1511/1725/1710 1517/1639/1625
f 1517/1639/1625 1511/1725/1710 1516/1726/1711
f 1517/1639/1625 1516/1726/1711 1522/1640/1626
f 1522/1640/1626 1516/1726/1711 1521/1727/1712
f 1522/1640/1626 1521/1727/1712 752/1641/1627
f 752/1641/1627 1521/1727/1712 751/1728/1713
f 752/1642/1627 751/1729/1713 1527/1643/1628
f 1527/1643/1628 751/1729/1713 1526/1730/1714
f 1527/1643/1628 1526/1730/1714 1532/1644/1629
f 1532/1644/1629 1526/1730/1714 1531/1731/1715
f 1532/1644/1629 1531/1731/1715 1537/1645/1630
f 1537/1645/1630 1531/1731/1715 1536/1732/1716
f 1537/1645/1630 1536/1732/1716 1542/1646/1631
f 1542/1646/1631 1536/1732/1716 1541/1733/1717
f 1542/1646/1631 1541/1733/1717 1547/1647/1632
f 1547/1647/1632 1541/1733/1717 1546/1734/1718
f 1547/1647/1632 1546/1734/1718 1552/1648/1633
f 1552/1648/1633 1546/1734/1718 1551/1735/1719
f 1552/1648/1633 1551/1735/1719 1557/1649/1634
f 1557/1649/1634 1551/1735/1719 1556/1736/1720
f 1557/1649/1634 1556/1736/1720 1562/1650/1635
f 1562/1650/1635 1556/1736/1720 1561/1737/1721
f 1562/1650/1635 1561/1737/1721 1567/1651/1636
f 1567/1651/1636 1561/1737/1721 1566/1738/1722
f 1567/1651/1636 1566/1738/1722 1572/1652/1637
f 1572/1652/1637 1566/1738/1722 1571/1739/1723
f 1572/1652/1637 1571/1739/1723 1577/1653/1638
f 1577/1653/1638 1571/1739/1723 1576/1740/1724
f 1577/1653/1638 1576/1740/1724 1582/1654/1639
f 1582/1654/1639 1576/1740/1724 1581/1741/1725
f 1582/1654/1639 1581/1741/1725 1587/1655/1640
f 1587/1655/1640 1581/1741/1725 1586/1742/1726
f 1587/1655/1640 1586/1742/1726 1592/1656/1641
f 1592/1656/1641 1586/1742/1726 1591/1743/1727
f 1592/1656/1641 1591/1743/1727 1597/1657/1642
f 1597/1657/1642 1591/1743/1727 1596/1744/1728
f 1597/1657/1642 1596/1744/1728 1602/1658/1643
f 1602/1658/1643 1596/1744/1728 1601/1745/1729
f 1602/1658/1643 1601/1745/1729 1187/1659/1644
f 1187/1659/1644 1601/1745/1729 1188/1746/1730
f 1187/1659/1644 1188/1746/1730 1182/1660/1645
f 1182/1660/1645 1188/1746/1730 1181/1747/1731
f 1182/1660/1645 1181/1747/1731 1192/1661/1646
f 1192/1661/1646 1181/1747/1731 1191/1748/1732
f 1192/1661/1646 1191/1748/1732 1197/1662/1647
f 1197/1662/1647 1191/1748/1732 1196/1749/1733
f 1197/1662/1647 1196/1749/1733 1202/1663/1648
f 1202/1663/1648 1196/1749/1733 1201/1750/1734
f 1202/1663/1648 1201/1750/1734 1207/1664/1649
f 1207/1664/1649 1201/1750/1734 1206/1751/1735
f 1207/1664/1649 1206/1751/1735 1212/1665/1650
f 1212/1665/1650 1206/1751/1735 1211/1752/1736
f 1212/1665/1650 1211/1752/1736 1217/1666/1651
f 1217/1666/1651 1211/1752/1736 1216/1753/1737
f 1217/1666/1651 1216/1753/1737 1222/1667/1652
f 1222/1667/1652 1216/1753/1737 1221/1754/1738
f 1222/1667/1652 1221/1754/1738 1227/1668/1653
f 1227/1668/1653 1221/1754/1738 1226/1755/1739
f 1227/1668/1653 1226/1755/1739 1232/1669/1654
f 1232/1669/1654 1226/1755/1739 1231/1756/1740
f 1232/1669/1654 1231/1756/1740 1236/1670/1655
f 1236/1670/1655 1231/1756/1740 1235/859/853
f 1236/1670/1655 1235/859/853 1241/1671/1656
f 1241/1671/1656 1235/859/853 1240/862/856
f 1241/1671/1656 1240/862/856 1246/1672/1657
f 1246/1672/1657 1240/862/856 1245/864/858
f 1246/1672/1657 1245/864/858 1251/1673/1658
f 1251/1673/1658 1245/864/858 1250/867/861
f 1251/1673/1658 1250/867/861 1256/1674/1659
f 1256/1674/1659 1250/867/861 1255/869/863
f 1256/1674/1659 1255/869/863 1261/1675/1660
f 1261/1675/1660 1255/869/863 1260/872/866
f 1261/1675/1660 1260/872/866 1266/1676/1661
f 1266/1676/1661 1260/872/866 1265/874/868
f 1266/1676/1661 1265/874/868 1271/1677/1662
f 1271/1677/1662 1265/874/868 1270/877/871
f 1271/1677/1662 1270/877/871 1276/1678/1663
f 1276/1678/1663 1270/877/871 1275/879/873
f 1276/1678/1663 1275/879/873 1281/1679/1664
f 1281/1679/1664 1275/879/873 1280/882/876
f 1281/1679/1664 1280/882/876 1286/1680/1665
f 1286/1680/1665 1280/882/876 1285/884/878
f 1286/1680/1665 1285/884/878 1291/1681/1666
f 1291/1681/1666 1285/884/878 1290/887/881
f 1291/1681/1666 1290/887/881 1296/1682/1667
f 1296/1682/1667 1290/887/881 1295/889/883
f 1296/1682/1667 1295/889/883 1301/1683/1668
f 1301/1683/1668 1295/889/883 1300/892/886
f 1301/1683/1668 1300/892/886 1306/1684/1669
f 1306/1684/1669 1300/892/886 1305/894/888
f 1306/1684/1669 1305/894/888 1311/1685/1670
f 1311/1685/1670 1305/894/888 1310/897/891
f 1311/1685/1670 1310/897/891 1316/1686/1671
f 1316/1686/1671 1310/897/891 1315/899/893
f 1316/1686/1671 1315/899/893 1321/1687/1672
f 1321/1687/1672 1315/899/893 1320/902/896
f 1321/1687/1672 1320/902/896 1326/1688/1673
f 1326/1688/1673 1320/902/896 1325/904/898
f 1326/1688/1673 1325/904/898 1331/1689/1674
f 1331/1689/1674 1325/904/898 1330/907/901
f 1331/1689/1674 1330/907/901 1336/1690/1675
f 1336/1690/1675 1330/907/901 1335/909/903
f 1336/1690/1675 1335/909/903 1341/1691/1676
f 1341/1691/1676 1335/909/903 1340/912/906
f 1341/1691/1676 1340/912/906 1346/1692/1677
f 1346/1692/1677 1340/912/906 1345/914/908
f 1346/1692/1677 1345/914/908 1351/1693/1678
f 1351/1693/1678 1345/914/908 1350/917/911
f 1351/1693/1678 1350/917/911 1356/1694/1679
f 1356/1694/1679 1350/917/911 1355/919/913
f 1356/1694/1679 1355/919/913 1361/1695/1680
f 1361/1695/1680 1355/919/913 1360/921/915
f 1361/1695/1680 1360/921/915 1366/1696/1681
f 1366/1696/1681 1360/921/915 1365/924/918
f 1366/1696/1681 1365/924/918 1371/1697/1682
f 1371/1697/1682 1365/924/918 1370/926/920
f 1371/1697/1682 1370/926/920 1376/1698/1683
f 1376/1698/1683 1370/926/920 1375/929/923
f 1376/1698/1683 1375/929/923 1381/1699/1684
f 1381/1699/1684 1375/929/923 1380/931/925
f 1381/1699/1684 1380/931/925 1386/1700/1685
f 1386/1700/1685 1380/931/925 1385/934/928
f 1386/1700/1685 1385/934/928 1391/1701/1686
f 1391/1701/1686 1385/934/928 1390/936/930
f 1391/1701/1686 1390/936/930 1396/1702/1687
f 1396/1702/1687 1390/936/930 1395/939/933
f 1396/1702/1687 1395/939/933 1401/1703/1688
f 1401/1703/1688 1395/939/933 1400/941/935
f 1401/1703/1688 1400/941/935 1406/1704/1689
f 1406/1704/1689 1400/941/935 1405/944/938
f 1406/1704/1689 1405/944/938 1411/1705/1690
f 1411/1705/1690 1405/944/938 1410/946/940
f 1411/1705/1690 1410/946/940 1416/1706/1691
f 1416/1706/1691 1410/946/940 1415/949/943
f 1416/1706/1691 1415/949/943 1421/1707/1692
f 1421/1707/1692 1415/949/943 1420/951/945
f 1421/1707/1692 1420/951/945 1426/1708/1693
f 1426/1708/1693 1420/951/945 1425/954/948
f 1426/1708/1693 1425/954/948 1431/1709/1694
f 1431/1709/1694 1425/954/948 1430/956/950
f 1431/1709/1694 1430/956/950 1436/1710/1695
f 1436/1710/1695 1430/956/950 1435/959/953
f 1436/1710/1695 1435/959/953 1441/1711/1696
f 1441/1711/1696 1435/959/953 1440/961/955
f 1441/1711/1696 1440/961/955 1446/1712/1697
f 1446/1712/1697 1440/961/955 1445/964/958
f 1446/1712/1697 1445/964/958 1451/1713/1698
f 1451/1713/1698 1445/964/958 1450/966/960
f 1451/1713/1698 1450/966/960 1456/1714/1699
f 1456/1714/1699 1450/966/960 1455/969/963
f 1456/1714/1699 1455/969/963 1461/1715/1700
f 1461/1715/1700 1455/969/963 1460/971/965
f 1461/1715/1700 1460/971/965 1466/1716/1701
f 1466/1716/1701 1460/971/965 1465/974/968
f 1466/1716/1701 1465/974/968 1471/1717/1702
f 1471/1717/1702 1465/974/968 1470/976/970
f 1471/1717/1702 1470/976/970 1476/1718/1703
f 1476/1718/1703 1470/976/970 1475/979/973
f 1476/1718/1703 1475/979/973 1481/1719/1704
f 1481/1719/1704 1475/979/973 1480/981/975
f 1481/1719/1704 1480/981/975 1486/1720/1705
f 1486/1720/1705 1480/981/975 1485/984/978
f 1486/1720/1705 1485/984/978 1491/1721/1706
f 1491/1721/1706 1485/984/978 1490/986/980
f 1491/1721/1706 1490/986/980 1496/1722/1707
f 1496/1722/1707 1490/986/980 1495/989/983
f 1496/1722/1707 1495/989/983 1501/1723/1708
f 1501/1723/1708 1495/989/983 1500/991/985
f 1501/1723/1708 1500/991/985 1506/1724/1709
f 1506/1724/1709 1500/991/985 1505/994/988
f 1506/1724/1709 1505/994/988 1511/1725/1710
f 1511/1725/1710 1505/994/988 1510/996/990
f 1511/1725/1710 1510/996/990 1516/1726/1711
f 1516/1726/1711 1510/996/990 1515/999/993
f 1516/1726/1711 1515/999/993 1521/1727/1712
f 1521/1727/1712 1515/999/993 1520/1001/995
f 1521/1727/1712 1520/1001/995 751/1728/1713
f 751/1728/1713 1520/1001/995 750/1004/998
f 751/1729/1713 750/1005/998 1526/1730/1714
f 1526/1730/1714 750/1005/998 1525/1008/1000
f 1526/1730/1714 1525/1008/1000 1531/1731/1715
f 1531/1731/1715 1525/1008/1000 1530/1011/1003
f 1531/1731/1715 1530/1011/1003 1536/1732/1716
f 1536/1732/1716 1530/1011/1003 1535/1013/1005
f 1536/1732/1716 1535/1013/1005 1541/1733/1717
f 1541/1733/1717 1535/1013/1005 1540/1016/1008
f 1541/1733/1717 1540/1016/1008 1546/1734/1718
f 1546/1734/1718 1540/1016/1008 1545/1018/1010
f 1546/1734/1718 1545/1018/1010 1551/1735/1719
f 1551/1735/1719 1545/1018/1010 1550/1021/1013
f 1551/1735/1719 1550/1021/1013 1556/1736/1720
f 1556/1736/1720 1550/1021/1013 1555/1023/1015
f 1556/1736/1720 1555/1023/1015 1561/1737/1721
f 1561/1737/1721 1555/1023/1015 1560/1025/1017
f 1561/1737/1721 1560/1025/1017 1566/1738/1722
f 1566/1738/1722 1560/1025/1017 1565/1028/1020
f 1566/1738/1722 1565/1028/1020 1571/1739/1723
f 1571/1739/1723 1565/1028/1020 1570/1030/1022
f 1571/1739/1723 1570/1030/1022 1576/1740/1724
f 1576/1740/1724 1570/1030/1022 1575/1033/1025
f 1576/1740/1724 1575/1033/1025 1581/1741/1725
f 1581/1741/1725 1575/1033/1025 1580/1035/1027
f 1581/1741/1725 1580/1035/1027 1586/1742/1726
f 1586/1742/1726 1580/1035/1027 1585/1038/1030
f 1586/1742/1726 1585/1038/1030 1591/1743/1727
f 1591/1743/1727 1585/1038/1030 1590/1040/1032
f 1591/1743/1727 1590/1040/1032 1596/1744/1728
f 1596/1744/1728 1590/1040/1032 1595/1043/1035
f 1596/1744/1728 1595/1043/1035 1601/1745/1729
f 1601/1745/1729 1595/1043/1035 1600/1045/1037
f 1601/1745/1729 1600/1045/1037 1188/1746/1730
f 1188/1746/1730 1600/1045/1037 1189/1048/1040
f 1188/1746/1730 1189/1048/1040 1181/1747/1731
f 1181/1747/1731 1189/1048/1040 1180/835/829
f 1181/1747/1731 1180/835/829 1191/1748/1732
f 1191/1748/1732 1180/835/829 1190/837/831
f 1191/1748/1732 1190/837/831 1196/1749/1733
f 1196/1749/1733 1190/837/831 1195/839/833
f 1196/1749/1733 1195/839/833 1201/1750/1734
f 1201/1750/1734 1195/839/833 1200/842/836
f 1201/1750/1734 1200/842/836 1206/1751/1735
f 1206/1751/1735 1200/842/836 1205/844/838
f 1206/1751/1735 1205/844/838 1211/1752/1736
f 1211/1752/1736 1205/844/838 1210/847/841
f 1211/1752/1736 1210/847/841 1216/1753/1737
f 1216/1753/1737 1210/847/841 1215/849/843
f 1216/1753/1737 1215/849/843 1221/1754/1738
f 1221/1754/1738 1215/849/843 1220/852/846
f 1221/1754/1738 1220/852/846 1226/1755/1739
f 1226/1755/1739 1220/852/846 1225/854/848
f 1226/1755/1739 1225/854/848 1231/1756/1740
f 1231/1756/1740 1225/854/848 1230/857/851
f 1231/1756/1740 1230/857/851 1235/859/853
f 1519/1549/1537 1524/1551/1539 744/1757/1043
f 744/1757/1043 1524/1551/1539 659/1758/1041
f 659/1759/1041 660/1760/1371 844/1761/1741
f 844/1761/1741 660/1760/1371 839/1762/1742
f 844/1761/1741 839/1762/1742 838/1217/1209
f 838/1217/1209 839/1762/1742 833/1215/1207
f 660/1760/1371 661/1763/1373 839/1762/1742
f 839/1762/1742 661/1763/1373 834/1764/1743
f 839/1762/1742 834/1764/1743 833/1215/1207
f 833/1215/1207 834/1764/1743 828/1213/1205
f 1524/1551/1539 754/1553/1370 659/1758/1041
f 661/1763/1373 662/1765/1375 834/1764/1743
f 834/1764/1743 662/1765/1375 829/1766/1744
f 834/1764/1743 829/1766/1744 828/1213/1205
f 828/1213/1205 829/1766/1744 823/1211/1203
f 662/1765/1375 663/1767/1377 829/1766/1744
f 829/1766/1744 663/1767/1377 824/1768/1745
f 829/1766/1744 824/1768/1745 823/1211/1203
f 823/1211/1203 824/1768/1745 818/1209/1201
f 663/1767/1377 664/1769/1379 824/1768/1745
f 824/1768/1745 664/1769/1379 819/1770/1746
f 824/1768/1745 819/1770/1746 818/1209/1201
f 818/1209/1201 819/1770/1746 813/1207/1199
f 664/1769/1379 665/1771/1381 819/1770/1746
f 819/1770/1746 665/1771/1381 814/1772/1747
f 819/1770/1746 814/1772/1747 813/1207/1199
f 813/1207/1199 814/1772/1747 808/1205/1197
f 665/1771/1381 666/1773/1383 814/1772/1747
f 814/1772/1747 666/1773/1383 809/1774/1748
f 814/1772/1747 809/1774/1748 808/1205/1197
f 808/1205/1197 809/1774/1748 803/1203/1195
f 666/1773/1383 667/1775/1385 809/1774/1748
f 809/1774/1748 667/1775/1385 804/1776/1749
f 809/1774/1748 804/1776/1749 803/1203/1195
f 803/1203/1195 804/1776/1749 798/1201/1193
f 667/1775/1385 668/1777/1387 804/1776/1749
f 804/1776/1749 668/1777/1387 799/1778/1750
f 804/1776/1749 799/1778/1750 798/1201/1193
f 798/1201/1193 799/1778/1750 793/1199/1191
f 668/1777/1387 669/1779/1389 799/1778/1750
f 799/1778/1750 669/1779/1389 794/1780/1751
f 799/1778/1750 794/1780/1751 793/1199/1191
f 793/1199/1191 794/1780/1751 788/1197/1189
f 669/1779/1389 670/1781/1391 794/1780/1751
f 794/1780/1751 670/1781/1391 789/1782/1752
f 794/1780/1751 789/1782/1752 788/1197/1189
f 788/1197/1189 789/1782/1752 783/1195/1187
f 670/1781/1391 671/1783/1393 789/1782/1752
f 789/1782/1752 671/1783/1393 784/1784/1753
f 789/1782/1752 784/1784/1753 783/1195/1187
f 783/1195/1187 784/1784/1753 778/1193/1185
f 671/1783/1393 672/1785/1395 784/1784/1753
f 784/1784/1753 672/1785/1395 779/1786/1754
f 784/1784/1753 779/1786/1754 778/1193/1185
f 778/1193/1185 779/1786/1754 773/1191/1183
f 672/1785/1395 673/1787/1397 779/1786/1754
f 779/1786/1754 673/1787/1397 774/1788/1755
f 779/1786/1754 774/1788/1755 773/1191/1183
f 773/1191/1183 774/1788/1755 768/1189/1181
f 673/1787/1397 674/1789/1399 774/1788/1755
f 774/1788/1755 674/1789/1399 769/1790/1756
f 774/1788/1755 769/1790/1756 768/1189/1181
f 768/1189/1181 769/1790/1756 758/1187/1179
f 674/1789/1399 675/1791/1401 769/1790/1756
f 769/1790/1756 675/1791/1401 759/1792/1757
f 769/1790/1756 759/1792/1757 758/1187/1179
f 758/1187/1179 759/1792/1757 761/1185/1177
f 675/1791/1401 676/1793/1403 759/1792/1757
f 759/1792/1757 676/1793/1403 760/1794/1758
f 759/1792/1757 760/1794/1758 761/1185/1177
f 761/1185/1177 760/1794/1758 1178/1183/1175
f 676/1793/1403 677/1795/1405 760/1794/1758
f 760/1794/1758 677/1795/1405 1179/1796/1759
f 760/1794/1758 1179/1796/1759 1178/1183/1175
f 1178/1183/1175 1179/1796/1759 1173/1181/1173
f 677/1795/1405 678/1797/1407 1179/1796/1759
f 1179/1796/1759 678/1797/1407 1174/1798/1760
f 1179/1796/1759 1174/1798/1760 1173/1181/1173
f 1173/1181/1173 1174/1798/1760 1168/1179/1171
f 678/1797/1407 679/1799/1409 1174/1798/1760
f 1174/1798/1760 679/1799/1409 1169/1800/1761
f 1174/1798/1760 1169/1800/1761 1168/1179/1171
f 1168/1179/1171 1169/1800/1761 1163/1177/1169
f 679/1799/1409 680/1801/1411 1169/1800/1761
f 1169/1800/1761 680/1801/1411 1164/1802/1762
f 1169/1800/1761 1164/1802/1762 1163/1177/1169
f 1163/1177/1169 1164/1802/1762 1158/1175/1167
f 680/1801/1411 681/1803/1413 1164/1802/1762
f 1164/1802/1762 681/1803/1413 1159/1804/1763
f 1164/1802/1762 1159/1804/1763 1158/1175/1167
f 1158/1175/1167 1159/1804/1763 1153/1173/1165
f 681/1803/1413 682/1805/1415 1159/1804/1763
f 1159/1804/1763 682/1805/1415 1154/1806/1764
f 1159/1804/1763 1154/1806/1764 1153/1173/1165
f 1153/1173/1165 1154/1806/1764 1148/1171/1163
f 682/1805/1415 683/1807/1417 1154/1806/1764
f 1154/1806/1764 683/1807/1417 1149/1808/1765
f 1154/1806/1764 1149/1808/1765 1148/1171/1163
f 1148/1171/1163 1149/1808/1765 1143/1169/1161
f 683/1807/1417 684/1809/1419 1149/1808/1765
f 1149/1808/1765 684/1809/1419 1144/1810/1766
f 1149/1808/1765 1144/1810/1766 1143/1169/1161
f 1143/1169/1161 1144/1810/1766 1138/1167/1159
f 684/1809/1419 685/1811/1421 1144/1810/1766
f 1144/1810/1766 685/1811/1421 1139/1812/1767
f 1144/1810/1766 1139/1812/1767 1138/1167/1159
f 1138/1167/1159 1139/1812/1767 1133/1165/1157
f 685/1811/1421 686/1813/1423 1139/1812/1767
f 1139/1812/1767 686/1813/1423 1134/1814/1768
f 1139/1812/1767 1134/1814/1768 1133/1165/1157
f 1133/1165/1157 1134/1814/1768 1128/1163/1155
f 686/1813/1423 687/1815/1769 1134/1814/1768
f 1134/1814/1768 687/1815/1769 1129/1816/1770
f 1134/1814/1768 1129/1816/1770 1128/1163/1155
f 1128/1163/1155 1129/1816/1770 1124/1161/1153
f 687/1815/1769 688/1817/1771 1129/1816/1770
f 1129/1816/1770 688/1817/1771 689/1818/1772
f 1129/1816/1770 689/1818/1772 1124/1161/1153
f 1124/1161/1153 689/1818/1772 1119/1159/1151
f 688/1819/1771 687/1820/1769 1239/1437/1425
f 1239/1437/1425 687/1820/1769 686/1435/1423
f 1114/1157/1149 1119/1159/1151 690/1821/1773
f 690/1821/1773 1119/1159/1151 689/1818/1772
f 690/1822/1773 689/1823/1772 1249/1441/1429
f 1249/1441/1429 689/1823/1772 1244/1439/1427
f 1239/1437/1425 1244/1439/1427 688/1819/1771
f 688/1819/1771 1244/1439/1427 689/1823/1772
f 1109/1155/1147 1114/1157/1149 691/1824/1774
f 691/1824/1774 1114/1157/1149 690/1821/1773
f 691/1825/1774 690/1822/1773 1254/1443/1431
f 1254/1443/1431 690/1822/1773 1249/1441/1429
f 1104/1153/1145 1109/1155/1147 692/1826/1775
f 692/1826/1775 1109/1155/1147 691/1824/1774
f 692/1827/1775 691/1825/1774 1259/1445/1433
f 1259/1445/1433 691/1825/1774 1254/1443/1431
f 1099/1151/1143 1104/1153/1145 693/1828/1776
f 693/1828/1776 1104/1153/1145 692/1826/1775
f 693/1829/1776 692/1827/1775 1264/1447/1435
f 1264/1447/1435 692/1827/1775 1259/1445/1433
f 1094/1149/1141 1099/1151/1143 694/1830/1777
f 694/1830/1777 1099/1151/1143 693/1828/1776
f 694/1831/1777 693/1829/1776 1269/1449/1437
f 1269/1449/1437 693/1829/1776 1264/1447/1435
f 1089/1147/1139 1094/1149/1141 695/1832/1778
f 695/1832/1778 1094/1149/1141 694/1830/1777
f 695/1833/1778 694/1831/1777 1274/1451/1439
f 1274/1451/1439 694/1831/1777 1269/1449/1437
f 1084/1145/1137 1089/1147/1139 696/1834/1779
f 696/1834/1779 1089/1147/1139 695/1832/1778
f 696/1835/1779 695/1833/1778 1279/1453/1441
f 1279/1453/1441 695/1833/1778 1274/1451/1439
f 1079/1143/1135 1084/1145/1137 697/1836/1780
f 697/1836/1780 1084/1145/1137 696/1834/1779
f 697/1837/1780 696/1835/1779 1284/1455/1443
f 1284/1455/1443 696/1835/1779 1279/1453/1441
f 1074/1141/1133 1079/1143/1135 698/1838/1781
f 698/1838/1781 1079/1143/1135 697/1836/1780
f 698/1839/1781 697/1837/1780 1289/1457/1445
f 1289/1457/1445 697/1837/1780 1284/1455/1443
f 1069/1139/1131 1074/1141/1133 699/1840/1782
f 699/1840/1782 1074/1141/1133 698/1838/1781
f 699/1841/1782 698/1839/1781 1294/1459/1447
f 1294/1459/1447 698/1839/1781 1289/1457/1445
f 1064/1137/1129 1069/1139/1131 700/1842/1783
f 700/1842/1783 1069/1139/1131 699/1840/1782
f 700/1843/1783 699/1841/1782 1299/1461/1449
f 1299/1461/1449 699/1841/1782 1294/1459/1447
f 1059/1135/1127 1064/1137/1129 701/1844/1784
f 701/1844/1784 1064/1137/1129 700/1842/1783
f 701/1845/1784 700/1843/1783 1304/1463/1451
f 1304/1463/1451 700/1843/1783 1299/1461/1449
f 1054/1133/1125 1059/1135/1127 702/1846/1785
f 702/1846/1785 1059/1135/1127 701/1844/1784
f 702/1847/1785 701/1845/1784 1309/1465/1453
f 1309/1465/1453 701/1845/1784 1304/1463/1451
f 1049/1131/1123 1054/1133/1125 703/1848/1786
f 703/1848/1786 1054/1133/1125 702/1846/1785
f 703/1849/1786 702/1847/1785 1314/1467/1455
f 1314/1467/1455 702/1847/1785 1309/1465/1453
f 1044/1129/1121 1049/1131/1123 704/1850/1787
f 704/1850/1787 1049/1131/1123 703/1848/1786
f 704/1851/1787 703/1849/1786 1319/1469/1457
f 1319/1469/1457 703/1849/1786 1314/1467/1455
f 1039/1127/1119 1044/1129/1121 705/1852/1788
f 705/1852/1788 1044/1129/1121 704/1850/1787
f 705/1853/1788 704/1851/1787 1324/1471/1459
f 1324/1471/1459 704/1851/1787 1319/1469/1457
f 1034/1125/1117 1039/1127/1119 706/1854/1789
f 706/1854/1789 1039/1127/1119 705/1852/1788
f 706/1855/1789 705/1853/1788 1329/1473/1461
f 1329/1473/1461 705/1853/1788 1324/1471/1459
f 1029/1123/1115 1034/1125/1117 707/1856/1790
f 707/1856/1790 1034/1125/1117 706/1854/1789
f 707/1857/1790 706/1855/1789 1334/1475/1463
f 1334/1475/1463 706/1855/1789 1329/1473/1461
f 1024/1121/1113 1029/1123/1115 708/1858/1791
f 708/1858/1791 1029/1123/1115 707/1856/1790
f 708/1859/1791 707/1857/1790 1339/1477/1465
f 1339/1477/1465 707/1857/1790 1334/1475/1463
f 1019/1119/1111 1024/1121/1113 709/1860/1792
f 709/1860/1792 1024/1121/1113 708/1858/1791
f 709/1861/1792 708/1859/1791 1344/1479/1467
f 1344/1479/1467 708/1859/1791 1339/1477/1465
f 1014/1117/1109 1019/1119/1111 710/1862/1793
f 710/1862/1793 1019/1119/1111 709/1860/1792
f 710/1863/1793 709/1861/1792 1349/1481/1469
f 1349/1481/1469 709/1861/1792 1344/1479/1467
f 1009/1115/1107 1014/1117/1109 711/1864/1794
f 711/1864/1794 1014/1117/1109 710/1862/1793
f 711/1865/1794 710/1863/1793 1354/1483/1471
f 1354/1483/1471 710/1863/1793 1349/1481/1469
f 1004/1113/1105 1009/1115/1107 712/1866/1795
f 712/1866/1795 1009/1115/1107 711/1864/1794
f 712/1867/1795 711/1865/1794 1359/1485/1473
f 1359/1485/1473 711/1865/1794 1354/1483/1471
f 999/1111/1103 1004/1113/1105 713/1868/1796
f 713/1868/1796 1004/1113/1105 712/1866/1795
f 713/1869/1796 712/1867/1795 1364/1487/1475
f 1364/1487/1475 712/1867/1795 1359/1485/1473
f 994/1109/1101 999/1111/1103 714/1870/1797
f 714/1870/1797 999/1111/1103 713/1868/1796
f 714/1871/1797 713/1869/1796 1369/1489/1477
f 1369/1489/1477 713/1869/1796 1364/1487/1475
f 989/1107/1099 994/1109/1101 715/1872/1798
f 715/1872/1798 994/1109/1101 714/1870/1797
f 715/1873/1798 714/1871/1797 1374/1491/1479
f 1374/1491/1479 714/1871/1797 1369/1489/1477
f 984/1105/1097 989/1107/1099 716/1874/1799
f 716/1874/1799 989/1107/1099 715/1872/1798
f 716/1875/1799 715/1873/1798 1379/1493/1481
f 1379/1493/1481 715/1873/1798 1374/1491/1479
f 979/1103/1095 984/1105/1097 717/1876/1800
f 717/1876/1800 984/1105/1097 716/1874/1799
f 717/1877/1800 716/1875/1799 1384/1495/1483
f 1384/1495/1483 716/1875/1799 1379/1493/1481
f 974/1101/1093 979/1103/1095 718/1878/1801
f 718/1878/1801 979/1103/1095 717/1876/1800
f 718/1879/1801 717/1877/1800 1389/1497/1485
f 1389/1497/1485 717/1877/1800 1384/1495/1483
f 969/1099/1091 974/1101/1093 719/1880/1802
f 719/1880/1802 974/1101/1093 718/1878/1801
f 719/1881/1802 718/1879/1801 1394/1499/1487
f 1394/1499/1487 718/1879/1801 1389/1497/1485
f 964/1097/1089 969/1099/1091 720/1882/1803
f 720/1882/1803 969/1099/1091 719/1880/1802
f 720/1883/1803 719/1881/1802 1399/1501/1489
f 1399/1501/1489 719/1881/1802 1394/1499/1487
f 959/1095/1087 964/1097/1089 721/1884/1804
f 721/1884/1804 964/1097/1089 720/1882/1803
f 721/1885/1804 720/1883/1803 1404/1503/1491
f 1404/1503/1491 720/1883/1803 1399/1501/1489
f 954/1093/1085 959/1095/1087 722/1886/1805
f 722/1886/1805 959/1095/1087 721/1884/1804
f 722/1887/1805 721/1885/1804 1409/1505/1493
f 1409/1505/1493 721/1885/1804 1404/1503/1491
f 949/1091/1083 954/1093/1085 723/1888/1806
f 723/1888/1806 954/1093/1085 722/1886/1805
f 723/1889/1806 722/1887/1805 1414/1507/1495
f 1414/1507/1495 722/1887/1805 1409/1505/1493
f 944/1089/1081 949/1091/1083 724/1890/1807
f 724/1890/1807 949/1091/1083 723/1888/1806
f 724/1891/1807 723/1889/1806 1419/1509/1497
f 1419/1509/1497 723/1889/1806 1414/1507/1495
f 939/1087/1079 944/1089/1081 725/1892/1808
f 725/1892/1808 944/1089/1081 724/1890/1807
f 725/1893/1808 724/1891/1807 1424/1511/1499
f 1424/1511/1499 724/1891/1807 1419/1509/1497
f 934/1085/1077 939/1087/1079 726/1894/1809
f 726/1894/1809 939/1087/1079 725/1892/1808
f 726/1895/1809 725/1893/1808 1429/1513/1501
f 1429/1513/1501 725/1893/1808 1424/1511/1499
f 929/1083/1075 934/1085/1077 727/1896/1810
f 727/1896/1810 934/1085/1077 726/1894/1809
f 727/1897/1810 726/1895/1809 1434/1515/1503
f 1434/1515/1503 726/1895/1809 1429/1513/1501
f 924/1081/1073 929/1083/1075 728/1898/1811
f 728/1898/1811 929/1083/1075 727/1896/1810
f 728/1899/1811 727/1897/1810 1439/1517/1505
f 1439/1517/1505 727/1897/1810 1434/1515/1503
f 919/1079/1071 924/1081/1073 729/1900/1812
f 729/1900/1812 924/1081/1073 728/1898/1811
f 729/1901/1812 728/1899/1811 1444/1519/1507
f 1444/1519/1507 728/1899/1811 1439/1517/1505
f 914/1077/1069 919/1079/1071 730/1902/1813
f 730/1902/1813 919/1079/1071 729/1900/1812
f 730/1903/1813 729/1901/1812 1449/1521/1509
f 1449/1521/1509 729/1901/1812 1444/1519/1507
f 732/1075/1067 914/1077/1069 731/1904/1814
f 731/1904/1814 914/1077/1069 730/1902/1813
f 731/1905/1814 730/1903/1813 1454/1523/1511
f 1454/1523/1511 730/1903/1813 1449/1521/1509
f 1454/1523/1511 1459/1525/1513 731/1905/1814
f 731/1905/1814 1459/1525/1513 732/1906/1067
f 1459/1525/1513 1464/1527/1515 732/1906/1067
f 732/1906/1067 1464/1527/1515 733/1907/1065
f 1464/1527/1515 1469/1529/1517 733/1907/1065
f 733/1907/1065 1469/1529/1517 734/1908/1063
f 1469/1529/1517 1474/1531/1519 734/1908/1063
f 734/1908/1063 1474/1531/1519 735/1909/1061
f 1474/1531/1519 1479/1533/1521 735/1909/1061
f 735/1909/1061 1479/1533/1521 736/1910/1059
f 1479/1533/1521 1484/1535/1523 736/1910/1059
f 736/1910/1059 1484/1535/1523 737/1911/1057
f 1484/1535/1523 1489/1537/1525 737/1911/1057
f 737/1911/1057 1489/1537/1525 738/1912/1055
f 1489/1537/1525 1494/1539/1527 738/1912/1055
f 738/1912/1055 1494/1539/1527 739/1913/1053
f 1494/1539/1527 1499/1541/1529 739/1913/1053
f 739/1913/1053 1499/1541/1529 740/1914/1051
f 1499/1541/1529 1504/1543/1531 740/1914/1051
f 740/1914/1051 1504/1543/1531 741/1915/1049
f 1504/1543/1531 1509/1545/1533 741/1915/1049
f 741/1915/1049 1509/1545/1533 742/1916/1047
f 1519/1549/1537 744/1757/1043 743/1917/1045
f 1509/1545/1533 1514/1547/1535 742/1916/1047
f 742/1916/1047 1514/1547/1535 743/1917/1045
f 1514/1547/1535 1519/1549/1537 743/1917/1045
f 746/1366/1356 747/1222/1214 841/1365/1355
f 841/1365/1355 747/1222/1214 842/1220/1212
f 841/1365/1355 842/1220/1212 836/1364/1354
f 836/1364/1354 842/1220/1212 837/1218/1210
f 836/1364/1354 837/1218/1210 831/1363/1353
f 831/1363/1353 837/1218/1210 832/1216/1208
f 831/1363/1353 832/1216/1208 826/1362/1352
f 826/1362/1352 832/1216/1208 827/1214/1206
f 826/1362/1352 827/1214/1206 821/1361/1351
f 821/1361/1351 827/1214/1206 822/1212/1204
f 821/1361/1351 822/1212/1204 816/1360/1350
f 816/1360/1350 822/1212/1204 817/1210/1202
f 816/1360/1350 817/1210/1202 811/1359/1349
f 811/1359/1349 817/1210/1202 812/1208/1200
f 811/1359/1349 812/1208/1200 806/1358/1348
f 806/1358/1348 812/1208/1200 807/1206/1198
f 806/1358/1348 807/1206/1198 801/1357/1347
f 801/1357/1347 807/1206/1198 802/1204/1196
f 801/1357/1347 802/1204/1196 796/1356/1346
f 796/1356/1346 802/1204/1196 797/1202/1194
f 796/1356/1346 797/1202/1194 791/1355/1345
f 791/1355/1345 797/1202/1194 792/1200/1192
f 791/1355/1345 792/1200/1192 786/1354/1344
f 786/1354/1344 792/1200/1192 787/1198/1190
f 786/1354/1344 787/1198/1190 781/1353/1343
f 781/1353/1343 787/1198/1190 782/1196/1188
f 781/1353/1343 782/1196/1188 776/1352/1342
f 776/1352/1342 782/1196/1188 777/1194/1186
f 776/1352/1342 777/1194/1186 771/1351/1341
f 771/1351/1341 777/1194/1186 772/1192/1184
f 771/1351/1341 772/1192/1184 766/1350/1340
f 766/1350/1340 772/1192/1184 767/1190/1182
f 766/1350/1340 767/1190/1182 756/1349/1339
f 756/1349/1339 767/1190/1182 757/1188/1180
f 756/1349/1339 757/1188/1180 763/1348/1338
f 763/1348/1338 757/1188/1180 762/1186/1178
f 763/1348/1338 762/1186/1178 1176/1347/1337
f 1176/1347/1337 762/1186/1178 1177/1184/1176
f 1176/1347/1337 1177/1184/1176 1171/1346/1336
f 1171/1346/1336 1177/1184/1176 1172/1182/1174
f 1171/1346/1336 1172/1182/1174 1166/1345/1335
f 1166/1345/1335 1172/1182/1174 1167/1180/1172
f 1166/1345/1335 1167/1180/1172 1161/1344/1334
f 1161/1344/1334 1167/1180/1172 1162/1178/1170
f 1161/1344/1334 1162/1178/1170 1156/1343/1333
f 1156/1343/1333 1162/1178/1170 1157/1176/1168
f 1156/1343/1333 1157/1176/1168 1151/1342/1332
f 1151/1342/1332 1157/1176/1168 1152/1174/1166
f 1151/1342/1332 1152/1174/1166 1146/1341/1331
f 1146/1341/1331 1152/1174/1166 1147/1172/1164
f 1146/1341/1331 1147/1172/1164 1141/1340/1330
f 1141/1340/1330 1147/1172/1164 1142/1170/1162
f 1141/1340/1330 1142/1170/1162 1136/1339/1329
f 1136/1339/1329 1142/1170/1162 1137/1168/1160
f 1136/1339/1329 1137/1168/1160 1131/1338/1328
f 1131/1338/1328 1137/1168/1160 1132/1166/1158
f 1131/1338/1328 1132/1166/1158 1126/1337/1327
f 1126/1337/1327 1132/1166/1158 1127/1164/1156
f 1126/1337/1327 1127/1164/1156 1122/1335/1325
f 1122/1335/1325 1127/1164/1156 1123/1162/1154
f 1122/1335/1325 1123/1162/1154 1117/1333/1323
f 1117/1333/1323 1123/1162/1154 1118/1160/1152
f 1117/1333/1323 1118/1160/1152 1112/1331/1321
f 1112/1331/1321 1118/1160/1152 1113/1158/1150
f 1112/1331/1321 1113/1158/1150 1107/1329/1319
f 1107/1329/1319 1113/1158/1150 1108/1156/1148
f 1107/1329/1319 1108/1156/1148 1102/1327/1317
f 1102/1327/1317 1108/1156/1148 1103/1154/1146
f 1102/1327/1317 1103/1154/1146 1097/1325/1315
f 1097/1325/1315 1103/1154/1146 1098/1152/1144
f 1097/1325/1315 1098/1152/1144 1092/1323/1313
f 1092/1323/1313 1098/1152/1144 1093/1150/1142
f 1092/1323/1313 1093/1150/1142 1087/1321/1311
f 1087/1321/1311 1093/1150/1142 1088/1148/1140
f 1087/1321/1311 1088/1148/1140 1082/1319/1309
f 1082/1319/1309 1088/1148/1140 1083/1146/1138
f 1082/1319/1309 1083/1146/1138 1077/1317/1307
f 1077/1317/1307 1083/1146/1138 1078/1144/1136
f 1077/1317/1307 1078/1144/1136 1072/1315/1305
f 1072/1315/1305 1078/1144/1136 1073/1142/1134
f 1072/1315/1305 1073/1142/1134 1067/1313/1303
f 1067/1313/1303 1073/1142/1134 1068/1140/1132
f 1067/1313/1303 1068/1140/1132 1062/1311/1301
f 1062/1311/1301 1068/1140/1132 1063/1138/1130
f 1062/1311/1301 1063/1138/1130 1057/1309/1299
f 1057/1309/1299 1063/1138/1130 1058/1136/1128
f 1057/1309/1299 1058/1136/1128 1052/1307/1297
f 1052/1307/1297 1058/1136/1128 1053/1134/1126
f 1052/1307/1297 1053/1134/1126 1047/1305/1295
f 1047/1305/1295 1053/1134/1126 1048/1132/1124
f 1047/1305/1295 1048/1132/1124 1042/1303/1293
f 1042/1303/1293 1048/1132/1124 1043/1130/1122
f 1042/1303/1293 1043/1130/1122 1037/1301/1291
f 1037/1301/1291 1043/1130/1122 1038/1128/1120
f 1037/1301/1291 1038/1128/1120 1032/1299/1289
f 1032/1299/1289 1038/1128/1120 1033/1126/1118
f 1032/1299/1289 1033/1126/1118 1027/1297/1287
f 1027/1297/1287 1033/1126/1118 1028/1124/1116
f 1027/1297/1287 1028/1124/1116 1022/1295/1285
f 1022/1295/1285 1028/1124/1116 1023/1122/1114
f 1022/1295/1285 1023/1122/1114 1017/1293/1283
f 1017/1293/1283 1023/1122/1114 1018/1120/1112
f 1017/1293/1283 1018/1120/1112 1012/1291/1281
f 1012/1291/1281 1018/1120/1112 1013/1118/1110
f 1012/1291/1281 1013/1118/1110 1007/1289/1279
f 1007/1289/1279 1013/1118/1110 1008/1116/1108
f 1007/1289/1279 1008/1116/1108 1002/1287/1277
f 1002/1287/1277 1008/1116/1108 1003/1114/1106
f 1002/1287/1277 1003/1114/1106 997/1285/1275
f 997/1285/1275 1003/1114/1106 998/1112/1104
f 997/1285/1275 998/1112/1104 992/1283/1273
f 992/1283/1273 998/1112/1104 993/1110/1102
f 992/1283/1273 993/1110/1102 987/1281/1271
f 987/1281/1271 993/1110/1102 988/1108/1100
f 987/1281/1271 988/1108/1100 982/1279/1269
f 982/1279/1269 988/1108/1100 983/1106/1098
f 982/1279/1269 983/1106/1098 977/1277/1267
f 977/1277/1267 983/1106/1098 978/1104/1096
f 977/1277/1267 978/1104/1096 972/1275/1265
f 972/1275/1265 978/1104/1096 973/1102/1094
f 972/1275/1265 973/1102/1094 967/1273/1263
f 967/1273/1263 973/1102/1094 968/1100/1092
f 967/1273/1263 968/1100/1092 962/1271/1261
f 962/1271/1261 968/1100/1092 963/1098/1090
f 962/1271/1261 963/1098/1090 957/1269/1259
f 957/1269/1259 963/1098/1090 958/1096/1088
f 957/1269/1259 958/1096/1088 952/1267/1257
f 952/1267/1257 958/1096/1088 953/1094/1086
f 952/1267/1257 953/1094/1086 947/1265/1255
f 947/1265/1255 953/1094/1086 948/1092/1084
f 947/1265/1255 948/1092/1084 942/1263/1253
f 942/1263/1253 948/1092/1084 943/1090/1082
f 942/1263/1253 943/1090/1082 937/1261/1251
f 937/1261/1251 943/1090/1082 938/1088/1080
f 937/1261/1251 938/1088/1080 932/1259/1249
f 932/1259/1249 938/1088/1080 933/1086/1078
f 932/1259/1249 933/1086/1078 927/1257/1247
f 927/1257/1247 933/1086/1078 928/1084/1076
f 927/1257/1247 928/1084/1076 922/1255/1245
f 922/1255/1245 928/1084/1076 923/1082/1074
f 922/1255/1245 923/1082/1074 917/1253/1243
f 917/1253/1243 923/1082/1074 918/1080/1072
f 917/1253/1243 918/1080/1072 912/1251/1241
f 912/1251/1241 918/1080/1072 913/1078/1070
f 912/1251/1241 913/1078/1070 908/1249/1239
f 908/1249/1239 913/1078/1070 909/1076/1068
f 908/1249/1239 909/1076/1068 903/1247/1237
f 903/1247/1237 909/1076/1068 904/1074/1066
f 903/1247/1237 904/1074/1066 898/1245/1235
f 898/1245/1235 904/1074/1066 899/1072/1064
f 898/1245/1235 899/1072/1064 893/1243/1233
f 893/1243/1233 899/1072/1064 894/1070/1062
f 893/1243/1233 894/1070/1062 888/1241/1231
f 888/1241/1231 894/1070/1062 889/1068/1060
f 888/1241/1231 889/1068/1060 883/1239/1229
f 883/1239/1229 889/1068/1060 884/1066/1058
f 883/1239/1229 884/1066/1058 878/1237/1227
f 878/1237/1227 884/1066/1058 879/1064/1056
f 878/1237/1227 879/1064/1056 873/1235/1225
f 873/1235/1225 879/1064/1056 874/1062/1054
f 873/1235/1225 874/1062/1054 868/1233/1223
f 868/1233/1223 874/1062/1054 869/1060/1052
f 868/1233/1223 869/1060/1052 863/1231/1221
f 863/1231/1221 869/1060/1052 864/1058/1050
f 863/1231/1221 864/1058/1050 858/1229/1219
f 858/1229/1219 864/1058/1050 859/1056/1048
f 858/1229/1219 859/1056/1048 853/1227/1217
f 853/1227/1217 859/1056/1048 854/1054/1046
f 853/1227/1217 854/1054/1046 848/1225/1215
f 848/1225/1215 854/1054/1046 849/1052/1044
f 848/1225/1215 849/1052/1044 748/1223/1213
f 748/1223/1213 849/1052/1044 749/1050/1042
f 748/1221/1213 749/1918/1042 843/1219/1211
f 843/1219/1211 749/1918/1042 844/1761/1741
f 843/1219/1211 844/1761/1741 838/1217/1209
f 747/1224/1214 746/1367/1356 847/1226/1216
f 847/1226/1216 746/1367/1356 846/1368/1357
f 847/1226/1216 846/1368/1357 852/1228/1218
f 852/1228/1218 846/1368/1357 851/1369/1358
f 852/1228/1218 851/1369/1358 857/1230/1220
f 857/1230/1220 851/1369/1358 856/1370/1359
f 857/1230/1220 856/1370/1359 862/1232/1222
f 862/1232/1222 856/1370/1359 861/1371/1360
f 862/1232/1222 861/1371/1360 867/1234/1224
f 867/1234/1224 861/1371/1360 866/1372/1361
f 867/1234/1224 866/1372/1361 872/1236/1226
f 872/1236/1226 866/1372/1361 871/1373/1362
f 872/1236/1226 871/1373/1362 877/1238/1228
f 877/1238/1228 871/1373/1362 876/1374/1363
f 877/1238/1228 876/1374/1363 882/1240/1230
f 882/1240/1230 876/1374/1363 881/1375/1364
f 882/1240/1230 881/1375/1364 887/1242/1232
f 887/1242/1232 881/1375/1364 886/1376/1365
f 887/1242/1232 886/1376/1365 892/1244/1234
f 892/1244/1234 886/1376/1365 891/1377/1366
f 892/1244/1234 891/1377/1366 897/1246/1236
f 897/1246/1236 891/1377/1366 896/1378/1367
f 897/1246/1236 896/1378/1367 902/1248/1238
f 902/1248/1238 896/1378/1367 901/1379/1368
f 902/1248/1238 901/1379/1368 907/1250/1240
f 907/1250/1240 901/1379/1368 906/1380/1369
f 907/1250/1240 906/1380/1369 911/1252/1242
f 911/1252/1242 906/1380/1369 910/700/694
f 911/1252/1242 910/700/694 916/1254/1244
f 916/1254/1244 910/700/694 915/702/696
f 916/1254/1244 915/702/696 921/1256/1246
f 921/1256/1246 915/702/696 920/705/699
f 921/1256/1246 920/705/699 926/1258/1248
f 926/1258/1248 920/705/699 925/707/701
f 926/1258/1248 925/707/701 931/1260/1250
f 931/1260/1250 925/707/701 930/710/704
f 931/1260/1250 930/710/704 936/1262/1252
f 936/1262/1252 930/710/704 935/712/706
f 936/1262/1252 935/712/706 941/1264/1254
f 941/1264/1254 935/712/706 940/715/709
f 941/1264/1254 940/715/709 946/1266/1256
f 946/1266/1256 940/715/709 945/717/711
f 946/1266/1256 945/717/711 951/1268/1258
f 951/1268/1258 945/717/711 950/720/714
f 951/1268/1258 950/720/714 956/1270/1260
f 956/1270/1260 950/720/714 955/722/716
f 956/1270/1260 955/722/716 961/1272/1262
f 961/1272/1262 955/722/716 960/725/719
f 961/1272/1262 960/725/719 966/1274/1264
f 966/1274/1264 960/725/719 965/727/721
f 966/1274/1264 965/727/721 971/1276/1266
f 971/1276/1266 965/727/721 970/730/724
f 971/1276/1266 970/730/724 976/1278/1268
f 976/1278/1268 970/730/724 975/732/726
f 976/1278/1268 975/732/726 981/1280/1270
f 981/1280/1270 975/732/726 980/735/729
f 981/1280/1270 980/735/729 986/1282/1272
f 986/1282/1272 980/735/729 985/737/731
f 986/1282/1272 985/737/731 991/1284/1274
f 991/1284/1274 985/737/731 990/740/734
f 991/1284/1274 990/740/734 996/1286/1276
f 996/1286/1276 990/740/734 995/742/736
f 996/1286/1276 995/742/736 1001/1288/1278
f 1001/1288/1278 995/742/736 1000/745/739
f 1001/1288/1278 1000/745/739 1006/1290/1280
f 1006/1290/1280 1000/745/739 1005/747/741
f 1006/1290/1280 1005/747/741 1011/1292/1282
f 1011/1292/1282 1005/747/741 1010/750/744
f 1011/1292/1282 1010/750/744 1016/1294/1284
f 1016/1294/1284 1010/750/744 1015/752/746
f 1016/1294/1284 1015/752/746 1021/1296/1286
f 1021/1296/1286 1015/752/746 1020/754/748
f 1021/1296/1286 1020/754/748 1026/1298/1288
f 1026/1298/1288 1020/754/748 1025/757/751
f 1026/1298/1288 1025/757/751 1031/1300/1290
f 1031/1300/1290 1025/757/751 1030/759/753
f 1031/1300/1290 1030/759/753 1036/1302/1292
f 1036/1302/1292 1030/759/753 1035/762/756
f 1036/1302/1292 1035/762/756 1041/1304/1294
f 1041/1304/1294 1035/762/756 1040/764/758
f 1041/1304/1294 1040/764/758 1046/1306/1296
f 1046/1306/1296 1040/764/758 1045/767/761
f 1046/1306/1296 1045/767/761 1051/1308/1298
f 1051/1308/1298 1045/767/761 1050/769/763
f 1051/1308/1298 1050/769/763 1056/1310/1300
f 1056/1310/1300 1050/769/763 1055/772/766
f 1056/1310/1300 1055/772/766 1061/1312/1302
f 1061/1312/1302 1055/772/766 1060/774/768
f 1061/1312/1302 1060/774/768 1066/1314/1304
f 1066/1314/1304 1060/774/768 1065/777/771
f 1066/1314/1304 1065/777/771 1071/1316/1306
f 1071/1316/1306 1065/777/771 1070/779/773
f 1071/1316/1306 1070/779/773 1076/1318/1308
f 1076/1318/1308 1070/779/773 1075/782/776
f 1076/1318/1308 1075/782/776 1081/1320/1310
f 1081/1320/1310 1075/782/776 1080/784/778
f 1081/1320/1310 1080/784/778 1086/1322/1312
f 1086/1322/1312 1080/784/778 1085/787/781
f 1086/1322/1312 1085/787/781 1091/1324/1314
f 1091/1324/1314 1085/787/781 1090/789/783
f 1091/1324/1314 1090/789/783 1096/1326/1316
f 1096/1326/1316 1090/789/783 1095/792/786
f 1096/1326/1316 1095/792/786 1101/1328/1318
f 1101/1328/1318 1095/792/786 1100/794/788
f 1101/1328/1318 1100/794/788 1106/1330/1320
f 1106/1330/1320 1100/794/788 1105/797/791
f 1106/1330/1320 1105/797/791 1111/1332/1322
f 1111/1332/1322 1105/797/791 1110/799/793
f 1111/1332/1322 1110/799/793 1116/1334/1324
f 1116/1334/1324 1110/799/793 1115/802/796
f 1116/1334/1324 1115/802/796 1121/1336/1326
f 1121/1336/1326 1115/802/796 1120/804/798
f 1121/1336/1326 1120/804/798 1125/807/801
f 749/1918/1042 659/1759/1041 844/1761/1741
f 1616/1919/1815 1605/1920/1816 283/1921/1817
f 283/1921/1817 1605/1920/1816 1606/1922/1818
f 283/1921/1817 1606/1922/1818 227/1923/1819
f 227/1923/1819 1606/1922/1818 1607/1924/1820
f 227/1923/1819 1607/1924/1820 1608/1925/1821
f 227/1923/1819 1608/1925/1821 228/1926/1822
f 228/1926/1822 1608/1925/1821 1609/1927/1823
f 228/1926/1822 1609/1927/1823 1610/1928/1824
f 228/1926/1822 1610/1928/1824 229/1929/1825
f 229/1929/1825 1610/1928/1824 1611/1930/1826
f 229/1929/1825 1611/1930/1826 230/1931/1827
f 230/1931/1827 1611/1930/1826 231/1932/1828
f 231/1932/1828 1611/1930/1826 1612/1933/1829
f 231/1932/1828 1612/1933/1829 232/1934/1830
f 232/1934/1830 1612/1933/1829 233/1935/1831
f 233/1935/1831 1612/1933/1829 234/1936/1832
f 234/1936/1832 1612/1933/1829 235/1937/1833
f 235/1937/1833 1612/1933/1829 241/1938/1834
f 235/1937/1833 241/1938/1834 236/1939/1835
f 236/1939/1835 241/1938/1834 237/1940/1836
f 237/1940/1836 241/1938/1834 238/1941/1837
f 238/1941/1837 241/1938/1834 239/1942/1838
f 239/1942/1838 241/1938/1834 240/1943/1839
f 283/1921/1817 282/1944/1840 1616/1919/1815
f 1616/1919/1815 282/1944/1840 1615/1945/1841
f 1615/1945/1841 282/1944/1840 281/1946/1842
f 1615/1945/1841 281/1946/1842 1614/1947/1843
f 1614/1947/1843 281/1946/1842 280/1948/1844
f 1614/1947/1843 280/1948/1844 279/1949/1845
f 279/1949/1845 278/1950/1846 1614/1947/1843
f 1614/1947/1843 278/1950/1846 1613/1951/1847
f 1613/1951/1847 278/1950/1846 277/1952/1848
f 1613/1951/1847 277/1952/1848 276/1953/1849
f 276/1953/1849 275/1954/1850 1613/1951/1847
f 1613/1951/1847 275/1954/1850 274/1955/1851
f 1613/1951/1847 274/1955/1851 269/1956/1852
f 269/1956/1852 274/1955/1851 273/1957/1853
f 269/1956/1852 273/1957/1853 272/1958/1854
f 272/1958/1854 271/1959/1855 269/1956/1852
f 269/1956/1852 271/1959/1855 270/1960/1856
f 1630/1961/1857 1617/1962/1858 336/1963/1859
f 336/1963/1859 1617/1962/1858 1618/1964/1860
f 336/1963/1859 1618/1964/1860 1619/1965/1861
f 336/1963/1859 1619/1965/1861 337/1966/1862
f 337/1966/1862 1619/1965/1861 1620/1967/1863
f 337/1966/1862 1620/1967/1863 1621/1968/1864
f 337/1966/1862 1621/1968/1864 338/1969/1865
f 338/1969/1865 1621/1968/1864 1622/1970/1866
f 338/1969/1865 1622/1970/1866 339/1971/1867
f 339/1971/1867 1622/1970/1866 340/1972/1868
f 340/1972/1868 1622/1970/1866 341/1973/1869
f 341/1973/1869 1622/1970/1866 1623/1974/1870
f 341/1973/1869 1623/1974/1870 342/1975/1871
f 342/1975/1871 1623/1974/1870 343/1976/1872
f 343/1976/1872 1623/1974/1870 344/1977/1873
f 344/1977/1873 1623/1974/1870 345/1978/1874
f 345/1978/1874 1623/1974/1870 350/1979/1875
f 345/1978/1874 350/1979/1875 346/1980/1876
f 346/1980/1876 350/1979/1875 347/1981/1877
f 347/1981/1877 350/1979/1875 348/1982/1878
f 348/1982/1878 350/1979/1875 349/1983/1879
f 336/1963/1859 312/1984/1880 1630/1961/1857
f 1630/1961/1857 312/1984/1880 1629/1985/1881
f 1629/1985/1881 312/1984/1880 1628/1986/1882
f 1628/1986/1882 312/1984/1880 311/1987/1883
f 1628/1986/1882 311/1987/1883 1627/1988/1884
f 1627/1988/1884 311/1987/1883 1626/1989/1885
f 1626/1989/1885 311/1987/1883 310/1990/1886
f 1626/1989/1885 310/1990/1886 1625/1991/1887
f 1625/1991/1887 310/1990/1886 309/1992/1888
f 1625/1991/1887 309/1992/1888 308/1993/1889
f 1625/1991/1887 308/1993/1889 1624/1994/1890
f 1624/1994/1890 308/1993/1889 307/1995/1891
f 1624/1994/1890 307/1995/1891 306/1996/1892
f 306/1996/1892 305/1997/1893 1624/1994/1890
f 1624/1994/1890 305/1997/1893 304/1998/1894
f 1624/1994/1890 304/1998/1894 303/1999/1895
f 1624/1994/1890 303/1999/1895 298/2000/1896
f 298/2000/1896 303/1999/1895 302/2001/1897
f 298/2000/1896 302/2001/1897 301/2002/1898
f 301/2002/1898 300/2003/1899 298/2000/1896
f 298/2000/1896 300/2003/1899 299/2004/1900
f 1631/2005/1901 1645/2006/1902 1617/2007/1903
f 1617/2007/1903 1645/2006/1902 1646/2008/1904
f 1617/2007/1903 1646/2008/1904 1618/2009/1905
f 1618/2009/1905 1646/2008/1904 1619/2010/1906
f 1619/2010/1906 1646/2008/1904 1647/2011/1907
f 1619/2010/1906 1647/2011/1907 1620/2012/1908
f 1620/2012/1908 1647/2011/1907 1621/2013/1909
f 1621/2013/1909 1647/2011/1907 1622/2014/1910
f 1622/2014/1910 1647/2011/1907 1623/2015/1911
f 1623/2015/1911 1647/2011/1907 350/2016/1912
f 350/2016/1912 1647/2011/1907 1648/2017/1913
f 350/2016/1912 1648/2017/1913 351/2018/1914
f 351/2018/1914 1648/2017/1913 1649/2019/1915
f 351/2018/1914 1649/2019/1915 352/2020/1916
f 352/2020/1916 1649/2019/1915 1650/2021/1917
f 352/2020/1916 1650/2021/1917 353/2022/1918
f 353/2022/1918 1650/2021/1917 1651/2023/1919
f 353/2022/1918 1651/2023/1919 1652/2024/1920
f 1632/2025/1921 1643/2026/1922 1631/2005/1901
f 1631/2005/1901 1643/2026/1922 1644/2027/1923
f 1631/2005/1901 1644/2027/1923 1645/2006/1902
f 1643/2026/1922 1632/2025/1921 1642/2028/1924
f 1642/2028/1924 1632/2025/1921 1633/2029/1925
f 1642/2028/1924 1633/2029/1925 1641/2030/1926
f 1641/2030/1926 1633/2029/1925 1634/2031/1927
f 1641/2030/1926 1634/2031/1927 1640/2032/1928
f 1640/2032/1928 1634/2031/1927 1635/2033/1929
f 1640/2032/1928 1635/2033/1929 1639/2034/1930
f 1639/2034/1930 1635/2033/1929 1638/2035/1931
f 1638/2035/1931 1635/2033/1929 1605/2036/1932
f 1638/2035/1931 1605/2036/1932 1637/2037/1933
f 1637/2037/1933 1605/2036/1932 1616/2038/1934
f 1637/2037/1933 1616/2038/1934 1615/2039/1935
f 1637/2037/1933 1615/2039/1935 1636/2040/1936
f 1636/2040/1936 1615/2039/1935 1614/2041/1937
f 1636/2040/1936 1614/2041/1937 1613/2042/1938
f 1613/2042/1938 269/2043/1939 1636/2040/1936
f 1636/2040/1936 269/2043/1939 1763/2044/1940
f 1763/2044/1940 269/2043/1939 268/2045/1941
f 1763/2044/1940 268/2045/1941 1762/2046/1942
f 1762/2046/1942 268/2045/1941 267/2047/1943
f 1762/2046/1942 267/2047/1943 1761/2048/1944
f 1761/2048/1944 267/2047/1943 1760/2049/1945
f 1760/2049/1945 267/2047/1943 266/2050/1946
f 1760/2049/1945 266/2050/1946 1759/2051/1947
f 1759/2051/1947 266/2050/1946 265/2052/1948
f 1759/2051/1947 265/2052/1948 1758/2053/1949
f 1758/2053/1949 265/2052/1948 264/2054/1950
f 1758/2053/1949 264/2054/1950 1757/2055/1951
f 1757/2055/1951 264/2054/1950 1756/2056/1952
f 1756/2056/1952 264/2054/1950 263/2057/1953
f 1756/2056/1952 263/2057/1953 1755/2058/1954
f 1755/2058/1954 263/2057/1953 262/2059/1955
f 1755/2058/1954 262/2059/1955 1754/2060/1956
f 1754/2060/1956 262/2059/1955 261/2061/1957
f 1754/2060/1956 261/2061/1957 1753/2062/1958
f 1753/2062/1958 261/2061/1957 1752/2063/1959
f 1752/2063/1959 261/2061/1957 290/2064/1960
f 1752/2063/1959 290/2064/1960 1751/2065/1961
f 1751/2065/1961 290/2064/1960 289/2066/1962
f 1751/2065/1961 289/2066/1962 1750/2067/1963
f 1750/2067/1963 289/2066/1962 1749/2068/1964
f 1749/2068/1964 289/2066/1962 288/2069/1965
f 1749/2068/1964 288/2069/1965 1748/2070/1966
f 1748/2070/1966 288/2069/1965 287/2071/1967
f 1748/2070/1966 287/2071/1967 1747/2072/1968
f 1747/2072/1968 287/2071/1967 286/2073/1969
f 1747/2072/1968 286/2073/1969 1746/2074/1970
f 1746/2074/1970 286/2073/1969 1745/2075/1971
f 1745/2075/1971 286/2073/1969 285/2076/1972
f 1745/2075/1971 285/2076/1972 1744/2077/1973
f 1744/2077/1973 285/2076/1972 284/2078/1974
f 1744/2077/1973 284/2078/1974 1743/2079/1975
f 1743/2079/1975 284/2078/1974 226/2080/1976
f 1743/2079/1975 226/2080/1976 1742/2081/1977
f 1742/2081/1977 226/2080/1976 1741/2082/1978
f 1741/2082/1978 226/2080/1976 225/2083/1979
f 1741/2082/1978 225/2083/1979 1740/2084/1980
f 1740/2084/1980 225/2083/1979 224/2085/1981
f 1740/2084/1980 224/2085/1981 1739/2086/1982
f 1739/2086/1982 224/2085/1981 223/2087/1983
f 1739/2086/1982 223/2087/1983 1738/2088/1984
f 1738/2088/1984 223/2087/1983 1737/2089/1985
f 1737/2089/1985 223/2087/1983 222/2090/1986
f 1737/2089/1985 222/2090/1986 1736/2091/1987
f 1736/2091/1987 222/2090/1986 221/2092/1988
f 1736/2091/1987 221/2092/1988 1735/2093/1989
f 1735/2093/1989 221/2092/1988 220/2094/1990
f 1735/2093/1989 220/2094/1990 1734/2095/1991
f 1734/2095/1991 220/2094/1990 1733/2096/1992
f 1733/2096/1992 220/2094/1990 219/2097/1993
f 1733/2096/1992 219/2097/1993 1732/2098/1994
f 1732/2099/1994 219/2100/1993 218/2101/1995
f 1732/2099/1994 218/2101/1995 1731/2102/1996
f 1731/2102/1996 218/2101/1995 1730/2103/1997
f 1730/2103/1997 218/2101/1995 395/2104/1998
f 1730/2103/1997 395/2104/1998 1729/2105/1999
f 1729/2105/1999 395/2104/1998 394/2106/2000
f 1729/2105/1999 394/2106/2000 1728/2107/2001
f 1728/2107/2001 394/2106/2000 393/2108/2002
f 1728/2107/2001 393/2108/2002 1727/2109/2003
f 1727/2109/2003 393/2108/2002 392/2110/2004
f 1727/2109/2003 392/2110/2004 1726/2111/2005
f 1726/2111/2005 392/2110/2004 1725/2112/2006
f 1725/2112/2006 392/2110/2004 391/2113/2007
f 1725/2112/2006 391/2113/2007 1724/2114/2008
f 1724/2114/2008 391/2113/2007 390/2115/2009
f 1724/2114/2008 390/2115/2009 1723/2116/2010
f 1723/2116/2010 390/2115/2009 389/2117/2011
f 1723/2116/2010 389/2117/2011 1722/2118/2012
f 1722/2118/2012 389/2117/2011 1721/2119/2013
f 1721/2119/2013 389/2117/2011 328/2120/2014
f 1721/2119/2013 328/2120/2014 1720/2121/2015
f 1720/2121/2015 328/2120/2014 327/2122/2016
f 1720/2121/2015 327/2122/2016 1719/2123/2017
f 1719/2123/2017 327/2122/2016 326/2124/2018
f 1719/2123/2017 326/2124/2018 1718/2125/2019
f 1718/2125/2019 326/2124/2018 1717/2126/2020
f 1717/2126/2020 326/2124/2018 325/2127/2021
f 1717/2126/2020 325/2127/2021 1716/2128/2022
f 1716/2128/2022 325/2127/2021 324/2129/2023
f 1716/2128/2022 324/2129/2023 1715/2130/2024
f 1715/2130/2024 324/2129/2023 323/2131/2025
f 1715/2130/2024 323/2131/2025 1714/2132/2026
f 1714/2132/2026 323/2131/2025 322/2133/2027
f 1714/2132/2026 322/2133/2027 1713/2134/2028
f 1713/2134/2028 322/2133/2027 1712/2135/2029
f 1712/2135/2029 322/2133/2027 321/2136/2030
f 1712/2135/2029 321/2136/2030 1711/2137/2031
f 1711/2137/2031 321/2136/2030 215/2138/2032
f 1711/2137/2031 215/2138/2032 1710/2139/2033
f 1710/2139/2033 215/2138/2032 214/2140/2034
f 1710/2139/2033 214/2140/2034 1709/2141/2035
f 1709/2141/2035 214/2140/2034 213/2142/2036
f 1709/2141/2035 213/2142/2036 1708/2143/2037
f 1708/2143/2037 213/2142/2036 1707/2144/2038
f 1707/2144/2038 213/2142/2036 212/2145/2039
f 1707/2144/2038 212/2145/2039 1706/2146/2040
f 1706/2146/2040 212/2145/2039 211/2147/2041
f 1706/2146/2040 211/2147/2041 1705/2148/2042
f 1705/2148/2042 211/2147/2041 210/2149/2043
f 1705/2148/2042 210/2149/2043 1704/2150/2044
f 1704/2150/2044 210/2149/2043 1703/2151/2045
f 1703/2151/2045 210/2149/2043 209/2152/2046
f 1703/2151/2045 209/2152/2046 1702/2153/2047
f 1702/2153/2047 209/2152/2046 208/2154/2048
f 1702/2153/2047 208/2154/2048 1701/2155/2049
f 1701/2155/2049 208/2154/2048 197/2156/2050
f 1701/2155/2049 197/2156/2050 1700/2157/2051
f 1700/2157/2051 197/2156/2050 196/2158/2052
f 1700/2157/2051 196/2158/2052 1699/2159/2053
f 1699/2159/2053 196/2158/2052 1698/2160/2054
f 1698/2160/2054 196/2158/2052 195/2161/2055
f 1698/2160/2054 195/2161/2055 1697/2162/2056
f 1697/2162/2056 195/2161/2055 194/2163/2057
f 1697/2162/2056 194/2163/2057 1696/2164/2058
f 1696/2164/2058 194/2163/2057 193/2165/2059
f 1696/2164/2058 193/2165/2059 1695/2166/2060
f 1695/2166/2060 193/2165/2059 192/2167/2061
f 1695/2166/2060 192/2167/2061 1694/2168/2062
f 1694/2168/2062 192/2167/2061 1693/2169/2063
f 1693/2169/2063 192/2167/2061 191/2170/2064
f 1693/2169/2063 191/2170/2064 1692/2171/2065
f 1692/2171/2065 191/2170/2064 190/2172/2066
f 1692/2171/2065 190/2172/2066 1691/2173/2067
f 1691/2173/2067 190/2172/2066 189/2174/2068
f 1691/2173/2067 189/2174/2068 1690/2175/2069
f 1690/2175/2069 189/2174/2068 1689/2176/2070
f 1689/2176/2070 189/2174/2068 335/2177/2071
f 1689/2176/2070 335/2177/2071 1688/2178/2072
f 1688/2178/2072 335/2177/2071 334/2179/2073
f 1688/2178/2072 334/2179/2073 1687/2180/2074
f 1687/2180/2074 334/2179/2073 333/2181/2075
f 1687/2180/2074 333/2181/2075 1686/2182/2076
f 1686/2182/2076 333/2181/2075 332/2183/2077
f 1686/2182/2076 332/2183/2077 1685/2184/2078
f 1685/2184/2078 332/2183/2077 1684/2185/2079
f 1684/2185/2079 332/2183/2077 331/2186/2080
f 1684/2185/2079 331/2186/2080 1683/2187/2081
f 1683/2187/2081 331/2186/2080 330/2188/2082
f 1683/2187/2081 330/2188/2082 1682/2189/2083
f 1682/2189/2083 330/2188/2082 329/2190/2084
f 1682/2189/2083 329/2190/2084 1681/2191/2085
f 1681/2191/2085 329/2190/2084 1680/2192/2086
f 1680/2192/2086 329/2190/2084 206/2193/2087
f 1680/2192/2086 206/2193/2087 1679/2194/2088
f 1679/2194/2088 206/2193/2087 205/2195/2089
f 1679/2194/2088 205/2195/2089 1678/2196/2090
f 1678/2196/2090 205/2195/2089 204/2197/2091
f 1678/2196/2090 204/2197/2091 1677/2198/2092
f 1677/2198/2092 204/2197/2091 1676/2199/2093
f 1676/2199/2093 204/2197/2091 203/2200/2094
f 1676/2199/2093 203/2200/2094 1675/2201/2095
f 1675/2201/2095 203/2200/2094 202/2202/2096
f 1675/2201/2095 202/2202/2096 1674/2203/2097
f 1674/2203/2097 202/2202/2096 201/2204/2098
f 1674/2203/2097 201/2204/2098 1673/2205/2099
f 1673/2205/2099 201/2204/2098 1672/2206/2100
f 1672/2206/2100 201/2204/2098 200/2207/2101
f 1672/2206/2100 200/2207/2101 1671/2208/2102
f 1671/2208/2102 200/2207/2101 199/2209/2103
f 1671/2208/2102 199/2209/2103 1670/2210/2104
f 1670/2210/2104 199/2209/2103 198/2211/2105
f 1670/2210/2104 198/2211/2105 1669/2212/2106
f 1669/2212/2106 198/2211/2105 1668/2213/2107
f 1668/2213/2107 198/2211/2105 402/2214/2108
f 1668/2213/2107 402/2214/2108 1667/2215/2109
f 1667/2215/2109 402/2214/2108 401/2216/2110
f 1667/2215/2109 401/2216/2110 1666/2217/2111
f 1666/2217/2111 401/2216/2110 400/2218/2112
f 1666/2217/2111 400/2218/2112 1665/2219/2113
f 1665/2219/2113 400/2218/2112 1664/2220/2114
f 1664/2220/2114 400/2218/2112 399/2221/2115
f 1664/2220/2114 399/2221/2115 1663/2222/2116
f 1663/2222/2116 399/2221/2115 398/2223/2117
f 1663/2222/2116 398/2223/2117 1662/2224/2118
f 1662/2224/2118 398/2223/2117 397/2225/2119
f 1662/2224/2118 397/2225/2119 1661/2226/2120
f 1661/2226/2120 397/2225/2119 1660/2227/2121
f 1660/2227/2121 397/2225/2119 396/2228/2122
f 1660/2227/2121 396/2228/2122 1659/2229/2123
f 1659/2229/2123 396/2228/2122 358/2230/2124
f 1659/2229/2123 358/2230/2124 1658/2231/2125
f 1658/2231/2125 358/2230/2124 1657/2232/2126
f 1657/2232/2126 358/2230/2124 357/2233/2127
f 1657/2232/2126 357/2233/2127 1656/2234/2128
f 1656/2234/2128 357/2233/2127 356/2235/2129
f 1656/2234/2128 356/2235/2129 1655/2236/2130
f 1655/2236/2130 356/2235/2129 355/2237/2131
f 1655/2236/2130 355/2237/2131 1654/2238/2132
f 1654/2238/2132 355/2237/2131 1653/2239/2133
f 1653/2239/2133 355/2237/2131 354/2240/2134
f 1653/2239/2133 354/2240/2134 1652/2024/1920
f 1652/2024/1920 354/2240/2134 353/2022/1918
f 1626/2241/2135 1625/2242/2136 1627/2243/2137
f 1627/2243/2137 1625/2242/2136 1764/2244/2138
f 1627/2243/2137 1764/2244/2138 1765/2245/2139
f 1627/2243/2137 1765/2245/2139 1771/2246/2140
f 1771/2246/2140 1765/2245/2139 1766/2247/2141
f 1771/2246/2140 1766/2247/2141 1767/2248/2142
f 1767/2248/2142 1768/2249/2143 1771/2246/2140
f 1771/2246/2140 1768/2249/2143 1769/2250/2144
f 1771/2246/2140 1769/2250/2144 1610/2251/2145
f 1610/2251/2145 1769/2250/2144 1770/2252/2146
f 1610/2251/2145 1770/2252/2146 1611/2253/2147
f 1610/2251/2145 1609/2254/2148 1771/2246/2140
f 1764/2255/2149 1625/2256/2150 1890/2257/2151
f 1890/2257/2151 1625/2256/2150 1624/2258/2152
f 1890/2257/2151 1624/2258/2152 298/2259/2153
f 1890/2257/2151 298/2259/2153 1889/2260/2154
f 1889/2260/2154 298/2259/2153 297/2261/2155
f 1889/2260/2154 297/2261/2155 1888/2262/2156
f 1888/2262/2156 297/2261/2155 1887/2263/2157
f 1887/2263/2157 297/2261/2155 296/2264/2158
f 1887/2263/2157 296/2264/2158 1886/2265/2159
f 1886/2265/2159 296/2264/2158 295/2266/2160
f 1886/2265/2159 295/2266/2160 1885/2267/2161
f 1885/2267/2161 295/2266/2160 294/2268/2162
f 1885/2267/2161 294/2268/2162 1884/2269/2163
f 1884/2269/2163 294/2268/2162 1883/2270/2164
f 1883/2270/2164 294/2268/2162 293/2271/2165
f 1883/2270/2164 293/2271/2165 1882/2272/2166
f 1882/2272/2166 293/2271/2165 292/2273/2167
f 1882/2272/2166 292/2273/2167 1881/2274/2168
f 1881/2274/2168 292/2273/2167 291/2275/2169
f 1881/2274/2168 291/2275/2169 1880/2276/2170
f 1880/2276/2170 291/2275/2169 1879/2277/2171
f 1879/2277/2171 291/2275/2169 168/2278/2172
f 1879/2277/2171 168/2278/2172 1878/2279/2173
f 1878/2279/2173 168/2278/2172 167/2280/2174
f 1878/2279/2173 167/2280/2174 1877/2281/2175
f 1877/2281/2175 167/2280/2174 166/2282/2176
f 1877/2281/2175 166/2282/2176 1876/2283/2177
f 1876/2283/2177 166/2282/2176 1875/2284/2178
f 1875/2284/2178 166/2282/2176 165/2285/2179
f 1875/2284/2178 165/2285/2179 1874/2286/2180
f 1874/2286/2180 165/2285/2179 164/2287/2181
f 1874/2286/2180 164/2287/2181 1873/2288/2182
f 1873/2288/2182 164/2287/2181 163/2289/2183
f 1873/2288/2182 163/2289/2183 1872/2290/2184
f 1872/2290/2184 163/2289/2183 1871/2291/2185
f 1871/2291/2185 163/2289/2183 162/2292/2186
f 1871/2291/2185 162/2292/2186 1870/2293/2187
f 1870/2293/2187 162/2292/2186 161/2294/2188
f 1870/2293/2187 161/2294/2188 1869/2295/2189
f 1869/2295/2189 161/2294/2188 160/2296/2190
f 1869/2295/2189 160/2296/2190 1868/2297/2191
f 1868/2297/2191 160/2296/2190 1867/2298/2192
f 1867/2298/2192 160/2296/2190 187/2299/2193
f 1867/2298/2192 187/2299/2193 1866/2300/2194
f 1866/2300/2194 187/2299/2193 186/2301/2195
f 1866/2300/2194 186/2301/2195 1865/2302/2196
f 1865/2302/2196 186/2301/2195 185/2303/2197
f 1865/2302/2196 185/2303/2197 1864/2304/2198
f 1864/2304/2198 185/2303/2197 1863/2305/2199
f 1863/2305/2199 185/2303/2197 184/2306/2200
f 1863/2305/2199 184/2306/2200 1862/2307/2201
f 1862/2307/2201 184/2306/2200 183/2308/2202
f 1862/2309/2201 183/2310/2202 1861/2311/2203
f 1861/2311/2203 183/2310/2202 182/2312/2204
f 1861/2311/2203 182/2312/2204 1860/2313/2205
f 1860/2313/2205 182/2312/2204 1859/2314/2206
f 1859/2314/2206 182/2312/2204 181/2315/2207
f 1859/2314/2206 181/2315/2207 1858/2316/2208
f 1858/2316/2208 181/2315/2207 179/2317/2209
f 1858/2316/2208 179/2317/2209 1857/2318/2210
f 1857/2318/2210 179/2317/2209 178/2319/2211
f 1857/2318/2210 178/2319/2211 1856/2320/2212
f 1856/2320/2212 178/2319/2211 1855/2321/2213
f 1855/2321/2213 178/2319/2211 177/2322/2214
f 1855/2321/2213 177/2322/2214 1854/2323/2215
f 1854/2323/2215 177/2322/2214 176/2324/2216
f 1854/2323/2215 176/2324/2216 1853/2325/2217
f 1853/2325/2217 176/2324/2216 175/2326/2218
f 1853/2325/2217 175/2326/2218 1852/2327/2219
f 1852/2327/2219 175/2326/2218 1851/2328/2220
f 1851/2328/2220 175/2326/2218 174/2329/2221
f 1851/2328/2220 174/2329/2221 1850/2330/2222
f 1850/2330/2222 174/2329/2221 173/2331/2223
f 1850/2330/2222 173/2331/2223 1849/2332/2224
f 1849/2332/2224 173/2331/2223 172/2333/2225
f 1849/2332/2224 172/2333/2225 1848/2334/2226
f 1848/2334/2226 172/2333/2225 1847/2335/2227
f 1847/2335/2227 172/2333/2225 171/2336/2228
f 1847/2335/2227 171/2336/2228 1846/2337/2229
f 1846/2337/2229 171/2336/2228 388/2338/2230
f 1846/2337/2229 388/2338/2230 1845/2339/2231
f 1845/2339/2231 388/2338/2230 387/2340/2232
f 1845/2339/2231 387/2340/2232 1844/2341/2233
f 1844/2341/2233 387/2340/2232 1843/2342/2234
f 1843/2342/2234 387/2340/2232 386/2343/2235
f 1843/2342/2234 386/2343/2235 1842/2344/2236
f 1842/2344/2236 386/2343/2235 385/2345/2237
f 1842/2344/2236 385/2345/2237 1841/2346/2238
f 1841/2346/2238 385/2345/2237 384/2347/2239
f 1841/2346/2238 384/2347/2239 1840/2348/2240
f 1840/2348/2240 384/2347/2239 1839/2349/2241
f 1839/2349/2241 384/2347/2239 383/2350/2242
f 1839/2349/2241 383/2350/2242 1838/2351/2243
f 1838/2351/2243 383/2350/2242 382/2352/2244
f 1838/2351/2243 382/2352/2244 1837/2353/2245
f 1837/2353/2245 382/2352/2244 374/2354/2246
f 1837/2353/2245 374/2354/2246 1836/2355/2247
f 1836/2355/2247 374/2354/2246 1835/2356/2248
f 1835/2356/2248 374/2354/2246 373/2357/2249
f 1835/2356/2248 373/2357/2249 1834/2358/2250
f 1834/2358/2250 373/2357/2249 372/2359/2251
f 1834/2358/2250 372/2359/2251 1833/2360/2252
f 1833/2360/2252 372/2359/2251 371/2361/2253
f 1833/2360/2252 371/2361/2253 1832/2362/2254
f 1832/2362/2254 371/2361/2253 1831/2363/2255
f 1831/2363/2255 371/2361/2253 370/2364/2256
f 1831/2363/2255 370/2364/2256 1830/2365/2257
f 1830/2365/2257 370/2364/2256 369/2366/2258
f 1830/2365/2257 369/2366/2258 1829/2367/2259
f 1829/2367/2259 369/2366/2258 368/2368/2260
f 1829/2367/2259 368/2368/2260 1828/2369/2261
f 1828/2369/2261 368/2368/2260 1827/2370/2262
f 1827/2370/2262 368/2368/2260 367/2371/2263
f 1827/2370/2262 367/2371/2263 1826/2372/2264
f 1826/2372/2264 367/2371/2263 260/2373/2265
f 1826/2372/2264 260/2373/2265 1825/2374/2266
f 1825/2374/2266 260/2373/2265 259/2375/2267
f 1825/2374/2266 259/2375/2267 1824/2376/2268
f 1824/2376/2268 259/2375/2267 1823/2377/2269
f 1823/2377/2269 259/2375/2267 258/2378/2270
f 1823/2377/2269 258/2378/2270 1822/2379/2271
f 1822/2379/2271 258/2378/2270 257/2380/2272
f 1822/2379/2271 257/2380/2272 1821/2381/2273
f 1821/2381/2273 257/2380/2272 256/2382/2274
f 1821/2381/2273 256/2382/2274 1820/2383/2275
f 1820/2383/2275 256/2382/2274 1819/2384/2276
f 1819/2384/2276 256/2382/2274 255/2385/2277
f 1819/2384/2276 255/2385/2277 1818/2386/2278
f 1818/2386/2278 255/2385/2277 254/2387/2279
f 1818/2386/2278 254/2387/2279 1817/2388/2280
f 1817/2388/2280 254/2387/2279 253/2389/2281
f 1817/2388/2280 253/2389/2281 1816/2390/2282
f 1816/2390/2282 253/2389/2281 1815/2391/2283
f 1815/2391/2283 253/2389/2281 252/2392/2284
f 1815/2391/2283 252/2392/2284 1814/2393/2285
f 1814/2393/2285 252/2392/2284 381/2394/2286
f 1814/2393/2285 381/2394/2286 1813/2395/2287
f 1813/2395/2287 381/2394/2286 380/2396/2288
f 1813/2395/2287 380/2396/2288 1812/2397/2289
f 1812/2397/2289 380/2396/2288 1811/2398/2290
f 1811/2398/2290 380/2396/2288 379/2399/2291
f 1811/2398/2290 379/2399/2291 1810/2400/2292
f 1810/2400/2292 379/2399/2291 378/2401/2293
f 1810/2400/2292 378/2401/2293 1809/2402/2294
f 1809/2402/2294 378/2401/2293 377/2403/2295
f 1809/2402/2294 377/2403/2295 1808/2404/2296
f 1808/2404/2296 377/2403/2295 1807/2405/2297
f 1807/2405/2297 377/2403/2295 376/2406/2298
f 1807/2405/2297 376/2406/2298 1806/2407/2299
f 1806/2407/2299 376/2406/2298 375/2408/2300
f 1806/2407/2299 375/2408/2300 1805/2409/2301
f 1805/2409/2301 375/2408/2300 366/2410/2302
f 1805/2409/2301 366/2410/2302 1804/2411/2303
f 1804/2411/2303 366/2410/2302 1803/2412/2304
f 1803/2412/2304 366/2410/2302 365/2413/2305
f 1803/2412/2304 365/2413/2305 1802/2414/2306
f 1802/2414/2306 365/2413/2305 364/2415/2307
f 1802/2414/2306 364/2415/2307 1801/2416/2308
f 1801/2416/2308 364/2415/2307 363/2417/2309
f 1801/2416/2308 363/2417/2309 1800/2418/2310
f 1800/2418/2310 363/2417/2309 1799/2419/2311
f 1799/2419/2311 363/2417/2309 362/2420/2312
f 1799/2419/2311 362/2420/2312 1798/2421/2313
f 1798/2421/2313 362/2420/2312 361/2422/2314
f 1798/2421/2313 361/2422/2314 1797/2423/2315
f 1797/2423/2315 361/2422/2314 360/2424/2316
f 1797/2423/2315 360/2424/2316 1796/2425/2317
f 1796/2425/2317 360/2424/2316 1795/2426/2318
f 1795/2426/2318 360/2424/2316 359/2427/2319
f 1795/2426/2318 359/2427/2319 1794/2428/2320
f 1794/2428/2320 359/2427/2319 320/2429/2321
f 1794/2428/2320 320/2429/2321 1793/2430/2322
f 1793/2430/2322 320/2429/2321 319/2431/2323
f 1793/2430/2322 319/2431/2323 1792/2432/2324
f 1792/2432/2324 319/2431/2323 1791/2433/2325
f 1791/2433/2325 319/2431/2323 318/2434/2326
f 1791/2433/2325 318/2434/2326 1790/2435/2327
f 1790/2435/2327 318/2434/2326 317/2436/2328
f 1790/2435/2327 317/2436/2328 1789/2437/2329
f 1789/2437/2329 317/2436/2328 316/2438/2330
f 1789/2437/2329 316/2438/2330 1788/2439/2331
f 1788/2439/2331 316/2438/2330 1787/2440/2332
f 1787/2440/2332 316/2438/2330 315/2441/2333
f 1787/2440/2332 315/2441/2333 1786/2442/2334
f 1786/2442/2334 315/2441/2333 314/2443/2335
f 1786/2442/2334 314/2443/2335 1785/2444/2336
f 1785/2444/2336 314/2443/2335 313/2445/2337
f 1785/2444/2336 313/2445/2337 1784/2446/2338
f 1784/2446/2338 313/2445/2337 1783/2447/2339
f 1783/2447/2339 313/2445/2337 249/2448/2340
f 1783/2447/2339 249/2448/2340 1782/2449/2341
f 1782/2449/2341 249/2448/2340 248/2450/2342
f 1782/2449/2341 248/2450/2342 1781/2451/2343
f 1781/2451/2343 248/2450/2342 247/2452/2344
f 1781/2451/2343 247/2452/2344 1780/2453/2345
f 1780/2453/2345 247/2452/2344 1779/2454/2346
f 1779/2454/2346 247/2452/2344 246/2455/2347
f 1779/2454/2346 246/2455/2347 1778/2456/2348
f 1778/2456/2348 246/2455/2347 245/2457/2349
f 1778/2456/2348 245/2457/2349 1777/2458/2350
f 1777/2458/2350 245/2457/2349 244/2459/2351
f 1777/2458/2350 244/2459/2351 1776/2460/2352
f 1776/2460/2352 244/2459/2351 1775/2461/2353
f 1775/2461/2353 244/2459/2351 243/2462/2354
f 1775/2461/2353 243/2462/2354 1774/2463/2355
f 1774/2463/2355 243/2462/2354 242/2464/2356
f 1774/2463/2355 242/2464/2356 1773/2465/2357
f 1773/2465/2357 242/2464/2356 241/2466/2358
f 1773/2465/2357 241/2466/2358 1772/2467/2359
f 1772/2467/2359 241/2466/2358 1612/2468/2360
f 1772/2467/2359 1612/2468/2360 1611/2469/2361
f 1772/2467/2359 1611/2469/2361 1899/2470/2362
f 1899/2470/2362 1611/2469/2361 1770/2471/2363
f 1899/2470/2362 1770/2471/2363 1898/2472/2364
f 1898/2472/2364 1770/2471/2363 1769/2473/2365
f 1898/2472/2364 1769/2473/2365 1897/2474/2366
f 1897/2474/2366 1769/2473/2365 1768/2475/2367
f 1897/2474/2366 1768/2475/2367 1896/2476/2368
f 1896/2476/2368 1768/2475/2367 1895/2477/2369
f 1895/2477/2369 1768/2475/2367 1767/2478/2370
f 1895/2477/2369 1767/2478/2370 1894/2479/2371
f 1894/2479/2371 1767/2478/2370 1766/2480/2372
f 1894/2479/2371 1766/2480/2372 1893/2481/2373
f 1893/2481/2373 1766/2480/2372 1765/2482/2374
f 1893/2481/2373 1765/2482/2374 1892/2483/2375
f 1892/2483/2375 1765/2482/2374 1891/2484/2376
f 1891/2484/2376 1765/2482/2374 1764/2255/2149
f 1891/2484/2376 1764/2255/2149 1890/2257/2151
f 1763/2485/2377 403/2486/2378 1636/2487/2379
f 1636/2487/2379 403/2486/2378 530/2488/2380
f 1636/2487/2379 530/2488/2380 1637/2489/2381
f 1637/2489/2381 530/2488/2380 1638/2490/2382
f 1638/2490/2382 530/2488/2380 529/2491/2383
f 1638/2490/2382 529/2491/2383 1639/2492/2384
f 1639/2492/2384 529/2491/2383 528/2493/2385
f 1639/2492/2384 528/2493/2385 1640/2494/2386
f 1640/2494/2386 528/2493/2385 527/2495/2387
f 1640/2494/2386 527/2495/2387 1641/2496/2388
f 1641/2496/2388 527/2495/2387 526/2497/2389
f 1641/2496/2388 526/2497/2389 1642/2498/2390
f 1642/2498/2390 526/2497/2389 525/2499/2391
f 1642/2498/2390 525/2499/2391 1643/2500/2392
f 1643/2500/2392 525/2499/2391 524/2501/2393
f 1643/2500/2392 524/2501/2393 1644/2502/2394
f 1644/2502/2394 524/2501/2393 523/2503/2395
f 1644/2502/2394 523/2503/2395 1645/2504/2396
f 1645/2504/2396 523/2503/2395 522/2505/2397
f 1645/2504/2396 522/2505/2397 1646/2506/2398
f 1646/2506/2398 522/2505/2397 521/2507/2399
f 1646/2506/2398 521/2507/2399 1647/2508/2400
f 1647/2508/2400 521/2507/2399 520/2509/2401
f 1647/2508/2400 520/2509/2401 1648/2510/2402
f 1648/2510/2402 520/2509/2401 519/2511/2403
f 1648/2510/2402 519/2511/2403 1649/2512/2404
f 1649/2512/2404 519/2511/2403 518/2513/2405
f 1649/2512/2404 518/2513/2405 1650/2514/2406
f 1650/2514/2406 518/2513/2405 517/2515/2407
f 1650/2514/2406 517/2515/2407 1651/2516/2408
f 1651/2516/2408 517/2515/2407 516/2517/2409
f 1651/2516/2408 516/2517/2409 1652/2518/2410
f 1652/2518/2410 516/2517/2409 515/2519/2411
f 1652/2518/2410 515/2519/2411 1653/2520/2412
f 1653/2520/2412 515/2519/2411 514/2521/2413
f 1653/2520/2412 514/2521/2413 1654/2522/2414
f 1654/2522/2414 514/2521/2413 513/2523/2415
f 1654/2522/2414 513/2523/2415 1655/2524/2416
f 1655/2524/2416 513/2523/2415 512/2525/2417
f 1655/2524/2416 512/2525/2417 1656/2526/2418
f 1656/2526/2418 512/2525/2417 511/2527/2419
f 1656/2526/2418 511/2527/2419 1657/2528/2420
f 1657/2528/2420 511/2527/2419 510/2529/2421
f 1657/2528/2420 510/2529/2421 1658/2530/2422
f 1658/2530/2422 510/2529/2421 509/2531/2423
f 1658/2530/2422 509/2531/2423 1659/2532/2424
f 1659/2532/2424 509/2531/2423 508/2533/2425
f 1659/2532/2424 508/2533/2425 1660/2534/2426
f 1660/2534/2426 508/2533/2425 507/2535/2427
f 1660/2534/2426 507/2535/2427 1661/2536/2428
f 1661/2536/2428 507/2535/2427 506/2537/2429
f 1661/2536/2428 506/2537/2429 1662/2538/2430
f 1662/2538/2430 506/2537/2429 505/2539/2431
f 1662/2538/2430 505/2539/2431 1663/2540/2432
f 1663/2540/2432 505/2539/2431 504/2541/2433
f 1663/2540/2432 504/2541/2433 1664/2542/2434
f 1664/2542/2434 504/2541/2433 503/2543/2435
f 1664/2542/2434 503/2543/2435 1665/2544/2436
f 1665/2544/2436 503/2543/2435 502/2545/2437
f 1665/2544/2436 502/2545/2437 1666/2546/2438
f 1666/2546/2438 502/2545/2437 501/2547/2439
f 1666/2546/2438 501/2547/2439 1667/2548/2440
f 1667/2548/2440 501/2547/2439 500/2549/2441
f 1667/2548/2440 500/2549/2441 1668/2550/2442
f 1668/2550/2442 500/2549/2441 499/2551/2443
f 1668/2550/2442 499/2551/2443 1669/2552/2444
f 1669/2552/2444 499/2551/2443 498/2553/2445
f 1669/2552/2444 498/2553/2445 1670/2554/2446
f 1670/2554/2446 498/2553/2445 497/2555/2447
f 1670/2554/2446 497/2555/2447 1671/2556/2448
f 1671/2556/2448 497/2555/2447 496/2557/2449
f 1671/2556/2448 496/2557/2449 1672/2558/2450
f 1672/2558/2450 496/2557/2449 495/2559/2451
f 1672/2558/2450 495/2559/2451 1673/2560/2452
f 1673/2560/2452 495/2559/2451 494/2561/2453
f 1673/2562/2452 494/2563/2453 1674/2564/2454
f 1674/2564/2454 494/2563/2453 493/2565/2455
f 1674/2564/2454 493/2565/2455 1675/2566/2456
f 1675/2566/2456 493/2565/2455 492/2567/2457
f 1675/2566/2456 492/2567/2457 1676/2568/2458
f 1676/2568/2458 492/2567/2457 491/2569/2459
f 1676/2568/2458 491/2569/2459 1677/2570/2460
f 1677/2570/2460 491/2569/2459 490/2571/2461
f 1677/2570/2460 490/2571/2461 1678/2572/2462
f 1678/2572/2462 490/2571/2461 489/2573/2463
f 1678/2572/2462 489/2573/2463 1679/2574/2464
f 1679/2574/2464 489/2573/2463 488/2575/2465
f 1679/2574/2464 488/2575/2465 1680/2576/2466
f 1680/2576/2466 488/2575/2465 487/2577/2467
f 1680/2576/2466 487/2577/2467 1681/2578/2468
f 1681/2578/2468 487/2577/2467 486/2579/2469
f 1681/2578/2468 486/2579/2469 1682/2580/2470
f 1682/2580/2470 486/2579/2469 485/2581/2471
f 1682/2580/2470 485/2581/2471 1683/2582/2472
f 1683/2582/2472 485/2581/2471 484/2583/2473
f 1683/2582/2472 484/2583/2473 1684/2584/2474
f 1684/2584/2474 484/2583/2473 483/2585/2475
f 1684/2584/2474 483/2585/2475 1685/2586/2476
f 1685/2586/2476 483/2585/2475 482/2587/2477
f 1685/2586/2476 482/2587/2477 1686/2588/2478
f 1686/2588/2478 482/2587/2477 481/2589/2479
f 1686/2588/2478 481/2589/2479 480/2590/2480
f 1762/2591/2481 405/2592/2482 1763/2485/2377
f 1763/2485/2377 405/2592/2482 404/2593/2483
f 1763/2485/2377 404/2593/2483 403/2486/2378
f 405/2592/2482 1762/2591/2481 406/2594/2484
f 406/2594/2484 1762/2591/2481 1761/2595/2485
f 406/2594/2484 1761/2595/2485 407/2596/2486
f 407/2596/2486 1761/2595/2485 1760/2597/2487
f 407/2596/2486 1760/2597/2487 408/2598/2488
f 408/2598/2488 1760/2597/2487 1759/2599/2489
f 408/2598/2488 1759/2599/2489 409/2600/2490
f 409/2600/2490 1759/2599/2489 1758/2601/2491
f 409/2600/2490 1758/2601/2491 410/2602/2492
f 410/2602/2492 1758/2601/2491 1757/2603/2493
f 410/2602/2492 1757/2603/2493 411/2604/2494
f 411/2604/2494 1757/2603/2493 1756/2605/2495
f 411/2604/2494 1756/2605/2495 412/2606/2496
f 412/2606/2496 1756/2605/2495 1755/2607/2497
f 412/2606/2496 1755/2607/2497 413/2608/2498
f 413/2608/2498 1755/2607/2497 1754/2609/2499
f 413/2608/2498 1754/2609/2499 414/2610/2500
f 414/2610/2500 1754/2609/2499 1753/2611/2501
f 414/2610/2500 1753/2611/2501 415/2612/2502
f 415/2612/2502 1753/2611/2501 1752/2613/2503
f 415/2612/2502 1752/2613/2503 416/2614/2504
f 416/2614/2504 1752/2613/2503 1751/2615/2505
f 416/2614/2504 1751/2615/2505 417/2616/2506
f 417/2616/2506 1751/2615/2505 1750/2617/2507
f 417/2616/2506 1750/2617/2507 1749/2618/2508
f 417/2616/2506 1749/2618/2508 418/2619/2509
f 418/2619/2509 1749/2618/2508 1748/2620/2510
f 418/2619/2509 1748/2620/2510 419/2621/2511
f 419/2621/2511 1748/2620/2510 1747/2622/2512
f 419/2621/2511 1747/2622/2512 420/2623/2513
f 420/2623/2513 1747/2622/2512 1746/2624/2514
f 420/2623/2513 1746/2624/2514 421/2625/2515
f 421/2625/2515 1746/2624/2514 1745/2626/2516
f 421/2625/2515 1745/2626/2516 422/2627/2517
f 422/2627/2517 1745/2626/2516 1744/2628/2518
f 422/2627/2517 1744/2628/2518 423/2629/2519
f 423/2629/2519 1744/2628/2518 424/2630/2520
f 424/2630/2520 1744/2628/2518 1743/2631/2521
f 424/2630/2520 1743/2631/2521 425/2632/2522
f 425/2632/2522 1743/2631/2521 1742/2633/2523
f 425/2632/2522 1742/2633/2523 426/2634/2524
f 426/2634/2524 1742/2633/2523 1741/2635/2525
f 426/2634/2524 1741/2635/2525 427/2636/2526
f 427/2636/2526 1741/2635/2525 1740/2637/2527
f 427/2636/2526 1740/2637/2527 428/2638/2528
f 428/2638/2528 1740/2637/2527 1739/2639/2529
f 428/2638/2528 1739/2639/2529 429/2640/2530
f 429/2640/2530 1739/2639/2529 1738/2641/2531
f 429/2640/2530 1738/2641/2531 430/2642/2532
f 430/2642/2532 1738/2641/2531 1737/2643/2533
f 430/2642/2532 1737/2643/2533 431/2644/2534
f 431/2644/2534 1737/2643/2533 1736/2645/2535
f 431/2644/2534 1736/2645/2535 432/2646/2536
f 432/2646/2536 1736/2645/2535 1735/2647/2537
f 432/2646/2536 1735/2647/2537 433/2648/2538
f 433/2648/2538 1735/2647/2537 1734/2649/2539
f 433/2648/2538 1734/2649/2539 434/2650/2540
f 434/2650/2540 1734/2649/2539 1733/2651/2541
f 434/2650/2540 1733/2651/2541 435/2652/2542
f 435/2652/2542 1733/2651/2541 1732/2653/2543
f 435/2652/2542 1732/2653/2543 436/2654/2544
f 436/2654/2544 1732/2653/2543 1731/2655/2545
f 436/2654/2544 1731/2655/2545 437/2656/2546
f 437/2656/2546 1731/2655/2545 1730/2657/2547
f 437/2656/2546 1730/2657/2547 438/2658/2548
f 438/2658/2548 1730/2657/2547 1729/2659/2549
f 438/2658/2548 1729/2659/2549 439/2660/2550
f 439/2660/2550 1729/2659/2549 1728/2661/2551
f 439/2660/2550 1728/2661/2551 440/2662/2552
f 440/2662/2552 1728/2661/2551 1727/2663/2553
f 440/2662/2552 1727/2663/2553 441/2664/2554
f 441/2664/2554 1727/2663/2553 1726/2665/2555
f 441/2664/2554 1726/2665/2555 442/2666/2556
f 442/2666/2556 1726/2665/2555 1725/2667/2557
f 442/2666/2556 1725/2667/2557 443/2668/2558
f 443/2668/2558 1725/2667/2557 1724/2669/2559
f 443/2668/2558 1724/2669/2559 444/2670/2560
f 444/2670/2560 1724/2669/2559 1723/2671/2561
f 444/2670/2560 1723/2671/2561 445/2672/2562
f 445/2672/2562 1723/2671/2561 1722/2673/2563
f 445/2672/2562 1722/2673/2563 446/2674/2564
f 446/2674/2564 1722/2673/2563 1721/2675/2565
f 446/2674/2564 1721/2675/2565 447/2676/2566
f 447/2676/2566 1721/2675/2565 1720/2677/2567
f 447/2676/2566 1720/2677/2567 448/2678/2568
f 448/2678/2568 1720/2677/2567 1719/2679/2569
f 448/2678/2568 1719/2679/2569 449/2680/2570
f 449/2680/2570 1719/2679/2569 1718/2681/2571
f 449/2680/2570 1718/2681/2571 450/2682/2572
f 450/2682/2572 1718/2681/2571 1717/2683/2573
f 450/2682/2572 1717/2683/2573 451/2684/2574
f 451/2684/2574 1717/2683/2573 1716/2685/2575
f 451/2684/2574 1716/2685/2575 452/2686/2576
f 452/2686/2576 1716/2685/2575 1715/2687/2577
f 452/2686/2576 1715/2687/2577 453/2688/2578
f 453/2688/2578 1715/2687/2577 1714/2689/2579
f 453/2688/2578 1714/2689/2579 454/2690/2580
f 454/2690/2580 1714/2689/2579 1713/2691/2581
f 454/2690/2580 1713/2691/2581 455/2692/2582
f 455/2692/2582 1713/2691/2581 1712/2693/2583
f 455/2692/2582 1712/2693/2583 456/2694/2584
f 456/2694/2584 1712/2693/2583 1711/2695/2585
f 456/2694/2584 1711/2695/2585 457/2696/2586
f 457/2696/2586 1711/2695/2585 1710/2697/2587
f 457/2696/2586 1710/2697/2587 458/2698/2588
f 458/2698/2588 1710/2697/2587 1709/2699/2589
f 458/2698/2588 1709/2699/2589 459/2700/2590
f 459/2700/2590 1709/2699/2589 1708/2701/2591
f 459/2700/2590 1708/2701/2591 460/2702/2592
f 460/2702/2592 1708/2701/2591 1707/2703/2593
f 460/2702/2592 1707/2703/2593 461/2704/2594
f 461/2704/2594 1707/2703/2593 1706/2705/2595
f 461/2704/2594 1706/2705/2595 462/2706/2596
f 462/2706/2596 1706/2705/2595 1705/2707/2597
f 462/2706/2596 1705/2707/2597 463/2708/2598
f 463/2708/2598 1705/2707/2597 1704/2709/2599
f 463/2708/2598 1704/2709/2599 464/2710/2600
f 464/2710/2600 1704/2709/2599 1703/2711/2601
f 464/2710/2600 1703/2711/2601 1702/2712/2602
f 464/2710/2600 1702/2712/2602 465/2713/2603
f 465/2713/2603 1702/2712/2602 1701/2714/2604
f 465/2713/2603 1701/2714/2604 466/2715/2605
f 466/2715/2605 1701/2714/2604 467/2716/2606
f 467/2716/2606 1701/2714/2604 1700/2717/2607
f 467/2716/2606 1700/2717/2607 468/2718/2608
f 468/2718/2608 1700/2717/2607 1699/2719/2609
f 468/2718/2608 1699/2719/2609 469/2720/2610
f 469/2720/2610 1699/2719/2609 1698/2721/2611
f 469/2720/2610 1698/2721/2611 470/2722/2612
f 470/2722/2612 1698/2721/2611 1697/2723/2613
f 470/2722/2612 1697/2723/2613 471/2724/2614
f 471/2724/2614 1697/2723/2613 1696/2725/2615
f 471/2724/2614 1696/2725/2615 472/2726/2616
f 472/2726/2616 1696/2725/2615 1695/2727/2617
f 472/2726/2616 1695/2727/2617 473/2728/2618
f 473/2728/2618 1695/2727/2617 1694/2729/2619
f 473/2728/2618 1694/2729/2619 474/2730/2620
f 474/2730/2620 1694/2729/2619 1693/2731/2621
f 474/2730/2620 1693/2731/2621 475/2732/2622
f 475/2732/2622 1693/2731/2621 1692/2733/2623
f 475/2732/2622 1692/2733/2623 1691/2734/2624
f 475/2732/2622 1691/2734/2624 476/2735/2625
f 476/2735/2625 1691/2734/2624 1690/2736/2626
f 476/2735/2625 1690/2736/2626 477/2737/2627
f 477/2737/2627 1690/2736/2626 1689/2738/2628
f 477/2737/2627 1689/2738/2628 478/2739/2629
f 478/2739/2629 1689/2738/2628 1688/2740/2630
f 478/2739/2629 1688/2740/2630 479/2741/2631
f 479/2741/2631 1688/2740/2630 1687/2742/2632
f 479/2741/2631 1687/2742/2632 480/2590/2480
f 480/2590/2480 1687/2742/2632 1686/2588/2478
f 532/2743/2633 531/2744/2634 1772/2745/2635
f 1772/2745/2635 531/2744/2634 658/2746/2636
f 1772/2745/2635 658/2746/2636 1773/2747/2637
f 1773/2747/2637 658/2746/2636 657/2748/2638
f 1773/2747/2637 657/2748/2638 1774/2749/2639
f 1774/2749/2639 657/2748/2638 656/2750/2640
f 1774/2749/2639 656/2750/2640 1775/2751/2641
f 1775/2751/2641 656/2750/2640 655/2752/2642
f 1775/2751/2641 655/2752/2642 1776/2753/2643
f 1776/2753/2643 655/2752/2642 654/2754/2644
f 1776/2753/2643 654/2754/2644 1777/2755/2645
f 1777/2755/2645 654/2754/2644 653/2756/2646
f 1777/2755/2645 653/2756/2646 1778/2757/2647
f 1778/2757/2647 653/2756/2646 652/2758/2648
f 1778/2757/2647 652/2758/2648 1779/2759/2649
f 1779/2759/2649 652/2758/2648 651/2760/2650
f 1779/2759/2649 651/2760/2650 1780/2761/2651
f 1780/2761/2651 651/2760/2650 650/2762/2652
f 1780/2761/2651 650/2762/2652 1781/2763/2653
f 1781/2763/2653 650/2762/2652 649/2764/2654
f 1781/2763/2653 649/2764/2654 1782/2765/2655
f 1782/2765/2655 649/2764/2654 648/2766/2656
f 1782/2765/2655 648/2766/2656 1783/2767/2657
f 1783/2767/2657 648/2766/2656 647/2768/2658
f 1783/2767/2657 647/2768/2658 1784/2769/2659
f 1784/2769/2659 647/2768/2658 1785/2770/2660
f 1785/2770/2660 647/2768/2658 646/2771/2661
f 1785/2770/2660 646/2771/2661 1786/2772/2662
f 1786/2772/2662 646/2771/2661 645/2773/2663
f 1786/2772/2662 645/2773/2663 1787/2774/2664
f 1787/2774/2664 645/2773/2663 644/2775/2665
f 1787/2774/2664 644/2775/2665 1788/2776/2666
f 1788/2776/2666 644/2775/2665 643/2777/2667
f 1788/2776/2666 643/2777/2667 642/2778/2668
f 1788/2776/2666 642/2778/2668 1789/2779/2669
f 1789/2779/2669 642/2778/2668 641/2780/2670
f 1789/2779/2669 641/2780/2670 1790/2781/2671
f 1790/2781/2671 641/2780/2670 640/2782/2672
f 1790/2781/2671 640/2782/2672 1791/2783/2673
f 1791/2783/2673 640/2782/2672 639/2784/2674
f 1791/2783/2673 639/2784/2674 1792/2785/2675
f 1792/2785/2675 639/2784/2674 638/2786/2676
f 1792/2785/2675 638/2786/2676 1793/2787/2677
f 1793/2787/2677 638/2786/2676 637/2788/2678
f 1793/2787/2677 637/2788/2678 1794/2789/2679
f 1794/2789/2679 637/2788/2678 636/2790/2680
f 1794/2789/2679 636/2790/2680 1795/2791/2681
f 1795/2791/2681 636/2790/2680 635/2792/2682
f 1795/2791/2681 635/2792/2682 1796/2793/2683
f 1796/2793/2683 635/2792/2682 634/2794/2684
f 1796/2793/2683 634/2794/2684 1797/2795/2685
f 1797/2795/2685 634/2794/2684 633/2796/2686
f 1797/2795/2685 633/2796/2686 1798/2797/2687
f 1798/2797/2687 633/2796/2686 632/2798/2688
f 1798/2797/2687 632/2798/2688 1799/2799/2689
f 1799/2800/2689 632/2801/2688 631/2802/2690
f 1799/2800/2689 631/2802/2690 1800/2803/2691
f 1800/2803/2691 631/2802/2690 630/2804/2692
f 1800/2803/2691 630/2804/2692 1801/2805/2693
f 1801/2805/2693 630/2804/2692 1802/2806/2694
f 1802/2806/2694 630/2804/2692 629/2807/2695
f 1802/2806/2694 629/2807/2695 1803/2808/2696
f 1803/2808/2696 629/2807/2695 628/2809/2697
f 1803/2808/2696 628/2809/2697 1804/2810/2698
f 1804/2810/2698 628/2809/2697 627/2811/2699
f 1804/2810/2698 627/2811/2699 626/2812/2700
f 1804/2810/2698 626/2812/2700 1805/2813/2701
f 1805/2813/2701 626/2812/2700 625/2814/2702
f 1805/2813/2701 625/2814/2702 1806/2815/2703
f 1806/2815/2703 625/2814/2702 624/2816/2704
f 1806/2815/2703 624/2816/2704 1807/2817/2705
f 1807/2817/2705 624/2816/2704 623/2818/2706
f 1807/2817/2705 623/2818/2706 1808/2819/2707
f 1808/2819/2707 623/2818/2706 622/2820/2708
f 1808/2819/2707 622/2820/2708 1809/2821/2709
f 1809/2821/2709 622/2820/2708 621/2822/2710
f 1809/2821/2709 621/2822/2710 1810/2823/2711
f 1810/2823/2711 621/2822/2710 620/2824/2712
f 1810/2823/2711 620/2824/2712 1811/2825/2713
f 1811/2825/2713 620/2824/2712 619/2826/2714
f 1811/2825/2713 619/2826/2714 1812/2827/2715
f 1812/2827/2715 619/2826/2714 618/2828/2716
f 1812/2827/2715 618/2828/2716 1813/2829/2717
f 1813/2829/2717 618/2828/2716 617/2830/2718
f 1813/2829/2717 617/2830/2718 1814/2831/2719
f 1814/2831/2719 617/2830/2718 616/2832/2720
f 1814/2831/2719 616/2832/2720 1815/2833/2721
f 1815/2833/2721 616/2832/2720 615/2834/2722
f 1815/2833/2721 615/2834/2722 1816/2835/2723
f 1816/2835/2723 615/2834/2722 1817/2836/2724
f 1817/2836/2724 615/2834/2722 614/2837/2725
f 1817/2836/2724 614/2837/2725 1818/2838/2726
f 1818/2838/2726 614/2837/2725 613/2839/2727
f 1818/2838/2726 613/2839/2727 1819/2840/2728
f 1819/2840/2728 613/2839/2727 612/2841/2729
f 1819/2840/2728 612/2841/2729 1820/2842/2730
f 1820/2842/2730 612/2841/2729 611/2843/2731
f 1820/2842/2730 611/2843/2731 1821/2844/2732
f 1821/2844/2732 611/2843/2731 610/2845/2733
f 1821/2844/2732 610/2845/2733 609/2846/2734
f 1821/2844/2732 609/2846/2734 1822/2847/2735
f 1822/2847/2735 609/2846/2734 608/2848/2736
f 1822/2847/2735 608/2848/2736 1823/2849/2737
f 1823/2849/2737 608/2848/2736 607/2850/2738
f 1823/2849/2737 607/2850/2738 1824/2851/2739
f 1824/2851/2739 607/2850/2738 606/2852/2740
f 1824/2851/2739 606/2852/2740 1825/2853/2741
f 1825/2853/2741 606/2852/2740 605/2854/2742
f 1825/2853/2741 605/2854/2742 1826/2855/2743
f 1826/2855/2743 605/2854/2742 604/2856/2744
f 1826/2855/2743 604/2856/2744 1827/2857/2745
f 1827/2857/2745 604/2856/2744 603/2858/2746
f 1827/2857/2745 603/2858/2746 1828/2859/2747
f 1828/2859/2747 603/2858/2746 602/2860/2748
f 1828/2859/2747 602/2860/2748 1829/2861/2749
f 1829/2861/2749 602/2860/2748 601/2862/2750
f 1829/2861/2749 601/2862/2750 1830/2863/2751
f 1830/2863/2751 601/2862/2750 600/2864/2752
f 1830/2863/2751 600/2864/2752 1831/2865/2753
f 1831/2865/2753 600/2864/2752 599/2866/2754
f 1831/2865/2753 599/2866/2754 1832/2867/2755
f 1832/2867/2755 599/2866/2754 1833/2868/2756
f 1833/2868/2756 599/2866/2754 598/2869/2757
f 1833/2868/2756 598/2869/2757 1834/2870/2758
f 1834/2870/2758 598/2869/2757 597/2871/2759
f 1834/2870/2758 597/2871/2759 1835/2872/2760
f 1835/2872/2760 597/2871/2759 596/2873/2761
f 1835/2872/2760 596/2873/2761 1836/2874/2762
f 1836/2874/2762 596/2873/2761 595/2875/2763
f 1836/2874/2762 595/2875/2763 594/2876/2764
f 1836/2874/2762 594/2876/2764 1837/2877/2765
f 1837/2877/2765 594/2876/2764 593/2878/2766
f 1837/2877/2765 593/2878/2766 1838/2879/2767
f 1838/2879/2767 593/2878/2766 592/2880/2768
f 1838/2879/2767 592/2880/2768 1839/2881/2769
f 1839/2881/2769 592/2880/2768 591/2882/2770
f 1839/2881/2769 591/2882/2770 1840/2883/2771
f 1840/2883/2771 591/2882/2770 590/2884/2772
f 1840/2883/2771 590/2884/2772 1841/2885/2773
f 1841/2885/2773 590/2884/2772 589/2886/2774
f 1841/2885/2773 589/2886/2774 1842/2887/2775
f 1842/2887/2775 589/2886/2774 588/2888/2776
f 1842/2887/2775 588/2888/2776 1843/2889/2777
f 1843/2889/2777 588/2888/2776 587/2890/2778
f 1843/2889/2777 587/2890/2778 1844/2891/2779
f 1844/2891/2779 587/2890/2778 586/2892/2780
f 1844/2891/2779 586/2892/2780 1845/2893/2781
f 1845/2893/2781 586/2892/2780 585/2894/2782
f 1845/2893/2781 585/2894/2782 1846/2895/2783
f 1846/2895/2783 585/2894/2782 584/2896/2784
f 1846/2895/2783 584/2896/2784 1847/2897/2785
f 1847/2897/2785 584/2896/2784 583/2898/2786
f 1847/2897/2785 583/2898/2786 1848/2899/2787
f 1848/2899/2787 583/2898/2786 1849/2900/2788
f 1849/2900/2788 583/2898/2786 582/2901/2789
f 1849/2900/2788 582/2901/2789 1850/2902/2790
f 1850/2902/2790 582/2901/2789 581/2903/2791
f 1850/2902/2790 581/2903/2791 1851/2904/2792
f 1851/2904/2792 581/2903/2791 580/2905/2793
f 1851/2904/2792 580/2905/2793 1852/2906/2794
f 1852/2906/2794 580/2905/2793 579/2907/2795
f 1852/2906/2794 579/2907/2795 578/2908/2796
f 1852/2906/2794 578/2908/2796 1853/2909/2797
f 1853/2909/2797 578/2908/2796 577/2910/2798
f 1853/2909/2797 577/2910/2798 1854/2911/2799
f 1854/2911/2799 577/2910/2798 576/2912/2800
f 1854/2911/2799 576/2912/2800 1855/2913/2801
f 1855/2913/2801 576/2912/2800 575/2914/2802
f 1855/2913/2801 575/2914/2802 1856/2915/2803
f 1856/2915/2803 575/2914/2802 574/2916/2804
f 1856/2915/2803 574/2916/2804 1857/2917/2805
f 1857/2917/2805 574/2916/2804 573/2918/2806
f 1857/2917/2805 573/2918/2806 1858/2919/2807
f 1858/2919/2807 573/2918/2806 572/2920/2808
f 1858/2919/2807 572/2920/2808 1859/2921/2809
f 1859/2921/2809 572/2920/2808 571/2922/2810
f 1859/2921/2809 571/2922/2810 1860/2923/2811
f 1860/2923/2811 571/2922/2810 570/2924/2812
f 1860/2923/2811 570/2924/2812 1861/2925/2813
f 1861/2925/2813 570/2924/2812 569/2926/2814
f 1861/2925/2813 569/2926/2814 1862/2927/2815
f 1862/2927/2815 569/2926/2814 568/2928/2816
f 1862/2927/2815 568/2928/2816 1863/2929/2817
f 1863/2929/2817 568/2928/2816 567/2930/2818
f 1863/2929/2817 567/2930/2818 1864/2931/2819
f 1864/2931/2819 567/2930/2818 1865/2932/2820
f 1865/2932/2820 567/2930/2818 566/2933/2821
f 1865/2932/2820 566/2933/2821 1866/2934/2822
f 1866/2934/2822 566/2933/2821 565/2935/2823
f 1866/2934/2822 565/2935/2823 1867/2936/2824
f 1867/2936/2824 565/2935/2823 564/2937/2825
f 1867/2936/2824 564/2937/2825 1868/2938/2826
f 1868/2938/2826 564/2937/2825 563/2939/2827
f 1868/2938/2826 563/2939/2827 562/2940/2828
f 1868/2938/2826 562/2940/2828 1869/2941/2829
f 1869/2941/2829 562/2940/2828 561/2942/2830
f 1869/2941/2829 561/2942/2830 1870/2943/2831
f 1870/2943/2831 561/2942/2830 560/2944/2832
f 1870/2943/2831 560/2944/2832 1871/2945/2833
f 1871/2945/2833 560/2944/2832 559/2946/2834
f 1871/2945/2833 559/2946/2834 1872/2947/2835
f 1872/2947/2835 559/2946/2834 558/2948/2836
f 1872/2947/2835 558/2948/2836 1873/2949/2837
f 1873/2949/2837 558/2948/2836 557/2950/2838
f 1873/2949/2837 557/2950/2838 1874/2951/2839
f 1874/2951/2839 557/2950/2838 556/2952/2840
f 1874/2951/2839 556/2952/2840 1875/2953/2841
f 1875/2953/2841 556/2952/2840 555/2954/2842
f 1875/2953/2841 555/2954/2842 1876/2955/2843
f 1876/2955/2843 555/2954/2842 554/2956/2844
f 1876/2955/2843 554/2956/2844 1877/2957/2845
f 1877/2957/2845 554/2956/2844 553/2958/2846
f 1877/2957/2845 553/2958/2846 1878/2959/2847
f 1878/2959/2847 553/2958/2846 552/2960/2848
f 1878/2959/2847 552/2960/2848 1879/2961/2849
f 1879/2961/2849 552/2960/2848 551/2962/2850
f 1879/2961/2849 551/2962/2850 1880/2963/2851
f 1880/2963/2851 551/2962/2850 1881/2964/2852
f 1881/2964/2852 551/2962/2850 550/2965/2853
f 1881/2964/2852 550/2965/2853 1882/2966/2854
f 1882/2966/2854 550/2965/2853 549/2967/2855
f 1882/2966/2854 549/2967/2855 1883/2968/2856
f 1883/2968/2856 549/2967/2855 548/2969/2857
f 1883/2968/2856 548/2969/2857 1884/2970/2858
f 1884/2970/2858 548/2969/2857 547/2971/2859
f 1884/2970/2858 547/2971/2859 546/2972/2860
f 1884/2970/2858 546/2972/2860 1885/2973/2861
f 1885/2973/2861 546/2972/2860 545/2974/2862
f 1885/2973/2861 545/2974/2862 1886/2975/2863
f 1886/2975/2863 545/2974/2862 544/2976/2864
f 1886/2975/2863 544/2976/2864 1887/2977/2865
f 1887/2977/2865 544/2976/2864 543/2978/2866
f 1887/2977/2865 543/2978/2866 1888/2979/2867
f 1888/2979/2867 543/2978/2866 542/2980/2868
f 1888/2979/2867 542/2980/2868 1889/2981/2869
f 1889/2981/2869 542/2980/2868 541/2982/2870
f 1889/2981/2869 541/2982/2870 1890/2983/2871
f 1890/2983/2871 541/2982/2870 540/2984/2872
f 1890/2983/2871 540/2984/2872 1891/2985/2873
f 1891/2985/2873 540/2984/2872 539/2986/2874
f 1891/2985/2873 539/2986/2874 1892/2987/2875
f 1892/2987/2875 539/2986/2874 538/2988/2876
f 1892/2987/2875 538/2988/2876 1893/2989/2877
f 1893/2989/2877 538/2988/2876 537/2990/2878
f 1893/2989/2877 537/2990/2878 1894/2991/2879
f 1894/2991/2879 537/2990/2878 536/2992/2880
f 1894/2991/2879 536/2992/2880 1895/2993/2881
f 1895/2993/2881 536/2992/2880 535/2994/2882
f 1895/2993/2881 535/2994/2882 1896/2995/2883
f 1896/2995/2883 535/2994/2882 1897/2996/2884
f 1897/2996/2884 535/2994/2882 534/2997/2885
f 1897/2996/2884 534/2997/2885 1898/2998/2886
f 1898/2998/2886 534/2997/2885 533/2999/2887
f 1898/2998/2886 533/2999/2887 1899/3000/2888
f 1899/3000/2888 533/2999/2887 532/2743/2633
f 1899/3000/2888 532/2743/2633 1772/2745/2635
f 1900/3001/2889 1901/3002/2890 1905/3003/2891
f 1905/3003/2891 1901/3002/2890 1904/3004/2892
f 1904/3004/2892 1901/3002/2890 1902/3005/2893
f 1904/3004/2892 1902/3005/2893 1903/3006/2894
f 1907/3007/2895 1908/3008/2896 1906/3009/2897
f 1906/3009/2897 1908/3008/2896 1909/3010/2898
f 1911/3011/2899 1912/3012/2900 1910/3013/2901
f 1910/3013/2901 1912/3012/2900 1913/3014/2902
f 1910/3013/2901 1913/3014/2902 1915/3015/2903
f 1915/3015/2903 1913/3014/2902 1914/3016/2904
f 1917/3017/2905 1918/3018/2906 1916/3019/2907
f 1916/3019/2907 1918/3018/2906 1919/3020/2908
f 1921/3021/2909 1922/3022/2910 1920/3023/2911
f 1920/3023/2911 1922/3022/2910 1923/3024/2912
f 1924/3025/2913 1925/3026/2914 1920/3027/2915
f 1920/3027/2915 1925/3026/2914 1921/3028/2916
f 1927/3029/2917 1928/3030/2918 1926/3031/2919
f 1926/3031/2919 1928/3030/2918 1929/3032/2920
f 1931/3033/2921 1932/3034/2922 1930/3035/2923
f 1930/3035/2923 1932/3034/2922 1933/3036/2924
f 1926/3037/2925 1919/3038/2926 1927/3039/2927
f 1927/3039/2927 1919/3038/2926 1918/3040/2928
f 1933/3041/2929 1925/3042/2930 1930/3043/2931
f 1930/3043/2931 1925/3042/2930 1924/3044/2932
f 1935/3045/2933 1932/3046/2934 1934/3047/2935
f 1934/3047/2935 1932/3046/2934 1931/3048/2936
f 1923/3049/2937 1922/3050/2938 1906/3051/2939
f 1906/3051/2939 1922/3050/2938 1907/3052/2940
f 1934/3053/2941 1929/3054/2942 1935/3055/2943
f 1935/3055/2943 1929/3054/2942 1928/3056/2944
f 1916/3057/2945 1909/3058/2946 1917/3059/2947
f 1917/3059/2947 1909/3058/2946 1908/3060/2948
f 1931/3061/2949 1914/3062/2950 1934/3063/2951
f 1934/3063/2951 1914/3062/2950 1938/3064/2952
f 1934/3063/2951 1938/3064/2952 1929/3065/2953
f 1929/3065/2953 1938/3064/2952 1926/3066/2954
f 1926/3066/2954 1938/3064/2952 1939/3067/2955
f 1926/3066/2954 1939/3067/2955 1919/3068/2956
f 1919/3068/2956 1939/3067/2955 1916/3069/2957
f 1916/3069/2957 1939/3067/2955 1904/3070/2958
f 1916/3069/2957 1904/3070/2958 1909/3071/2959
f 1909/3071/2959 1904/3070/2958 1903/3072/2960
f 1909/3071/2959 1903/3072/2960 1906/3073/2961
f 1906/3073/2961 1903/3072/2960 1936/3074/2962
f 1906/3073/2961 1936/3074/2962 1923/3075/2963
f 1923/3075/2963 1936/3074/2962 1920/3076/2964
f 1920/3076/2964 1936/3074/2962 1937/3077/2965
f 1920/3076/2964 1937/3077/2965 1924/3078/2966
f 1924/3078/2966 1937/3077/2965 1930/3079/2967
f 1930/3079/2967 1937/3077/2965 1915/3080/2968
f 1930/3079/2967 1915/3080/2968 1931/3061/2949
f 1931/3061/2949 1915/3080/2968 1914/3062/2950
f 1940/3081/2969 1941/3082/2970 1985/3083/2971
f 1985/3083/2971 1941/3082/2970 1942/3084/2972
f 1985/3083/2971 1942/3084/2972 1989/3085/2973
f 1989/3085/2973 1942/3084/2972 1943/3086/2974
f 1989/3085/2973 1943/3086/2974 1990/3087/2975
f 1990/3087/2975 1943/3086/2974 1944/3088/2976
f 1990/3087/2975 1944/3088/2976 1992/3089/2977
f 1992/3089/2977 1944/3088/2976 1991/3090/2978
f 1992/3089/2977 1991/3090/2978 1988/3091/2979
f 1988/3091/2979 1991/3090/2978 1993/3092/2980
f 1988/3091/2979 1993/3092/2980 1995/3093/2981
f 1995/3093/2981 1993/3092/2980 1994/3094/2982
f 1995/3093/2981 1994/3094/2982 1999/3095/2983
f 1999/3095/2983 1994/3094/2982 1998/3096/2984
f 1999/3095/2983 1998/3096/2984 2002/3097/2985
f 2002/3097/2985 1998/3096/2984 2001/3098/2986
f 2002/3097/2985 2001/3098/2986 2012/3099/2987
f 2012/3099/2987 2001/3098/2986 2013/3100/2988
f 2012/3099/2987 2013/3100/2988 2007/3101/2989
f 2007/3101/2989 2013/3100/2988 2006/3102/2990
f 2007/3101/2989 2006/3102/2990 2016/3103/2991
f 2016/3103/2991 2006/3102/2990 2015/3104/2992
f 2016/3103/2991 2015/3104/2992 2022/3105/2993
f 2022/3105/2993 2015/3104/2992 2021/3106/2994
f 2022/3105/2993 2021/3106/2994 2029/3107/2995
f 2029/3107/2995 2021/3106/2994 2028/3108/2996
f 2029/3107/2995 2028/3108/2996 2036/3109/2997
f 2036/3109/2997 2028/3108/2996 2035/3110/2998
f 2036/3109/2997 2035/3110/2998 2044/3111/2999
f 2044/3111/2999 2035/3110/2998 2043/3112/3000
f 2044/3111/2999 2043/3112/3000 1966/3113/3001
f 1966/3113/3001 2043/3112/3000 1965/3114/3002
f 1965/3114/3002 2043/3112/3000 2051/3115/3003
f 1965/3114/3002 2051/3115/3003 1964/3116/3004
f 1964/3116/3004 2051/3115/3003 2050/3117/3005
f 1964/3116/3004 2050/3117/3005 1963/3118/3006
f 1963/3118/3006 2050/3117/3005 2049/3119/3007
f 1963/3118/3006 2049/3119/3007 2053/3120/3008
f 2053/3120/3008 2049/3119/3007 2048/3121/3009
f 2053/3120/3008 2048/3121/3009 2052/3122/3010
f 2052/3122/3010 2048/3121/3009 1957/3123/3011
f 2052/3122/3010 1957/3123/3011 1958/3124/3012
f 1944/3088/2976 1945/3125/3013 1991/3090/2978
f 1991/3090/2978 1945/3125/3013 1993/3092/2980
f 1945/3125/3013 1946/3126/3014 1993/3092/2980
f 1993/3092/2980 1946/3126/3014 1994/3094/2982
f 1994/3094/2982 1946/3126/3014 1997/3127/3015
f 1997/3127/3015 1946/3126/3014 1947/3128/3016
f 1997/3127/3015 1947/3128/3016 1948/3129/3017
f 1949/3130/3018 2013/3100/2988 1948/3129/3017
f 1948/3129/3017 2013/3100/2988 2001/3098/2986
f 1948/3129/3017 2001/3098/2986 1997/3127/3015
f 1997/3127/3015 2001/3098/2986 1998/3096/2984
f 1997/3127/3015 1998/3096/2984 1994/3094/2982
f 1950/3131/3019 2005/3132/3020 1949/3130/3018
f 1949/3130/3018 2005/3132/3020 2006/3102/2990
f 1949/3130/3018 2006/3102/2990 2013/3100/2988
f 2005/3132/3020 1950/3131/3019 2014/3133/3021
f 2014/3133/3021 1950/3131/3019 1951/3134/3022
f 2014/3133/3021 1951/3134/3022 2020/3135/3023
f 2020/3135/3023 1951/3134/3022 1952/3136/3024
f 2020/3135/3023 1952/3136/3024 2027/3137/3025
f 2027/3137/3025 1952/3136/3024 2026/3138/3026
f 2027/3137/3025 2026/3138/3026 2034/3139/3027
f 2034/3139/3027 2026/3138/3026 2033/3140/3028
f 2034/3139/3027 2033/3140/3028 2042/3141/3029
f 2042/3141/3029 2033/3140/3028 2041/3142/3030
f 2042/3141/3029 2041/3142/3030 2050/3117/3005
f 2050/3117/3005 2041/3142/3030 2049/3119/3007
f 1952/3136/3024 1953/3143/3031 2026/3138/3026
f 2026/3138/3026 1953/3143/3031 1954/3144/3032
f 2026/3138/3026 1954/3144/3032 2033/3140/3028
f 2033/3140/3028 1954/3144/3032 1955/3145/3033
f 2033/3140/3028 1955/3145/3033 2041/3142/3030
f 2041/3142/3030 1955/3145/3033 1956/3146/3034
f 2041/3142/3030 1956/3146/3034 2049/3119/3007
f 2049/3119/3007 1956/3146/3034 2048/3121/3009
f 1956/3146/3034 1957/3123/3011 2048/3121/3009
f 1959/3147/3035 1960/3148/3036 1958/3124/3012
f 1958/3124/3012 1960/3148/3036 2054/3149/3037
f 1958/3124/3012 2054/3149/3037 2052/3122/3010
f 2052/3122/3010 2054/3149/3037 1961/3150/3038
f 2052/3122/3010 1961/3150/3038 2053/3120/3008
f 2053/3120/3008 1961/3150/3038 1962/3151/3039
f 2053/3120/3008 1962/3151/3039 1963/3118/3006
f 1960/3148/3036 1961/3150/3038 2054/3149/3037
f 1966/3113/3001 1967/3152/3040 2044/3111/2999
f 2044/3111/2999 1967/3152/3040 2036/3109/2997
f 2036/3109/2997 1967/3152/3040 2037/3153/3041
f 2037/3153/3041 1967/3152/3040 1968/3154/3042
f 2037/3153/3041 1968/3154/3042 1969/3155/3043
f 2037/3153/3041 1969/3155/3043 2045/3156/3044
f 2045/3156/3044 1969/3155/3043 1970/3157/3045
f 2045/3156/3044 1970/3157/3045 2046/3158/3046
f 2046/3158/3046 1970/3157/3045 1971/3159/3047
f 2046/3158/3046 1971/3159/3047 1972/3160/3048
f 2046/3158/3046 1972/3160/3048 2047/3161/3049
f 2047/3161/3049 1972/3160/3048 1973/3162/3050
f 2047/3161/3049 1973/3162/3050 1974/3163/3051
f 1975/3164/3052 1976/3165/3053 1974/3163/3051
f 1974/3163/3051 1976/3165/3053 2047/3161/3049
f 1977/3166/3054 2032/3167/3055 1976/3165/3053
f 1976/3165/3053 2032/3167/3055 2040/3168/3056
f 1976/3165/3053 2040/3168/3056 2047/3161/3049
f 2047/3161/3049 2040/3168/3056 2039/3169/3057
f 2047/3161/3049 2039/3169/3057 2046/3158/3046
f 2046/3158/3046 2039/3169/3057 2038/3170/3058
f 2046/3158/3046 2038/3170/3058 2045/3156/3044
f 2045/3156/3044 2038/3170/3058 2037/3153/3041
f 2032/3167/3055 1977/3166/3054 1986/3171/3059
f 1986/3171/3059 1977/3166/3054 1978/3172/3060
f 1986/3171/3059 1978/3172/3060 2025/3173/3061
f 2025/3173/3061 1978/3172/3060 2019/3174/3062
f 2025/3173/3061 2019/3174/3062 2018/3175/3063
f 2018/3175/3063 2019/3174/3062 2009/3176/3064
f 2018/3175/3063 2009/3176/3064 2008/3177/3065
f 2008/3177/3065 2009/3176/3064 2011/3178/3066
f 2008/3177/3065 2011/3178/3066 2012/3099/2987
f 2012/3099/2987 2011/3178/3066 2002/3097/2985
f 2019/3174/3062 1978/3172/3060 1987/3179/3067
f 1987/3179/3067 1978/3172/3060 1979/3180/3068
f 1987/3179/3067 1979/3180/3068 1980/3181/3069
f 1981/3182/3070 2004/3183/3071 1980/3181/3069
f 1980/3181/3069 2004/3183/3071 2010/3184/3072
f 1980/3181/3069 2010/3184/3072 2009/3176/3064
f 2009/3176/3064 2010/3184/3072 2011/3178/3066
f 1982/3185/3073 1996/3186/3074 1981/3182/3070
f 1981/3182/3070 1996/3186/3074 2000/3187/3075
f 1981/3182/3070 2000/3187/3075 2004/3183/3071
f 2004/3183/3071 2000/3187/3075 2003/3188/3076
f 2004/3183/3071 2003/3188/3076 2010/3184/3072
f 2010/3184/3072 2003/3188/3076 2011/3178/3066
f 1983/3189/3077 1988/3091/2979 1982/3185/3073
f 1982/3185/3073 1988/3091/2979 1995/3093/2981
f 1982/3185/3073 1995/3093/2981 1996/3186/3074
f 1996/3186/3074 1995/3093/2981 2000/3187/3075
f 1984/3190/3078 1990/3087/2975 1983/3189/3077
f 1983/3189/3077 1990/3087/2975 1992/3089/2977
f 1983/3189/3077 1992/3089/2977 1988/3091/2979
f 1990/3087/2975 1984/3190/3078 1989/3085/2973
f 1989/3085/2973 1984/3190/3078 1985/3083/2971
f 2000/3187/3075 1995/3093/2981 1999/3095/2983
f 2003/3188/3076 2000/3187/3075 1999/3095/2983
f 2003/3188/3076 1999/3095/2983 2002/3097/2985
f 2011/3178/3066 2003/3188/3076 2002/3097/2985
f 2015/3104/2992 2006/3102/2990 2005/3132/3020
f 2012/3099/2987 2007/3101/2989 2008/3177/3065
f 2008/3177/3065 2007/3101/2989 2017/3191/3079
f 2008/3177/3065 2017/3191/3079 2018/3175/3063
f 2018/3175/3063 2017/3191/3079 2024/3192/3080
f 2018/3175/3063 2024/3192/3080 2025/3173/3061
f 2025/3173/3061 2024/3192/3080 1986/3171/3059
f 2017/3191/3079 2007/3101/2989 2016/3103/2991
f 2019/3174/3062 1987/3179/3067 2009/3176/3064
f 2009/3176/3064 1987/3179/3067 1980/3181/3069
f 2021/3106/2994 2015/3104/2992 2014/3133/3021
f 2014/3133/3021 2015/3104/2992 2005/3132/3020
f 2017/3191/3079 2016/3103/2991 2023/3193/3081
f 2023/3193/3081 2016/3103/2991 2022/3105/2993
f 2023/3193/3081 2022/3105/2993 2030/3194/3082
f 2030/3194/3082 2022/3105/2993 2029/3107/2995
f 2030/3194/3082 2029/3107/2995 2037/3153/3041
f 2037/3153/3041 2029/3107/2995 2036/3109/2997
f 2028/3108/2996 2021/3106/2994 2020/3135/3023
f 2020/3135/3023 2021/3106/2994 2014/3133/3021
f 2017/3191/3079 2023/3193/3081 2024/3192/3080
f 2024/3192/3080 2023/3193/3081 2031/3195/3083
f 2024/3192/3080 2031/3195/3083 1986/3171/3059
f 1986/3171/3059 2031/3195/3083 2039/3169/3057
f 1986/3171/3059 2039/3169/3057 2040/3168/3056
f 2031/3195/3083 2023/3193/3081 2030/3194/3082
f 2035/3110/2998 2028/3108/2996 2027/3137/3025
f 2027/3137/3025 2028/3108/2996 2020/3135/3023
f 2035/3110/2998 2027/3137/3025 2034/3139/3027
f 2037/3153/3041 2038/3170/3058 2030/3194/3082
f 2030/3194/3082 2038/3170/3058 2031/3195/3083
f 2040/3168/3056 2032/3167/3055 1986/3171/3059
f 2038/3170/3058 2039/3169/3057 2031/3195/3083
f 2043/3112/3000 2035/3110/2998 2034/3139/3027
f 2043/3112/3000 2034/3139/3027 2042/3141/3029
f 2051/3115/3003 2043/3112/3000 2042/3141/3029
f 2051/3115/3003 2042/3141/3029 2050/3117/3005
f 1958/3196/3084 2083/3197/3085 1959/3198/3086
f 1959/3198/3086 2083/3197/3085 2084/3199/3087
f 1959/3198/3086 2084/3199/3087 2102/3200/3088
f 2102/3200/3088 2084/3199/3087 2085/3201/3089
f 2102/3200/3088 2085/3201/3089 2101/3202/3090
f 2101/3202/3090 2085/3201/3089 2086/3203/3091
f 2101/3202/3090 2086/3203/3091 2100/3204/3092
f 2100/3204/3092 2086/3203/3091 2099/3205/3093
f 2099/3205/3093 2086/3203/3091 2087/3206/3094
f 2099/3205/3093 2087/3206/3094 2098/3207/3095
f 2098/3207/3095 2087/3206/3094 2088/3208/3096
f 2098/3207/3095 2088/3208/3096 2097/3209/3097
f 2097/3209/3097 2088/3208/3096 2096/3210/3098
f 2096/3210/3098 2088/3208/3096 2089/3211/3099
f 2096/3210/3098 2089/3211/3099 2095/3212/3100
f 2095/3212/3100 2089/3211/3099 2094/3213/3101
f 2094/3213/3101 2089/3211/3099 2090/3214/3102
f 2094/3213/3101 2090/3214/3102 2093/3215/3103
f 2093/3215/3103 2090/3214/3102 2091/3216/3104
f 2093/3215/3103 2091/3216/3104 2092/3217/3105
f 2092/3217/3105 2091/3216/3104 1911/3218/3106
f 2092/3217/3105 1911/3218/3106 1910/3219/3107
f 2083/3197/3085 1958/3196/3084 2082/3220/3108
f 2082/3220/3108 1958/3196/3084 1957/3221/3109
f 2082/3220/3108 1957/3221/3109 2081/3222/3110
f 2081/3222/3110 1957/3221/3109 1956/3223/3111
f 2081/3222/3110 1956/3223/3111 2080/3224/3112
f 2080/3224/3112 1956/3223/3111 1955/3225/3113
f 2080/3224/3112 1955/3225/3113 2079/3226/3114
f 2079/3226/3114 1955/3225/3113 2078/3227/3115
f 2078/3227/3115 1955/3225/3113 1954/3228/3116
f 2078/3227/3115 1954/3228/3116 2077/3229/3117
f 2077/3229/3117 1954/3228/3116 2076/3230/3118
f 2076/3230/3118 1954/3228/3116 2075/3231/3119
f 2075/3231/3119 1954/3228/3116 1953/3232/3120
f 2075/3231/3119 1953/3232/3120 2074/3233/3121
f 2074/3233/3121 1953/3232/3120 1952/3234/3122
f 2074/3233/3121 1952/3234/3122 2073/3235/3123
f 2073/3235/3123 1952/3234/3122 2072/3236/3124
f 2072/3236/3124 1952/3234/3122 1951/3237/3125
f 2072/3236/3124 1951/3237/3125 2071/3238/3126
f 2071/3238/3126 1951/3237/3125 2070/3239/3127
f 2070/3239/3127 1951/3237/3125 1950/3240/3128
f 2070/3239/3127 1950/3240/3128 2069/3241/3129
f 2069/3241/3129 1950/3240/3128 2068/3242/3130
f 2068/3242/3130 1950/3240/3128 1949/3243/3131
f 2068/3242/3130 1949/3243/3131 2067/3244/3132
f 2067/3244/3132 1949/3243/3131 2066/3245/3133
f 2066/3245/3133 1949/3243/3131 2065/3246/3134
f 2065/3246/3134 1949/3243/3131 1948/3247/3135
f 2065/3246/3134 1948/3247/3135 2064/3248/3136
f 2064/3248/3136 1948/3247/3135 2063/3249/3137
f 2063/3249/3137 1948/3247/3135 2062/3250/3138
f 2062/3250/3138 1948/3247/3135 2061/3251/3139
f 2061/3251/3139 1948/3247/3135 2060/3252/3140
f 2060/3252/3140 1948/3247/3135 1947/3253/3141
f 2060/3252/3140 1947/3253/3141 2059/3254/3142
f 2059/3254/3142 1947/3253/3141 1946/3255/3143
f 2059/3254/3142 1946/3255/3143 2058/3256/3144
f 2058/3256/3144 1946/3255/3143 1945/3257/3145
f 2058/3256/3144 1945/3257/3145 2057/3258/3146
f 2057/3258/3146 1945/3257/3145 1944/3259/3147
f 2057/3258/3146 1944/3259/3147 2056/3260/3148
f 2056/3260/3148 1944/3259/3147 1943/3261/3149
f 2056/3260/3148 1943/3261/3149 2055/3262/3150
f 2055/3262/3150 1943/3261/3149 1942/3263/3151
f 2055/3262/3150 1942/3263/3151 1941/3264/3152
f 2165/3265/3153 2103/3266/3154 2147/3267/3155
f 2147/3267/3155 2103/3266/3154 2104/3268/3156
f 2147/3267/3155 2104/3268/3156 2146/3269/3157
f 2146/3269/3157 2104/3268/3156 2145/3270/3158
f 2145/3270/3158 2104/3268/3156 2105/3271/3159
f 2145/3270/3158 2105/3271/3159 2144/3272/3160
f 2144/3272/3160 2105/3271/3159 2106/3273/3161
f 2144/3272/3160 2106/3273/3161 2107/3274/3162
f 2144/3272/3160 2107/3274/3162 2143/3275/3163
f 2143/3275/3163 2107/3274/3162 2108/3276/3164
f 2143/3275/3163 2108/3276/3164 2109/3277/3165
f 2143/3275/3163 2109/3277/3165 2142/3278/3166
f 2142/3278/3166 2109/3277/3165 2110/3279/3167
f 2142/3278/3166 2110/3279/3167 2111/3280/3168
f 2111/3280/3168 2112/3281/3169 2142/3278/3166
f 2142/3278/3166 2112/3281/3169 2113/3282/3170
f 2142/3278/3166 2113/3282/3170 2141/3283/3171
f 2141/3283/3171 2113/3282/3170 2114/3284/3172
f 2141/3283/3171 2114/3284/3172 2115/3285/3173
f 2141/3283/3171 2115/3285/3173 2140/3286/3174
f 2140/3286/3174 2115/3285/3173 2116/3287/3175
f 2140/3286/3174 2116/3287/3175 2117/3288/3176
f 2140/3286/3174 2117/3288/3176 2139/3289/3177
f 2139/3289/3177 2117/3288/3176 2118/3290/3178
f 2139/3289/3177 2118/3290/3178 2119/3291/3179
f 2119/3291/3179 2120/3292/3180 2139/3289/3177
f 2139/3289/3177 2120/3292/3180 2138/3293/3181
f 2138/3293/3181 2120/3292/3180 2121/3294/3182
f 2138/3293/3181 2121/3294/3182 2122/3295/3183
f 2138/3293/3181 2122/3295/3183 2137/3296/3184
f 2137/3296/3184 2122/3295/3183 2123/3297/3185
f 2137/3296/3184 2123/3297/3185 2124/3298/3186
f 2137/3296/3184 2124/3298/3186 2136/3299/3187
f 2136/3299/3187 2124/3298/3186 2125/3300/3188
f 2136/3299/3187 2125/3300/3188 2126/3301/3189
f 2136/3299/3187 2126/3301/3189 2135/3302/3190
f 2135/3302/3190 2126/3301/3189 2127/3303/3191
f 2135/3302/3190 2127/3303/3191 2134/3304/3192
f 2134/3304/3192 2127/3303/3191 2128/3305/3193
f 2134/3304/3192 2128/3305/3193 2129/3306/3194
f 2134/3304/3192 2129/3306/3194 2133/3307/3195
f 2133/3307/3195 2129/3306/3194 2130/3308/3196
f 2133/3307/3195 2130/3308/3196 2131/3309/3197
f 2131/3309/3197 2132/3310/3198 2133/3307/3195
f 2147/3267/3155 2148/3311/3199 2165/3265/3153
f 2165/3265/3153 2148/3311/3199 2164/3312/3200
f 2164/3312/3200 2148/3311/3199 2163/3313/3201
f 2163/3313/3201 2148/3311/3199 2149/3314/3202
f 2163/3313/3201 2149/3314/3202 2162/3315/3203
f 2162/3315/3203 2149/3314/3202 2150/3316/3204
f 2162/3315/3203 2150/3316/3204 2161/3317/3205
f 2161/3317/3205 2150/3316/3204 2160/3318/3206
f 2160/3318/3206 2150/3316/3204 2151/3319/3207
f 2160/3318/3206 2151/3319/3207 2159/3320/3208
f 2159/3320/3208 2151/3319/3207 2158/3321/3209
f 2158/3321/3209 2151/3319/3207 2152/3322/3210
f 2158/3321/3209 2152/3322/3210 2153/3323/3211
f 2154/3324/3212 2156/3325/3213 2153/3323/3211
f 2153/3323/3211 2156/3325/3213 2157/3326/3214
f 2153/3323/3211 2157/3326/3214 2158/3321/3209
f 2156/3325/3213 2154/3324/3212 2155/3327/3215
f 2155/3327/3215 2154/3324/3212 1900/3328/3216
f 2155/3327/3215 1900/3328/3216 1905/3329/3217
f 1905/3330/3218 1904/3331/3219 2172/3332/3220
f 2172/3332/3220 1904/3331/3219 2173/3333/3221
f 1939/3334/3222 2173/3335/3221 1904/3331/3219
f 1938/3336/3223 2173/3337/3221 1939/3334/3222
f 1914/3338/3224 2173/3339/3221 1938/3340/3223
f 1913/3341/3225 2173/3342/3221 1914/3338/3224
f 1912/3343/3226 2173/3344/3221 1913/3341/3225
f 1911/3345/3227 2173/3346/3221 1912/3343/3226
f 2166/3347/3228 2173/3348/3221 1911/3345/3227
f 2167/3349/3229 2173/3350/3221 2166/3347/3228
f 2168/3351/3230 2173/3352/3221 2167/3349/3229
f 2169/3353/3231 2173/3354/3221 2168/3351/3230
f 2170/3355/3232 2173/3356/3221 2169/3353/3231
f 2171/3357/3233 2173/3358/3221 2170/3355/3232
f 2172/3332/3220 2173/3359/3221 2171/3357/3233
f 2174/3360/3234 2181/3361/3235 1900/3362/3236
f 2176/3363/3237 2181/3364/3235 2175/3365/3238
f 2177/3366/3239 2181/3367/3235 2176/3363/3237
f 2178/3368/3240 2181/3369/3235 2177/3366/3239
f 2179/3370/3241 2181/3371/3235 2178/3368/3240
f 2180/3372/3242 2181/3373/3235 2179/3374/3241
f 1910/3375/3243 2181/3376/3235 2180/3372/3242
f 1915/3377/3244 2181/3378/3235 1910/3375/3243
f 1937/3379/3245 2181/3380/3235 1915/3377/3244
f 1936/3381/3246 2181/3382/3235 1937/3379/3245
f 1903/3383/3247 2181/3384/3235 1936/3381/3246
f 1902/3385/3248 2181/3386/3235 1903/3383/3247
f 1901/3387/3249 2181/3388/3235 1902/3385/3248
f 1900/3362/3236 2181/3389/3235 1901/3387/3249
f 2175/3365/3238 2181/3390/3235 2174/3360/3234
f 2183/3391/3250 1910/3392/3251 2182/3393/3252
f 2182/3393/3252 1910/3392/3251 2180/3394/3253
f 2182/3393/3252 2180/3394/3253 2196/3395/3254
f 2196/3395/3254 2180/3394/3253 2195/3396/3255
f 2195/3396/3255 2180/3394/3253 2179/3397/3256
f 2195/3396/3255 2179/3397/3256 2194/3398/3257
f 2194/3398/3257 2179/3397/3256 2178/3399/3258
f 2194/3398/3257 2178/3399/3258 2193/3400/3259
f 2193/3400/3259 2178/3399/3258 2177/3401/3260
f 2193/3400/3259 2177/3401/3260 2192/3402/3261
f 2192/3402/3261 2177/3401/3260 2176/3403/3262
f 2192/3402/3261 2176/3403/3262 2175/3404/3263
f 2184/3405/3264 2093/3406/3265 2183/3391/3250
f 2183/3391/3250 2093/3406/3265 2092/3407/3266
f 2183/3391/3250 2092/3407/3266 1910/3392/3251
f 2184/3405/3264 2185/3408/3267 2093/3406/3265
f 2093/3406/3265 2185/3408/3267 2094/3409/3268
f 2094/3409/3268 2185/3408/3267 2095/3410/3269
f 2192/3402/3261 2175/3404/3263 2191/3411/3270
f 2191/3411/3270 2175/3404/3263 2174/3412/3271
f 2191/3411/3270 2174/3412/3271 2190/3413/3272
f 2190/3413/3272 2174/3412/3271 2189/3414/3273
f 2189/3414/3273 2174/3412/3271 1900/3415/3274
f 2189/3414/3273 1900/3415/3274 2154/3416/3275
f 2153/3417/3276 2187/3418/3277 2154/3416/3275
f 2154/3416/3275 2187/3418/3277 2188/3419/3278
f 2154/3416/3275 2188/3419/3278 2189/3414/3273
f 2153/3417/3276 2152/3420/3279 2187/3418/3277
f 2187/3418/3277 2152/3420/3279 2186/3421/3280
f 2186/3421/3280 2152/3420/3279 2151/3422/3281
f 2215/3423/3282 2197/3424/3283 1905/3425/3284
f 1905/3425/3284 2197/3424/3283 2198/3426/3285
f 1905/3425/3284 2198/3426/3285 2155/3427/3286
f 2155/3427/3286 2198/3426/3285 2199/3428/3287
f 2155/3427/3286 2199/3428/3287 2156/3429/3288
f 2156/3429/3288 2199/3428/3287 2200/3430/3289
f 2156/3429/3288 2200/3430/3289 2157/3431/3290
f 2157/3431/3290 2200/3430/3289 2158/3432/3291
f 1905/3425/3284 2172/3433/3292 2215/3423/3282
f 2215/3423/3282 2172/3433/3292 2214/3434/3293
f 2214/3434/3293 2172/3433/3292 2171/3435/3294
f 2214/3434/3293 2171/3435/3294 2213/3436/3295
f 2213/3436/3295 2171/3435/3294 2170/3437/3296
f 2213/3436/3295 2170/3437/3296 2212/3438/3297
f 2212/3438/3297 2170/3437/3296 2169/3439/3298
f 2212/3438/3297 2169/3439/3298 2211/3440/3299
f 2211/3440/3299 2169/3439/3298 2168/3441/3300
f 2211/3440/3299 2168/3441/3300 2210/3442/3301
f 2210/3442/3301 2168/3441/3300 2167/3443/3302
f 2210/3442/3301 2167/3443/3302 2166/3444/3303
f 2210/3442/3301 2166/3444/3303 2209/3445/3304
f 2209/3445/3304 2166/3444/3303 1911/3446/3305
f 2209/3445/3304 1911/3446/3305 2208/3447/3306
f 2208/3447/3306 1911/3446/3305 2091/3448/3307
f 2208/3447/3306 2091/3448/3307 2207/3449/3308
f 2207/3449/3308 2091/3448/3307 2206/3450/3309
f 2206/3450/3309 2091/3448/3307 2090/3451/3310
f 2206/3450/3309 2090/3451/3310 2205/3452/3311
f 2205/3452/3311 2090/3451/3310 2089/3453/3312
f 2205/3452/3311 2089/3453/3312 2204/3454/3313
f 2204/3454/3313 2089/3453/3312 2088/3455/3314
f 2204/3454/3313 2088/3455/3314 2087/3456/3315
f 2204/3454/3313 2087/3456/3315 2203/3457/3316
f 2203/3457/3316 2087/3456/3315 2086/3458/3317
f 2203/3457/3316 2086/3458/3317 2202/3459/3318
f 2202/3459/3318 2086/3458/3317 2085/3460/3319
f 2202/3459/3318 2085/3460/3319 2201/3461/3320
f 2201/3461/3320 2085/3460/3319 2084/3462/3321
f 2260/3463/3322 2132/3464/3323 2232/3465/3324
f 2232/3465/3324 2132/3464/3323 2131/3466/3325
f 2232/3465/3324 2131/3466/3325 2231/3467/3326
f 2231/3467/3326 2131/3466/3325 2130/3468/3327
f 2231/3467/3326 2130/3468/3327 2230/3469/3328
f 2230/3469/3328 2130/3468/3327 2229/3470/3329
f 2229/3470/3329 2130/3468/3327 2129/3471/3330
f 2229/3470/3329 2129/3471/3330 2228/3472/3331
f 2228/3472/3331 2129/3471/3330 2128/3473/3332
f 2228/3472/3331 2128/3473/3332 2227/3474/3333
f 2227/3474/3333 2128/3473/3332 2127/3475/3334
f 2227/3474/3333 2127/3475/3334 2226/3476/3335
f 2226/3476/3335 2127/3475/3334 2126/3477/3336
f 2226/3476/3335 2126/3477/3336 2225/3478/3337
f 2225/3478/3337 2126/3477/3336 2125/3479/3338
f 2225/3478/3337 2125/3479/3338 2224/3480/3339
f 2224/3480/3339 2125/3479/3338 2124/3481/3340
f 2224/3480/3339 2124/3481/3340 2223/3482/3341
f 2223/3482/3341 2124/3481/3340 2123/3483/3342
f 2223/3482/3341 2123/3483/3342 2222/3484/3343
f 2222/3484/3343 2123/3483/3342 2122/3485/3344
f 2222/3484/3343 2122/3485/3344 2221/3486/3345
f 2221/3486/3345 2122/3485/3344 2121/3487/3346
f 2221/3486/3345 2121/3487/3346 2220/3488/3347
f 2220/3488/3347 2121/3487/3346 2120/3489/3348
f 2220/3488/3347 2120/3489/3348 2219/3490/3349
f 2219/3490/3349 2120/3489/3348 2119/3491/3350
f 2219/3490/3349 2119/3491/3350 2118/3492/3351
f 2219/3490/3349 2118/3492/3351 2218/3493/3352
f 2218/3493/3352 2118/3492/3351 2117/3494/3353
f 2218/3493/3352 2117/3494/3353 2217/3495/3354
f 2217/3495/3354 2117/3494/3353 2116/3496/3355
f 2217/3495/3354 2116/3496/3355 2115/3497/3356
f 2217/3495/3354 2115/3497/3356 2216/3498/3357
f 2216/3498/3357 2115/3497/3356 2114/3499/3358
f 2216/3498/3357 2114/3499/3358 2113/3500/3359
f 2113/3500/3359 2112/3501/3360 2216/3498/3357
f 2216/3498/3357 2112/3501/3360 2111/3502/3361
f 2216/3498/3357 2111/3502/3361 2104/3503/3362
f 2104/3503/3362 2111/3502/3361 2110/3504/3363
f 2104/3503/3362 2110/3504/3363 2109/3505/3364
f 2109/3505/3364 2108/3506/3365 2104/3503/3362
f 2104/3503/3362 2108/3506/3365 2105/3507/3366
f 2105/3507/3366 2108/3506/3365 2107/3508/3367
f 2105/3507/3366 2107/3508/3367 2106/3509/3368
f 2103/3510/3369 2216/3498/3357 2104/3503/3362
f 2232/3465/3324 2233/3511/3370 2260/3463/3322
f 2260/3463/3322 2233/3511/3370 2259/3512/3371
f 2259/3512/3371 2233/3511/3370 2258/3513/3372
f 2258/3513/3372 2233/3511/3370 2257/3514/3373
f 2257/3514/3373 2233/3511/3370 2256/3515/3374
f 2256/3515/3374 2233/3511/3370 2255/3516/3375
f 2255/3516/3375 2233/3511/3370 2254/3517/3376
f 2254/3517/3376 2233/3511/3370 2234/3518/3377
f 2254/3517/3376 2234/3518/3377 2253/3519/3378
f 2253/3519/3378 2234/3518/3377 2251/3520/3379
f 2253/3519/3378 2251/3520/3379 2252/3521/3380
f 2251/3520/3379 2234/3518/3377 2250/3522/3381
f 2250/3522/3381 2234/3518/3377 2235/3523/3382
f 2250/3522/3381 2235/3523/3382 2249/3524/3383
f 2249/3524/3383 2235/3523/3382 2248/3525/3384
f 2248/3525/3384 2235/3523/3382 2247/3526/3385
f 2247/3526/3385 2235/3523/3382 2236/3527/3386
f 2247/3526/3385 2236/3527/3386 2246/3528/3387
f 2246/3528/3387 2236/3527/3386 2245/3529/3388
f 2245/3529/3388 2236/3527/3386 2244/3530/3389
f 2244/3530/3389 2236/3527/3386 2237/3531/3390
f 2244/3530/3389 2237/3531/3390 2243/3532/3391
f 2243/3532/3391 2237/3531/3390 2242/3533/3392
f 2242/3533/3392 2237/3531/3390 2238/3534/3393
f 2242/3533/3392 2238/3534/3393 2241/3535/3394
f 2241/3535/3394 2238/3534/3393 2240/3536/3395
f 2240/3536/3395 2238/3534/3393 2239/3537/3396
f 2261/3538/3397 2262/3539/3398 2272/3540/3399
f 2272/3540/3399 2262/3539/3398 2271/3541/3400
f 2271/3541/3400 2262/3539/3398 2270/3542/3401
f 2270/3542/3401 2262/3539/3398 2269/3543/3402
f 2269/3543/3402 2262/3539/3398 2190/3544/3403
f 2269/3543/3402 2190/3544/3403 2268/3545/3404
f 2268/3545/3404 2190/3544/3403 2189/3546/3405
f 2263/3547/3406 2193/3548/3407 2262/3539/3398
f 2262/3539/3398 2193/3548/3407 2192/3549/3408
f 2262/3539/3398 2192/3549/3408 2191/3550/3409
f 2263/3547/3406 2264/3551/3410 2193/3548/3407
f 2193/3548/3407 2264/3551/3410 2194/3552/3411
f 2194/3552/3411 2264/3551/3410 2265/3553/3412
f 2194/3552/3411 2265/3553/3412 2195/3554/3413
f 2195/3554/3413 2265/3553/3412 2266/3555/3414
f 2195/3554/3413 2266/3555/3414 2196/3556/3415
f 2196/3556/3415 2266/3555/3414 2267/3557/3416
f 2196/3556/3415 2267/3557/3416 2182/3558/3417
f 2191/3550/3409 2190/3544/3403 2262/3539/3398
f 2274/3559/3418 2212/3560/3419 2273/3561/3420
f 2273/3561/3420 2212/3560/3419 2211/3562/3421
f 2273/3561/3420 2211/3562/3421 2210/3563/3422
f 2274/3559/3418 2275/3564/3423 2212/3560/3419
f 2212/3560/3419 2275/3564/3423 2213/3565/3424
f 2213/3565/3424 2275/3564/3423 2276/3566/3425
f 2213/3565/3424 2276/3566/3425 2214/3567/3426
f 2214/3567/3426 2276/3566/3425 2277/3568/3427
f 2214/3567/3426 2277/3568/3427 2215/3569/3428
f 2215/3569/3428 2277/3568/3427 2278/3570/3429
f 2215/3569/3428 2278/3570/3429 2197/3571/3430
f 2210/3563/3422 2209/3572/3431 2273/3561/3420
f 2273/3561/3420 2209/3572/3431 2280/3573/3432
f 2273/3561/3420 2280/3573/3432 2281/3574/3433
f 2208/3575/3434 2279/3576/3435 2209/3572/3431
f 2209/3572/3431 2279/3576/3435 2280/3573/3432
f 2281/3574/3433 2282/3577/3436 2273/3561/3420
f 2273/3561/3420 2282/3577/3436 2283/3578/3437
f 2273/3561/3420 2283/3578/3437 2284/3579/3438
f 2079/3580/3439 2285/3581/3440 2080/3582/3441
f 2080/3582/3441 2285/3581/3440 2286/3583/3442
f 2080/3582/3441 2286/3583/3442 2081/3584/3443
f 2081/3584/3443 2286/3583/3442 2290/3585/3444
f 2081/3584/3443 2290/3585/3444 2082/3586/3445
f 2082/3586/3445 2290/3585/3444 2291/3587/3446
f 2082/3586/3445 2291/3587/3446 2083/3588/3447
f 2083/3588/3447 2291/3587/3446 2292/3589/3448
f 2083/3588/3447 2292/3589/3448 2084/3590/3449
f 2290/3585/3444 2286/3583/3442 2289/3591/3450
f 2289/3591/3450 2286/3583/3442 2287/3592/3451
f 2289/3591/3450 2287/3592/3451 2288/3593/3452
f 2293/3594/3453 2294/3595/3454 1975/3596/3455
f 1975/3596/3455 2294/3595/3454 2295/3597/3456
f 1975/3596/3455 2295/3597/3456 2296/3598/3457
f 2296/3598/3457 2297/3599/3458 1975/3596/3455
f 1975/3596/3455 2297/3599/3458 2309/3600/3459
f 2309/3600/3459 2297/3599/3458 2298/3601/3460
f 2309/3600/3459 2298/3601/3460 2299/3602/3461
f 2299/3602/3461 2300/3603/3462 2309/3600/3459
f 2309/3600/3459 2300/3603/3462 2308/3604/3463
f 2308/3604/3463 2300/3603/3462 2301/3605/3464
f 2308/3604/3463 2301/3605/3464 2302/3606/3465
f 2302/3606/3465 2303/3607/3466 2308/3604/3463
f 2308/3604/3463 2303/3607/3466 2304/3608/3467
f 2308/3604/3463 2304/3608/3467 2305/3609/3468
f 2308/3604/3463 2305/3609/3468 2288/3610/3469
f 2288/3610/3469 2305/3609/3468 2306/3611/3470
f 2288/3610/3469 2306/3611/3470 2307/3612/3471
f 2307/3612/3471 2284/3613/3472 2288/3610/3469
f 2288/3610/3469 2284/3613/3472 2283/3614/3473
f 2288/3610/3469 2283/3614/3473 2289/3615/3474
f 2289/3615/3474 2283/3614/3473 2282/3616/3475
f 2289/3615/3474 2282/3616/3475 2290/3617/3476
f 2290/3617/3476 2282/3616/3475 2281/3618/3477
f 2290/3617/3476 2281/3618/3477 2291/3619/3478
f 2291/3619/3478 2281/3618/3477 2280/3620/3479
f 2291/3619/3478 2280/3620/3479 2292/3621/3480
f 2292/3621/3480 2280/3620/3479 2279/3622/3481
f 2292/3621/3480 2279/3622/3481 2084/3623/3482
f 2084/3623/3482 2279/3622/3481 2208/3624/3483
f 2084/3623/3482 2208/3624/3483 2201/3625/3484
f 2201/3625/3484 2208/3624/3483 2202/3626/3485
f 2202/3626/3485 2208/3624/3483 2203/3627/3486
f 2203/3627/3486 2208/3624/3483 2204/3628/3487
f 2204/3628/3487 2208/3624/3483 2205/3629/3488
f 2205/3629/3488 2208/3624/3483 2207/3630/3489
f 2205/3629/3488 2207/3630/3489 2206/3631/3490
f 2333/3632/3491 2310/3633/3492 2315/3634/3493
f 2315/3634/3493 2310/3633/3492 2311/3635/3494
f 2315/3634/3493 2311/3635/3494 2312/3636/3495
f 2312/3636/3495 2313/3637/3496 2315/3634/3493
f 2315/3634/3493 2313/3637/3496 2314/3638/3497
f 2316/3639/3498 2329/3640/3499 2315/3634/3493
f 2315/3634/3493 2329/3640/3499 2330/3641/3500
f 2315/3634/3493 2330/3641/3500 2331/3642/3501
f 2317/3643/3502 2145/3644/3503 2316/3639/3498
f 2316/3639/3498 2145/3644/3503 2144/3645/3504
f 2316/3639/3498 2144/3645/3504 2327/3646/3505
f 2327/3646/3505 2144/3645/3504 2143/3647/3506
f 2327/3646/3505 2143/3647/3506 2326/3648/3507
f 2326/3648/3507 2143/3647/3506 2325/3649/3508
f 2325/3649/3508 2143/3647/3506 2324/3650/3509
f 2324/3650/3509 2143/3647/3506 2323/3651/3510
f 2323/3651/3510 2143/3647/3506 2322/3652/3511
f 2322/3652/3511 2143/3647/3506 2321/3653/3512
f 2321/3653/3512 2143/3647/3506 2320/3654/3513
f 2320/3654/3513 2143/3647/3506 2319/3655/3514
f 2319/3655/3514 2143/3647/3506 2142/3656/3515
f 2145/3644/3503 2317/3643/3502 2146/3657/3516
f 2146/3657/3516 2317/3643/3502 2318/3658/3517
f 2146/3657/3516 2318/3658/3517 2147/3659/3518
f 2327/3646/3505 2328/3660/3519 2316/3639/3498
f 2316/3639/3498 2328/3660/3519 2329/3640/3499
f 2331/3642/3501 2332/3661/3520 2315/3634/3493
f 2315/3634/3493 2332/3661/3520 2333/3632/3491
f 2350/3662/3521 2261/3663/3522 2314/3664/3523
f 2314/3664/3523 2261/3663/3522 2272/3665/3524
f 2314/3664/3523 2272/3665/3524 2315/3666/3525
f 2315/3666/3525 2272/3665/3524 2271/3667/3526
f 2315/3666/3525 2271/3667/3526 2316/3668/3527
f 2316/3668/3527 2271/3667/3526 2270/3669/3528
f 2316/3668/3527 2270/3669/3528 2317/3670/3529
f 2317/3670/3529 2270/3669/3528 2269/3671/3530
f 2317/3670/3529 2269/3671/3530 2318/3672/3531
f 2318/3672/3531 2269/3671/3530 2268/3673/3532
f 2318/3672/3531 2268/3673/3532 2147/3674/3533
f 2147/3674/3533 2268/3673/3532 2189/3675/3534
f 2147/3674/3533 2189/3675/3534 2148/3676/3535
f 2148/3676/3535 2189/3675/3534 2149/3677/3536
f 2149/3677/3536 2189/3675/3534 2151/3678/3537
f 2149/3677/3536 2151/3678/3537 2150/3679/3538
f 2189/3675/3534 2188/3680/3539 2151/3678/3537
f 2151/3678/3537 2188/3680/3539 2186/3681/3540
f 2186/3681/3540 2188/3680/3539 2187/3682/3541
f 2334/3683/3542 2347/3684/3543 2314/3664/3523
f 2314/3664/3523 2347/3684/3543 2348/3685/3544
f 2314/3664/3523 2348/3685/3544 2349/3686/3545
f 2335/3687/3546 2343/3688/3547 2334/3683/3542
f 2334/3683/3542 2343/3688/3547 2344/3689/3548
f 2334/3683/3542 2344/3689/3548 2345/3690/3549
f 2239/3691/3550 2339/3692/3551 2335/3687/3546
f 2335/3687/3546 2339/3692/3551 2340/3693/3552
f 2335/3687/3546 2340/3693/3552 2341/3694/3553
f 2336/3695/3554 2337/3696/3555 2239/3691/3550
f 2239/3691/3550 2337/3696/3555 2338/3697/3556
f 2239/3691/3550 2338/3697/3556 2339/3692/3551
f 2341/3694/3553 2342/3698/3557 2335/3687/3546
f 2335/3687/3546 2342/3698/3557 2343/3688/3547
f 2345/3690/3549 2346/3699/3558 2334/3683/3542
f 2334/3683/3542 2346/3699/3558 2347/3684/3543
f 2349/3686/3545 2350/3662/3521 2314/3664/3523
f 1940/3700/3559 1985/3701/3560 1941/3702/3561
f 1941/3702/3561 1985/3701/3560 2055/3703/3562
f 2055/3703/3562 1985/3701/3560 2351/3704/3563
f 2055/3703/3562 2351/3704/3563 2056/3705/3564
f 2056/3705/3564 2351/3704/3563 2057/3706/3565
f 2057/3706/3565 2351/3704/3563 2058/3707/3566
f 2058/3707/3566 2351/3704/3563 2352/3708/3567
f 2058/3707/3566 2352/3708/3567 2353/3709/3568
f 2353/3709/3568 2354/3710/3569 2058/3707/3566
f 2058/3707/3566 2354/3710/3569 2059/3711/3570
f 2059/3711/3570 2354/3710/3569 2060/3712/3571
f 2355/3713/3572 1967/3714/3573 2262/3715/3574
f 2262/3715/3574 1967/3714/3573 1966/3716/3575
f 2262/3715/3574 1966/3716/3575 1965/3717/3576
f 1967/3714/3573 2355/3713/3572 1968/3718/3577
f 1968/3718/3577 2355/3713/3572 2356/3719/3578
f 1968/3718/3577 2356/3719/3578 2357/3720/3579
f 1968/3718/3577 2357/3720/3579 1969/3721/3580
f 1969/3721/3580 2357/3720/3579 2358/3722/3581
f 1969/3721/3580 2358/3722/3581 2359/3723/3582
f 1969/3721/3580 2359/3723/3582 1970/3724/3583
f 1970/3724/3583 2359/3723/3582 2360/3725/3584
f 1970/3724/3583 2360/3725/3584 2361/3726/3585
f 1970/3724/3583 2361/3726/3585 1971/3727/3586
f 1971/3727/3586 2361/3726/3585 2362/3728/3587
f 1971/3727/3586 2362/3728/3587 2363/3729/3588
f 1971/3727/3586 2363/3729/3588 1972/3730/3589
f 1972/3730/3589 2363/3729/3588 2364/3731/3590
f 1972/3730/3589 2364/3731/3590 2365/3732/3591
f 1972/3730/3589 2365/3732/3591 1973/3733/3592
f 1973/3733/3592 2365/3732/3591 2366/3734/3593
f 1973/3733/3592 2366/3734/3593 2367/3735/3594
f 1973/3733/3592 2367/3735/3594 1974/3736/3595
f 1974/3736/3595 2367/3735/3594 2368/3737/3596
f 1974/3736/3595 2368/3737/3596 2369/3738/3597
f 2369/3738/3597 1975/3739/3598 1974/3736/3595
f 1964/3740/3599 2264/3741/3600 1965/3717/3576
f 1965/3717/3576 2264/3741/3600 2263/3742/3601
f 1965/3717/3576 2263/3742/3601 2262/3715/3574
f 1964/3740/3599 1963/3743/3602 2264/3741/3600
f 2264/3741/3600 1963/3743/3602 2265/3744/3603
f 2265/3744/3603 1963/3743/3602 1962/3745/3604
f 2265/3744/3603 1962/3745/3604 1961/3746/3605
f 2265/3744/3603 1961/3746/3605 2266/3747/3606
f 2266/3747/3606 1961/3746/3605 1960/3748/3607
f 2266/3747/3606 1960/3748/3607 2267/3749/3608
f 2267/3749/3608 1960/3748/3607 1959/3750/3609
f 2267/3749/3608 1959/3750/3609 2102/3751/3610
f 2102/3751/3610 2101/3752/3611 2267/3749/3608
f 2267/3749/3608 2101/3752/3611 2100/3753/3612
f 2267/3749/3608 2100/3753/3612 2095/3754/3613
f 2095/3754/3613 2100/3753/3612 2099/3755/3614
f 2095/3754/3613 2099/3755/3614 2098/3756/3615
f 2098/3756/3615 2097/3757/3616 2095/3754/3613
f 2095/3754/3613 2097/3757/3616 2096/3758/3617
f 2267/3749/3608 2095/3754/3613 2182/3759/3618
f 2182/3759/3618 2095/3754/3613 2185/3760/3619
f 2182/3759/3618 2185/3760/3619 2183/3761/3620
f 2183/3761/3620 2185/3760/3619 2184/3762/3621
f 1980/3763/3622 2377/3764/3623 1981/3765/3624
f 1981/3765/3624 2377/3764/3623 2378/3766/3625
f 1981/3765/3624 2378/3766/3625 2379/3767/3626
f 2377/3764/3623 1980/3763/3622 2376/3768/3627
f 2376/3768/3627 1980/3763/3622 1979/3769/3628
f 2376/3768/3627 1979/3769/3628 2375/3770/3629
f 2375/3770/3629 1979/3769/3628 2374/3771/3630
f 2374/3771/3630 1979/3769/3628 1978/3772/3631
f 2374/3771/3630 1978/3772/3631 2373/3773/3632
f 2373/3773/3632 1978/3772/3631 2372/3774/3633
f 2372/3774/3633 1978/3772/3631 2371/3775/3634
f 2371/3775/3634 1978/3772/3631 2370/3776/3635
f 2370/3776/3635 1978/3772/3631 1977/3777/3636
f 2379/3767/3626 2351/3778/3637 1981/3765/3624
f 2380/3779/3638 2251/3780/3639 2395/3781/3640
f 2395/3781/3640 2251/3780/3639 2394/3782/3641
f 2394/3782/3641 2251/3780/3639 2393/3783/3642
f 2393/3783/3642 2251/3780/3639 2392/3784/3643
f 2392/3784/3643 2251/3780/3639 2249/3785/3644
f 2392/3784/3643 2249/3785/3644 2248/3786/3645
f 2251/3780/3639 2250/3787/3646 2249/3785/3644
f 2247/3788/3647 2390/3789/3648 2248/3786/3645
f 2248/3786/3645 2390/3789/3648 2391/3790/3649
f 2248/3786/3645 2391/3790/3649 2392/3784/3643
f 2246/3791/3650 2388/3792/3651 2247/3788/3647
f 2247/3788/3647 2388/3792/3651 2389/3793/3652
f 2247/3788/3647 2389/3793/3652 2390/3789/3648
f 2245/3794/3653 2386/3795/3654 2246/3791/3650
f 2246/3791/3650 2386/3795/3654 2387/3796/3655
f 2246/3791/3650 2387/3796/3655 2388/3792/3651
f 2244/3797/3656 2383/3798/3657 2245/3794/3653
f 2245/3794/3653 2383/3798/3657 2384/3799/3658
f 2245/3794/3653 2384/3799/3658 2385/3800/3659
f 2243/3801/3660 2381/3802/3661 2244/3797/3656
f 2244/3797/3656 2381/3802/3661 2382/3803/3662
f 2244/3797/3656 2382/3803/3662 2383/3798/3657
f 2385/3800/3659 2386/3795/3654 2245/3794/3653
f 2260/3804/3663 2259/3805/3664 2132/3806/3665
f 2132/3806/3665 2259/3805/3664 2133/3807/3666
f 2133/3807/3666 2259/3805/3664 2380/3808/3667
f 2133/3807/3666 2380/3808/3667 2134/3809/3668
f 2134/3809/3668 2380/3808/3667 2135/3810/3669
f 2135/3810/3669 2380/3808/3667 2136/3811/3670
f 2136/3811/3670 2380/3808/3667 2396/3812/3671
f 2136/3811/3670 2396/3812/3671 2397/3813/3672
f 2397/3813/3672 2398/3814/3673 2136/3811/3670
f 2136/3811/3670 2398/3814/3673 2137/3815/3674
f 2137/3815/3674 2398/3814/3673 2399/3816/3675
f 2137/3815/3674 2399/3816/3675 2400/3817/3676
f 2400/3817/3676 2401/3818/3677 2137/3815/3674
f 2137/3815/3674 2401/3818/3677 2402/3819/3678
f 2137/3815/3674 2402/3819/3678 2138/3820/3679
f 2402/3821/3680 2319/3822/3681 2138/3823/3682
f 2138/3823/3682 2319/3822/3681 2142/3824/3683
f 2138/3823/3682 2142/3824/3683 2141/3825/3684
f 2401/3826/3685 2321/3827/3686 2402/3821/3680
f 2402/3821/3680 2321/3827/3686 2320/3828/3687
f 2402/3821/3680 2320/3828/3687 2319/3822/3681
f 2400/3829/3688 2323/3830/3689 2401/3826/3685
f 2401/3826/3685 2323/3830/3689 2322/3831/3690
f 2401/3826/3685 2322/3831/3690 2321/3827/3686
f 2399/3832/3691 2325/3833/3692 2400/3829/3688
f 2400/3829/3688 2325/3833/3692 2324/3834/3693
f 2400/3829/3688 2324/3834/3693 2323/3830/3689
f 2398/3835/3694 2327/3836/3695 2399/3832/3691
f 2399/3832/3691 2327/3836/3695 2326/3837/3696
f 2399/3832/3691 2326/3837/3696 2325/3833/3692
f 2397/3838/3697 2329/3839/3698 2398/3835/3694
f 2398/3835/3694 2329/3839/3698 2328/3840/3699
f 2398/3835/3694 2328/3840/3699 2327/3836/3695
f 2396/3841/3700 2331/3842/3701 2397/3838/3697
f 2397/3838/3697 2331/3842/3701 2330/3843/3702
f 2397/3838/3697 2330/3843/3702 2329/3839/3698
f 2380/3844/3703 2333/3845/3704 2396/3841/3700
f 2396/3841/3700 2333/3845/3704 2332/3846/3705
f 2396/3841/3700 2332/3846/3705 2331/3842/3701
f 2333/3845/3704 2380/3844/3703 2310/3847/3706
f 2310/3847/3706 2380/3844/3703 2395/3848/3707
f 2310/3847/3706 2395/3848/3707 2311/3849/3708
f 2311/3849/3708 2395/3848/3707 2394/3850/3709
f 2311/3849/3708 2394/3850/3709 2312/3851/3710
f 2312/3851/3710 2394/3850/3709 2393/3852/3711
f 2312/3851/3710 2393/3852/3711 2313/3853/3712
f 2313/3853/3712 2393/3852/3711 2392/3854/3713
f 2313/3853/3712 2392/3854/3713 2314/3855/3714
f 2314/3855/3714 2392/3854/3713 2391/3856/3715
f 2314/3855/3714 2391/3856/3715 2417/3857/3716
f 2417/3857/3716 2391/3856/3715 2416/3858/3717
f 2416/3858/3717 2391/3856/3715 2390/3859/3718
f 2416/3858/3717 2390/3859/3718 2415/3860/3719
f 2415/3860/3719 2390/3859/3718 2414/3861/3720
f 2414/3861/3720 2390/3859/3718 2389/3862/3721
f 2414/3861/3720 2389/3862/3721 2413/3863/3722
f 2413/3863/3722 2389/3862/3721 2388/3864/3723
f 2413/3863/3722 2388/3864/3723 2412/3865/3724
f 2412/3865/3724 2388/3864/3723 2411/3866/3725
f 2411/3866/3725 2388/3864/3723 2387/3867/3726
f 2411/3866/3725 2387/3867/3726 2410/3868/3727
f 2410/3868/3727 2387/3867/3726 2386/3869/3728
f 2410/3868/3727 2386/3869/3728 2385/3870/3729
f 2384/3871/3730 2407/3872/3731 2385/3870/3729
f 2385/3870/3729 2407/3872/3731 2408/3873/3732
f 2385/3870/3729 2408/3873/3732 2409/3874/3733
f 2407/3872/3731 2384/3871/3730 2406/3875/3734
f 2406/3875/3734 2384/3871/3730 2383/3876/3735
f 2406/3875/3734 2383/3876/3735 2405/3877/3736
f 2405/3877/3736 2383/3876/3735 2404/3878/3737
f 2404/3878/3737 2383/3876/3735 2382/3879/3738
f 2404/3878/3737 2382/3879/3738 2403/3880/3739
f 2403/3880/3739 2382/3879/3738 2381/3881/3740
f 2403/3880/3739 2381/3881/3740 2243/3882/3741
f 2409/3874/3733 2410/3868/3727 2385/3870/3729
f 2141/3825/3684 2140/3883/3742 2138/3823/3682
f 2138/3823/3682 2140/3883/3742 2139/3884/3743
f 2239/3885/3744 2238/3886/3745 2432/3887/3746
f 2432/3887/3746 2238/3886/3745 2431/3888/3747
f 2431/3888/3747 2238/3886/3745 2430/3889/3748
f 2430/3889/3748 2238/3886/3745 2237/3890/3749
f 2430/3889/3748 2237/3890/3749 2429/3891/3750
f 2429/3891/3750 2237/3890/3749 2428/3892/3751
f 2428/3892/3751 2237/3890/3749 2236/3893/3752
f 2428/3892/3751 2236/3893/3752 2427/3894/3753
f 2427/3894/3753 2236/3893/3752 2426/3895/3754
f 2426/3895/3754 2236/3893/3752 2235/3896/3755
f 2426/3895/3754 2235/3896/3755 2425/3897/3756
f 2425/3897/3756 2235/3896/3755 2424/3898/3757
f 2424/3898/3757 2235/3896/3755 2234/3899/3758
f 2424/3898/3757 2234/3899/3758 2423/3900/3759
f 2423/3900/3759 2234/3899/3758 2422/3901/3760
f 2422/3901/3760 2234/3899/3758 2233/3902/3761
f 2422/3901/3760 2233/3902/3761 2421/3903/3762
f 2421/3903/3762 2233/3902/3761 2420/3904/3763
f 2420/3904/3763 2233/3902/3761 2232/3905/3764
f 2420/3904/3763 2232/3905/3764 2419/3906/3765
f 2419/3906/3765 2232/3905/3764 2418/3907/3766
f 2418/3907/3766 2232/3905/3764 2231/3908/3767
f 2418/3907/3766 2231/3908/3767 2273/3909/3768
f 2273/3909/3768 2231/3908/3767 2230/3910/3769
f 2273/3909/3768 2230/3910/3769 2274/3911/3770
f 2274/3911/3770 2230/3910/3769 2229/3912/3771
f 2274/3911/3770 2229/3912/3771 2228/3913/3772
f 2228/3913/3772 2227/3914/3773 2274/3911/3770
f 2274/3911/3770 2227/3914/3773 2275/3915/3774
f 2275/3915/3774 2227/3914/3773 2226/3916/3775
f 2275/3915/3774 2226/3916/3775 2225/3917/3776
f 2225/3917/3776 2224/3918/3777 2275/3915/3774
f 2275/3915/3774 2224/3918/3777 2223/3919/3778
f 2275/3915/3774 2223/3919/3778 2276/3920/3779
f 2276/3920/3779 2223/3919/3778 2222/3921/3780
f 2276/3920/3779 2222/3921/3780 2221/3922/3781
f 2221/3922/3781 2220/3923/3782 2276/3920/3779
f 2276/3920/3779 2220/3923/3782 2277/3924/3783
f 2277/3924/3783 2220/3923/3782 2219/3925/3784
f 2277/3924/3783 2219/3925/3784 2218/3926/3785
f 2218/3926/3785 2217/3927/3786 2277/3924/3783
f 2277/3924/3783 2217/3927/3786 2216/3928/3787
f 2277/3924/3783 2216/3928/3787 2278/3929/3788
f 2278/3929/3788 2216/3928/3787 2103/3930/3789
f 2278/3929/3788 2103/3930/3789 2165/3931/3790
f 2165/3931/3790 2164/3932/3791 2278/3929/3788
f 2278/3929/3788 2164/3932/3791 2163/3933/3792
f 2278/3929/3788 2163/3933/3792 2162/3934/3793
f 2162/3934/3793 2161/3935/3794 2278/3929/3788
f 2278/3929/3788 2161/3935/3794 2158/3936/3795
f 2278/3929/3788 2158/3936/3795 2197/3937/3796
f 2197/3937/3796 2158/3936/3795 2200/3938/3797
f 2197/3937/3796 2200/3938/3797 2198/3939/3798
f 2198/3939/3798 2200/3938/3797 2199/3940/3799
f 2160/3941/3800 2159/3942/3801 2161/3935/3794
f 2161/3935/3794 2159/3942/3801 2158/3936/3795
f 1975/3943/3802 2309/3944/3803 1976/3945/3804
f 1976/3945/3804 2309/3944/3803 2436/3946/3805
f 1976/3945/3804 2436/3946/3805 2437/3947/3806
f 2436/3946/3805 2309/3944/3803 2435/3948/3807
f 2435/3948/3807 2309/3944/3803 2308/3949/3808
f 2435/3948/3807 2308/3949/3808 2434/3950/3809
f 2434/3950/3809 2308/3949/3808 2433/3951/3810
f 2433/3951/3810 2308/3949/3808 2288/3952/3811
f 2437/3947/3806 2438/3953/3812 1976/3945/3804
f 1976/3945/3804 2438/3953/3812 1977/3954/3813
f 2314/3955/3814 2417/3956/3815 2334/3957/3816
f 2334/3957/3816 2417/3956/3815 2416/3958/3817
f 2334/3957/3816 2416/3958/3817 2415/3959/3818
f 2415/3959/3818 2414/3960/3819 2334/3957/3816
f 2334/3957/3816 2414/3960/3819 2413/3961/3820
f 2334/3957/3816 2413/3961/3820 2412/3962/3821
f 2412/3962/3821 2411/3963/3822 2334/3957/3816
f 2334/3957/3816 2411/3963/3822 2410/3964/3823
f 2334/3957/3816 2410/3964/3823 2409/3965/3824
f 2409/3965/3824 2408/3966/3825 2334/3957/3816
f 2334/3957/3816 2408/3966/3825 2407/3967/3826
f 2334/3957/3816 2407/3967/3826 2406/3968/3827
f 2405/3969/3828 2242/3970/3829 2406/3968/3827
f 2406/3968/3827 2242/3970/3829 2241/3971/3830
f 2406/3968/3827 2241/3971/3830 2335/3972/3831
f 2335/3972/3831 2241/3971/3830 2240/3973/3832
f 2335/3972/3831 2240/3973/3832 2239/3974/3833
f 2405/3969/3828 2404/3975/3834 2242/3970/3829
f 2242/3970/3829 2404/3975/3834 2403/3976/3835
f 2242/3970/3829 2403/3976/3835 2243/3977/3836
f 2335/3972/3831 2334/3957/3816 2406/3968/3827
f 1985/3978/3837 1984/3979/3838 2351/3980/3839
f 2351/3980/3839 1984/3979/3838 1983/3981/3840
f 2351/3980/3839 1983/3981/3840 1982/3982/3841
f 1982/3982/3841 1981/3983/3842 2351/3980/3839
f 2284/3984/3843 2307/3985/3844 2439/3986/3845
f 2439/3986/3845 2307/3985/3844 2306/3987/3846
f 2439/3986/3845 2306/3987/3846 2305/3988/3847
f 2305/3988/3847 2304/3989/3848 2439/3986/3845
f 2439/3986/3845 2304/3989/3848 2303/3990/3849
f 2439/3986/3845 2303/3990/3849 2302/3991/3850
f 2302/3991/3850 2301/3992/3851 2439/3986/3845
f 2439/3986/3845 2301/3992/3851 2300/3993/3852
f 2439/3986/3845 2300/3993/3852 2299/3994/3853
f 2299/3994/3853 2298/3995/3854 2439/3986/3845
f 2439/3986/3845 2298/3995/3854 2297/3996/3855
f 2439/3986/3845 2297/3996/3855 2296/3997/3856
f 2296/3997/3856 2295/3998/3857 2439/3986/3845
f 2439/3986/3845 2295/3998/3857 2294/3999/3858
f 2439/3986/3845 2294/3999/3858 2293/4000/3859
f 2293/4000/3859 1975/4001/3860 2439/3986/3845
f 1975/4002/3861 2369/4003/3862 2439/4004/3863
f 2439/4004/3863 2369/4003/3862 2368/4005/3864
f 2439/4004/3863 2368/4005/3864 2367/4006/3865
f 2367/4006/3865 2366/4007/3866 2439/4004/3863
f 2439/4004/3863 2366/4007/3866 2365/4008/3867
f 2439/4004/3863 2365/4008/3867 2364/4009/3868
f 2364/4009/3868 2363/4010/3869 2439/4004/3863
f 2439/4004/3863 2363/4010/3869 2362/4011/3870
f 2439/4004/3863 2362/4011/3870 2361/4012/3871
f 2361/4012/3871 2360/4013/3872 2439/4004/3863
f 2439/4004/3863 2360/4013/3872 2359/4014/3873
f 2439/4004/3863 2359/4014/3873 2358/4015/3874
f 2358/4015/3874 2357/4016/3875 2439/4004/3863
f 2439/4004/3863 2357/4016/3875 2356/4017/3876
f 2439/4004/3863 2356/4017/3876 2355/4018/3877
f 2355/4018/3877 2262/4019/3878 2439/4004/3863
f 2439/4020/3879 2273/4021/3880 2284/4022/3881
f 2239/4023/3882 2432/4024/3883 2439/4025/3884
f 2439/4025/3884 2432/4024/3883 2431/4026/3885
f 2439/4025/3884 2431/4026/3885 2430/4027/3886
f 2430/4027/3886 2429/4028/3887 2439/4025/3884
f 2439/4025/3884 2429/4028/3887 2428/4029/3888
f 2439/4025/3884 2428/4029/3888 2427/4030/3889
f 2427/4030/3889 2426/4031/3890 2439/4025/3884
f 2439/4025/3884 2426/4031/3890 2425/4032/3891
f 2439/4025/3884 2425/4032/3891 2424/4033/3892
f 2424/4033/3892 2423/4034/3893 2439/4025/3884
f 2439/4025/3884 2423/4034/3893 2422/4035/3894
f 2439/4025/3884 2422/4035/3894 2421/4036/3895
f 2421/4036/3895 2420/4037/3896 2439/4025/3884
f 2439/4025/3884 2420/4037/3896 2419/4038/3897
f 2439/4025/3884 2419/4038/3897 2418/4039/3898
f 2418/4039/3898 2273/4040/3899 2439/4025/3884
f 2259/4041/3900 2258/4042/3901 2380/4043/3902
f 2380/4043/3902 2258/4042/3901 2257/4044/3903
f 2380/4043/3902 2257/4044/3903 2256/4045/3904
f 2256/4045/3904 2255/4046/3905 2380/4043/3902
f 2380/4043/3902 2255/4046/3905 2254/4047/3906
f 2380/4043/3902 2254/4047/3906 2253/4048/3907
f 2253/4048/3907 2252/4049/3908 2380/4043/3902
f 2380/4043/3902 2252/4049/3908 2251/4050/3909
f 2261/4051/3910 2439/4052/3911 2262/4053/3912
f 2261/4054/3913 2350/4055/3914 2439/4056/3915
f 2439/4056/3915 2350/4055/3914 2349/4057/3916
f 2439/4056/3915 2349/4057/3916 2348/4058/3917
f 2348/4058/3917 2347/4059/3918 2439/4056/3915
f 2439/4056/3915 2347/4059/3918 2346/4060/3919
f 2439/4056/3915 2346/4060/3919 2345/4061/3920
f 2345/4061/3920 2344/4062/3921 2439/4056/3915
f 2439/4056/3915 2344/4062/3921 2343/4063/3922
f 2439/4056/3915 2343/4063/3922 2342/4064/3923
f 2342/4064/3923 2341/4065/3924 2439/4056/3915
f 2439/4056/3915 2341/4065/3924 2340/4066/3925
f 2439/4056/3915 2340/4066/3925 2339/4067/3926
f 2339/4067/3926 2338/4068/3927 2439/4056/3915
f 2439/4056/3915 2338/4068/3927 2337/4069/3928
f 2439/4056/3915 2337/4069/3928 2336/4070/3929
f 2336/4070/3929 2239/4071/3930 2439/4056/3915
f 2079/4072/3931 2078/4073/3932 2285/4074/3933
f 2285/4074/3933 2078/4073/3932 2461/4075/3934
f 2285/4074/3933 2461/4075/3934 2286/4076/3935
f 2286/4076/3935 2461/4075/3934 2460/4077/3936
f 2286/4076/3935 2460/4077/3936 2459/4078/3937
f 2459/4078/3937 2460/4077/3936 2464/4079/3938
f 2459/4078/3937 2464/4079/3938 2465/4080/3939
f 2465/4080/3939 2464/4079/3938 2483/4081/3940
f 2465/4080/3939 2483/4081/3940 2484/4082/3941
f 2484/4082/3941 2483/4081/3940 2500/4083/3942
f 2484/4082/3941 2500/4083/3942 2501/4084/3943
f 2501/4084/3943 2500/4083/3942 2517/4085/3944
f 2501/4084/3943 2517/4085/3944 2518/4086/3945
f 2518/4086/3945 2517/4085/3944 2533/4087/3946
f 2518/4086/3945 2533/4087/3946 2534/4088/3947
f 2534/4088/3947 2533/4087/3946 2555/4089/3948
f 2534/4088/3947 2555/4089/3948 2554/4090/3949
f 2554/4090/3949 2555/4089/3948 2565/4091/3950
f 2554/4090/3949 2565/4091/3950 2566/4092/3951
f 2566/4092/3951 2565/4091/3950 2630/4093/3952
f 2566/4092/3951 2630/4093/3952 2629/4094/3953
f 2629/4094/3953 2630/4093/3952 2581/4095/3954
f 2629/4094/3953 2581/4095/3954 2580/4096/3955
f 2580/4096/3955 2581/4095/3954 2596/4097/3956
f 2580/4096/3955 2596/4097/3956 2597/4098/3957
f 2597/4098/3957 2596/4097/3956 2605/4099/3958
f 2597/4098/3957 2605/4099/3958 2604/4100/3959
f 2604/4100/3959 2605/4099/3958 2620/4101/3960
f 2604/4100/3959 2620/4101/3960 2621/4102/3961
f 2621/4102/3961 2620/4101/3960 2354/4103/3962
f 2621/4102/3961 2354/4103/3962 2353/4104/3963
f 2461/4075/3934 2078/4073/3932 2462/4105/3964
f 2462/4105/3964 2078/4073/3932 2077/4106/3965
f 2462/4105/3964 2077/4106/3965 2076/4107/3966
f 2462/4105/3964 2076/4107/3966 2480/4108/3967
f 2480/4108/3967 2076/4107/3966 2075/4109/3968
f 2480/4108/3967 2075/4109/3968 2074/4110/3969
f 2073/4111/3970 2497/4112/3971 2074/4110/3969
f 2074/4110/3969 2497/4112/3971 2481/4113/3972
f 2074/4110/3969 2481/4113/3972 2480/4108/3967
f 2480/4108/3967 2481/4113/3972 2462/4105/3964
f 2497/4112/3971 2073/4111/3970 2498/4114/3973
f 2498/4114/3973 2073/4111/3970 2072/4115/3974
f 2498/4114/3973 2072/4115/3974 2514/4116/3975
f 2514/4116/3975 2072/4115/3974 2529/4117/3976
f 2514/4116/3975 2529/4117/3976 2530/4118/3977
f 2530/4118/3977 2529/4117/3976 2071/4119/3978
f 2530/4118/3977 2071/4119/3978 2559/4120/3979
f 2559/4120/3979 2071/4119/3978 2560/4121/3980
f 2559/4120/3979 2560/4121/3980 2561/4122/3981
f 2561/4122/3981 2560/4121/3980 2635/4123/3982
f 2561/4122/3981 2635/4123/3982 2634/4124/3983
f 2634/4124/3983 2635/4123/3982 2586/4125/3984
f 2634/4124/3983 2586/4125/3984 2585/4126/3985
f 2585/4126/3985 2586/4125/3984 2591/4127/3986
f 2585/4126/3985 2591/4127/3986 2592/4128/3987
f 2592/4128/3987 2591/4127/3986 2610/4129/3988
f 2592/4128/3987 2610/4129/3988 2609/4130/3989
f 2609/4130/3989 2610/4129/3988 2615/4131/3990
f 2609/4130/3989 2615/4131/3990 2616/4132/3991
f 2616/4132/3991 2615/4131/3990 2068/4133/3992
f 2616/4132/3991 2068/4133/3992 2067/4134/3993
f 2072/4115/3974 2071/4119/3978 2529/4117/3976
f 2071/4119/3978 2070/4135/3994 2560/4121/3980
f 2560/4121/3980 2070/4135/3994 2444/4136/3995
f 2560/4121/3980 2444/4136/3995 2635/4123/3982
f 2635/4123/3982 2444/4136/3995 2587/4137/3996
f 2635/4123/3982 2587/4137/3996 2586/4125/3984
f 2586/4125/3984 2587/4137/3996 2590/4138/3997
f 2586/4125/3984 2590/4138/3997 2591/4127/3986
f 2591/4127/3986 2590/4138/3997 2611/4139/3998
f 2591/4127/3986 2611/4139/3998 2610/4129/3988
f 2610/4129/3988 2611/4139/3998 2614/4140/3999
f 2610/4129/3988 2614/4140/3999 2615/4131/3990
f 2615/4131/3990 2614/4140/3999 2068/4133/3992
f 2069/4141/4000 2613/4142/4001 2070/4135/3994
f 2070/4135/3994 2613/4142/4001 2589/4143/4002
f 2070/4135/3994 2589/4143/4002 2588/4144/4003
f 2588/4144/4003 2589/4143/4002 2587/4137/3996
f 2588/4144/4003 2587/4137/3996 2444/4136/3995
f 2068/4133/3992 2614/4140/3999 2069/4141/4000
f 2069/4141/4000 2614/4140/3999 2611/4139/3998
f 2069/4141/4000 2611/4139/3998 2612/4145/4004
f 2612/4145/4004 2611/4139/3998 2590/4138/3997
f 2612/4145/4004 2590/4138/3997 2589/4143/4002
f 2589/4143/4002 2590/4138/3997 2587/4137/3996
f 2067/4134/3993 2066/4146/4005 2616/4132/3991
f 2616/4132/3991 2066/4146/4005 2617/4147/4006
f 2616/4132/3991 2617/4147/4006 2608/4148/4007
f 2608/4148/4007 2617/4147/4006 2607/4149/4008
f 2608/4148/4007 2607/4149/4008 2594/4150/4009
f 2594/4150/4009 2607/4149/4008 2595/4151/4010
f 2594/4150/4009 2595/4151/4010 2582/4152/4011
f 2582/4152/4011 2595/4151/4010 2581/4095/3954
f 2582/4152/4011 2581/4095/3954 2630/4093/3952
f 2066/4146/4005 2065/4153/4012 2617/4147/4006
f 2617/4147/4006 2065/4153/4012 2618/4154/4013
f 2617/4147/4006 2618/4154/4013 2607/4149/4008
f 2607/4149/4008 2618/4154/4013 2606/4155/4014
f 2607/4149/4008 2606/4155/4014 2595/4151/4010
f 2595/4151/4010 2606/4155/4014 2596/4097/3956
f 2595/4151/4010 2596/4097/3956 2581/4095/3954
f 2065/4153/4012 2064/4156/4015 2618/4154/4013
f 2618/4154/4013 2064/4156/4015 2063/4157/4016
f 2618/4154/4013 2063/4157/4016 2062/4158/4017
f 2061/4159/4018 2354/4103/3962 2062/4158/4017
f 2062/4158/4017 2354/4103/3962 2619/4160/4019
f 2062/4158/4017 2619/4160/4019 2618/4154/4013
f 2618/4154/4013 2619/4160/4019 2606/4155/4014
f 2061/4159/4018 2060/4161/4020 2354/4103/3962
f 2352/4162/4021 2602/4163/4022 2353/4104/3963
f 2353/4104/3963 2602/4163/4022 2603/4164/4023
f 2353/4104/3963 2603/4164/4023 2621/4102/3961
f 2621/4102/3961 2603/4164/4023 2604/4100/3959
f 2351/4165/4024 2574/4166/4025 2352/4162/4021
f 2352/4162/4021 2574/4166/4025 2601/4167/4026
f 2352/4162/4021 2601/4167/4026 2600/4168/4027
f 2600/4168/4027 2601/4167/4026 2576/4169/4028
f 2600/4168/4027 2576/4169/4028 2577/4170/4029
f 2577/4170/4029 2576/4169/4028 2625/4171/4030
f 2577/4170/4029 2625/4171/4030 2626/4172/4031
f 2626/4172/4031 2625/4171/4030 2570/4173/4032
f 2626/4172/4031 2570/4173/4032 2569/4174/4033
f 2569/4174/4033 2570/4173/4032 2550/4175/4034
f 2569/4174/4033 2550/4175/4034 2551/4176/4035
f 2551/4176/4035 2550/4175/4034 2538/4177/4036
f 2551/4176/4035 2538/4177/4036 2537/4178/4037
f 2537/4178/4037 2538/4177/4036 2522/4179/4038
f 2537/4178/4037 2522/4179/4038 2521/4180/4039
f 2521/4180/4039 2522/4179/4038 2505/4181/4040
f 2521/4180/4039 2505/4181/4040 2504/4182/4041
f 2504/4182/4041 2505/4181/4040 2488/4183/4042
f 2504/4182/4041 2488/4183/4042 2487/4184/4043
f 2487/4184/4043 2488/4183/4042 2469/4185/4044
f 2487/4184/4043 2469/4185/4044 2468/4186/4045
f 2468/4186/4045 2469/4185/4044 2455/4187/4046
f 2468/4186/4045 2455/4187/4046 2456/4188/4047
f 2456/4188/4047 2455/4187/4046 2647/4189/4048
f 2456/4188/4047 2647/4189/4048 2648/4190/4049
f 2648/4190/4049 2647/4189/4048 2660/4191/4050
f 2648/4190/4049 2660/4191/4050 2649/4192/4051
f 2649/4192/4051 2660/4191/4050 2287/4193/4052
f 2649/4192/4051 2287/4193/4052 2459/4078/3937
f 2459/4078/3937 2287/4193/4052 2286/4076/3935
f 2574/4166/4025 2351/4165/4024 2622/4194/4053
f 2622/4194/4053 2351/4165/4024 2379/4195/4054
f 2622/4194/4053 2379/4195/4054 2443/4196/4055
f 2443/4196/4055 2379/4195/4054 2378/4197/4056
f 2443/4196/4055 2378/4197/4056 2545/4198/4057
f 2545/4198/4057 2378/4197/4056 2544/4199/4058
f 2545/4198/4057 2544/4199/4058 2543/4200/4059
f 2543/4200/4059 2544/4199/4058 2528/4201/4060
f 2543/4200/4059 2528/4201/4060 2527/4202/4061
f 2527/4202/4061 2528/4201/4060 2511/4203/4062
f 2527/4202/4061 2511/4203/4062 2510/4204/4063
f 2510/4204/4063 2511/4203/4062 2494/4205/4064
f 2510/4204/4063 2494/4205/4064 2493/4206/4065
f 2493/4206/4065 2494/4205/4064 2475/4207/4066
f 2493/4206/4065 2475/4207/4066 2474/4208/4067
f 2474/4208/4067 2475/4207/4066 2449/4209/4068
f 2474/4208/4067 2449/4209/4068 2450/4210/4069
f 2450/4210/4069 2449/4209/4068 2641/4211/4070
f 2450/4210/4069 2641/4211/4070 2642/4212/4071
f 2642/4212/4071 2641/4211/4070 2654/4213/4072
f 2642/4212/4071 2654/4213/4072 2655/4214/4073
f 2655/4214/4073 2654/4213/4072 2665/4215/4074
f 2655/4214/4073 2665/4215/4074 2664/4216/4075
f 2664/4216/4075 2665/4215/4074 2679/4217/4076
f 2664/4216/4075 2679/4217/4076 2433/4218/4077
f 2433/4218/4077 2679/4217/4076 2434/4219/4078
f 2434/4219/4078 2679/4217/4076 2678/4220/4079
f 2434/4219/4078 2678/4220/4079 2435/4221/4080
f 2435/4221/4080 2678/4220/4079 2677/4222/4081
f 2435/4221/4080 2677/4222/4081 2676/4223/4082
f 2676/4223/4082 2677/4222/4081 2667/4224/4083
f 2676/4223/4082 2667/4224/4083 2668/4225/4084
f 2668/4225/4084 2667/4224/4083 2652/4226/4085
f 2668/4225/4084 2652/4226/4085 2651/4227/4086
f 2651/4227/4086 2652/4226/4085 2639/4228/4087
f 2651/4227/4086 2639/4228/4087 2638/4229/4088
f 2638/4229/4088 2639/4228/4087 2447/4230/4089
f 2638/4229/4088 2447/4230/4089 2446/4231/4090
f 2446/4231/4090 2447/4230/4089 2477/4232/4091
f 2446/4231/4090 2477/4232/4091 2478/4233/4092
f 2478/4233/4092 2477/4232/4091 2496/4234/4093
f 2478/4233/4092 2496/4234/4093 2441/4235/4094
f 2441/4235/4094 2496/4234/4093 2513/4236/4095
f 2441/4235/4094 2513/4236/4095 2377/4237/4096
f 2377/4237/4096 2513/4236/4095 2442/4238/4097
f 2377/4237/4096 2442/4238/4097 2378/4197/4056
f 2378/4197/4056 2442/4238/4097 2544/4199/4058
f 2377/4237/4096 2376/4239/4098 2441/4235/4094
f 2441/4235/4094 2376/4239/4098 2479/4240/4099
f 2441/4235/4094 2479/4240/4099 2478/4233/4092
f 2478/4233/4092 2479/4240/4099 2445/4241/4100
f 2478/4233/4092 2445/4241/4100 2446/4231/4090
f 2446/4231/4090 2445/4241/4100 2637/4242/4101
f 2446/4231/4090 2637/4242/4101 2638/4229/4088
f 2638/4229/4088 2637/4242/4101 2650/4243/4102
f 2638/4229/4088 2650/4243/4102 2651/4227/4086
f 2651/4227/4086 2650/4243/4102 2669/4244/4103
f 2651/4227/4086 2669/4244/4103 2668/4225/4084
f 2668/4225/4084 2669/4244/4103 2675/4245/4104
f 2668/4225/4084 2675/4245/4104 2676/4223/4082
f 2676/4223/4082 2675/4245/4104 2683/4246/4105
f 2676/4223/4082 2683/4246/4105 2435/4221/4080
f 2435/4221/4080 2683/4246/4105 2436/4247/4106
f 2436/4247/4106 2683/4246/4105 2682/4248/4107
f 2436/4247/4106 2682/4248/4107 2437/4249/4108
f 2437/4249/4108 2682/4248/4107 2681/4250/4109
f 2437/4249/4108 2681/4250/4109 2680/4251/4110
f 2680/4251/4110 2681/4250/4109 2673/4252/4111
f 2680/4251/4110 2673/4252/4111 2672/4253/4112
f 2672/4253/4112 2673/4252/4111 2671/4254/4113
f 2672/4253/4112 2671/4254/4113 2372/4255/4114
f 2372/4255/4114 2671/4254/4113 2440/4256/4115
f 2372/4255/4114 2440/4256/4115 2636/4257/4116
f 2636/4257/4116 2440/4256/4115 2637/4242/4101
f 2636/4257/4116 2637/4242/4101 2445/4241/4100
f 2376/4239/4098 2375/4258/4117 2479/4240/4099
f 2479/4240/4099 2375/4258/4117 2445/4241/4100
f 2375/4258/4117 2374/4259/4118 2445/4241/4100
f 2445/4241/4100 2374/4259/4118 2636/4257/4116
f 2374/4259/4118 2373/4260/4119 2636/4257/4116
f 2636/4257/4116 2373/4260/4119 2372/4255/4114
f 2372/4255/4114 2371/4261/4120 2672/4253/4112
f 2672/4253/4112 2371/4261/4120 2680/4251/4110
f 2371/4261/4120 2370/4262/4121 2680/4251/4110
f 2680/4251/4110 2370/4262/4121 2438/4263/4122
f 2680/4251/4110 2438/4263/4122 2437/4249/4108
f 2370/4262/4121 1977/4264/4123 2438/4263/4122
f 2664/4216/4075 2433/4218/4077 2663/4265/4124
f 2663/4265/4124 2433/4218/4077 2288/4266/4125
f 2663/4265/4124 2288/4266/4125 2662/4267/4126
f 2662/4267/4126 2288/4266/4125 2661/4268/4127
f 2662/4267/4126 2661/4268/4127 2658/4269/4128
f 2658/4269/4128 2661/4268/4127 2659/4270/4129
f 2658/4269/4128 2659/4270/4129 2646/4271/4130
f 2646/4271/4130 2659/4270/4129 2647/4189/4048
f 2646/4271/4130 2647/4189/4048 2455/4187/4046
f 2288/4266/4125 2287/4193/4052 2661/4268/4127
f 2661/4268/4127 2287/4193/4052 2660/4191/4050
f 2661/4268/4127 2660/4191/4050 2659/4270/4129
f 2659/4270/4129 2660/4191/4050 2647/4189/4048
f 2444/4136/3995 2070/4135/3994 2588/4144/4003
f 2447/4230/4089 2448/4272/4131 2476/4273/4132
f 2476/4273/4132 2448/4272/4131 2475/4207/4066
f 2476/4273/4132 2475/4207/4066 2494/4205/4064
f 2475/4207/4066 2448/4272/4131 2449/4209/4068
f 2449/4209/4068 2448/4272/4131 2640/4274/4133
f 2449/4209/4068 2640/4274/4133 2641/4211/4070
f 2641/4211/4070 2640/4274/4133 2653/4275/4134
f 2641/4211/4070 2653/4275/4134 2654/4213/4072
f 2654/4213/4072 2653/4275/4134 2666/4276/4135
f 2654/4213/4072 2666/4276/4135 2665/4215/4074
f 2665/4215/4074 2666/4276/4135 2678/4220/4079
f 2665/4215/4074 2678/4220/4079 2679/4217/4076
f 2640/4274/4133 2448/4272/4131 2639/4228/4087
f 2639/4228/4087 2448/4272/4131 2447/4230/4089
f 2450/4210/4069 2451/4277/4136 2473/4278/4137
f 2473/4278/4137 2451/4277/4136 2472/4279/4138
f 2473/4278/4137 2472/4279/4138 2491/4280/4139
f 2491/4280/4139 2472/4279/4138 2490/4281/4140
f 2491/4280/4139 2490/4281/4140 2507/4282/4141
f 2507/4282/4141 2490/4281/4140 2506/4283/4142
f 2507/4282/4141 2506/4283/4142 2523/4284/4143
f 2523/4284/4143 2506/4283/4142 2522/4179/4038
f 2523/4284/4143 2522/4179/4038 2538/4177/4036
f 2451/4277/4136 2452/4285/4144 2472/4279/4138
f 2472/4279/4138 2452/4285/4144 2471/4286/4145
f 2472/4279/4138 2471/4286/4145 2490/4281/4140
f 2490/4281/4140 2471/4286/4145 2489/4287/4146
f 2490/4281/4140 2489/4287/4146 2506/4283/4142
f 2506/4283/4142 2489/4287/4146 2505/4181/4040
f 2506/4283/4142 2505/4181/4040 2522/4179/4038
f 2450/4210/4069 2642/4212/4071 2451/4277/4136
f 2451/4277/4136 2642/4212/4071 2643/4288/4147
f 2451/4277/4136 2643/4288/4147 2452/4285/4144
f 2452/4285/4144 2643/4288/4147 2644/4289/4148
f 2452/4285/4144 2644/4289/4148 2453/4290/4149
f 2453/4290/4149 2644/4289/4148 2645/4291/4150
f 2453/4290/4149 2645/4291/4150 2454/4292/4151
f 2454/4292/4151 2645/4291/4150 2646/4271/4130
f 2454/4292/4151 2646/4271/4130 2455/4187/4046
f 2452/4285/4144 2453/4290/4149 2471/4286/4145
f 2471/4286/4145 2453/4290/4149 2470/4293/4152
f 2471/4286/4145 2470/4293/4152 2489/4287/4146
f 2489/4287/4146 2470/4293/4152 2488/4183/4042
f 2489/4287/4146 2488/4183/4042 2505/4181/4040
f 2453/4290/4149 2454/4292/4151 2470/4293/4152
f 2470/4293/4152 2454/4292/4151 2469/4185/4044
f 2470/4293/4152 2469/4185/4044 2488/4183/4042
f 2454/4292/4151 2455/4187/4046 2469/4185/4044
f 2456/4188/4047 2457/4294/4153 2467/4295/4154
f 2467/4295/4154 2457/4294/4153 2466/4296/4155
f 2467/4295/4154 2466/4296/4155 2485/4297/4156
f 2485/4297/4156 2466/4296/4155 2484/4082/3941
f 2485/4297/4156 2484/4082/3941 2501/4084/3943
f 2457/4294/4153 2458/4298/4157 2466/4296/4155
f 2466/4296/4155 2458/4298/4157 2465/4080/3939
f 2466/4296/4155 2465/4080/3939 2484/4082/3941
f 2456/4188/4047 2648/4190/4049 2457/4294/4153
f 2457/4294/4153 2648/4190/4049 2649/4192/4051
f 2457/4294/4153 2649/4192/4051 2458/4298/4157
f 2458/4298/4157 2649/4192/4051 2459/4078/3937
f 2458/4298/4157 2459/4078/3937 2465/4080/3939
f 2460/4077/3936 2461/4075/3934 2463/4299/4158
f 2463/4299/4158 2461/4075/3934 2462/4105/3964
f 2463/4299/4158 2462/4105/3964 2481/4113/3972
f 2460/4077/3936 2463/4299/4158 2464/4079/3938
f 2464/4079/3938 2463/4299/4158 2482/4300/4159
f 2464/4079/3938 2482/4300/4159 2483/4081/3940
f 2483/4081/3940 2482/4300/4159 2499/4301/4160
f 2483/4081/3940 2499/4301/4160 2500/4083/3942
f 2500/4083/3942 2499/4301/4160 2516/4302/4161
f 2500/4083/3942 2516/4302/4161 2517/4085/3944
f 2517/4085/3944 2516/4302/4161 2532/4303/4162
f 2517/4085/3944 2532/4303/4162 2533/4087/3946
f 2533/4087/3946 2532/4303/4162 2556/4304/4163
f 2533/4087/3946 2556/4304/4163 2555/4089/3948
f 2555/4089/3948 2556/4304/4163 2564/4305/4164
f 2555/4089/3948 2564/4305/4164 2565/4091/3950
f 2565/4091/3950 2564/4305/4164 2631/4306/4165
f 2565/4091/3950 2631/4306/4165 2630/4093/3952
f 2630/4093/3952 2631/4306/4165 2582/4152/4011
f 2482/4300/4159 2463/4299/4158 2481/4113/3972
f 2456/4188/4047 2467/4295/4154 2468/4186/4045
f 2468/4186/4045 2467/4295/4154 2486/4307/4166
f 2468/4186/4045 2486/4307/4166 2487/4184/4043
f 2487/4184/4043 2486/4307/4166 2503/4308/4167
f 2487/4184/4043 2503/4308/4167 2504/4182/4041
f 2504/4182/4041 2503/4308/4167 2520/4309/4168
f 2504/4182/4041 2520/4309/4168 2521/4180/4039
f 2521/4180/4039 2520/4309/4168 2536/4310/4169
f 2521/4180/4039 2536/4310/4169 2537/4178/4037
f 2537/4178/4037 2536/4310/4169 2552/4311/4170
f 2537/4178/4037 2552/4311/4170 2551/4176/4035
f 2551/4176/4035 2552/4311/4170 2568/4312/4171
f 2551/4176/4035 2568/4312/4171 2569/4174/4033
f 2569/4174/4033 2568/4312/4171 2627/4313/4172
f 2569/4174/4033 2627/4313/4172 2626/4172/4031
f 2626/4172/4031 2627/4313/4172 2578/4314/4173
f 2626/4172/4031 2578/4314/4173 2577/4170/4029
f 2577/4170/4029 2578/4314/4173 2599/4315/4174
f 2577/4170/4029 2599/4315/4174 2600/4168/4027
f 2600/4168/4027 2599/4315/4174 2602/4163/4022
f 2600/4168/4027 2602/4163/4022 2352/4162/4021
f 2486/4307/4166 2467/4295/4154 2485/4297/4156
f 2450/4210/4069 2473/4278/4137 2474/4208/4067
f 2474/4208/4067 2473/4278/4137 2492/4316/4175
f 2474/4208/4067 2492/4316/4175 2493/4206/4065
f 2493/4206/4065 2492/4316/4175 2509/4317/4176
f 2493/4206/4065 2509/4317/4176 2510/4204/4063
f 2510/4204/4063 2509/4317/4176 2526/4318/4177
f 2510/4204/4063 2526/4318/4177 2527/4202/4061
f 2527/4202/4061 2526/4318/4177 2542/4319/4178
f 2527/4202/4061 2542/4319/4178 2543/4200/4059
f 2543/4200/4059 2542/4319/4178 2546/4320/4179
f 2543/4200/4059 2546/4320/4179 2545/4198/4057
f 2545/4198/4057 2546/4320/4179 2443/4196/4055
f 2492/4316/4175 2473/4278/4137 2491/4280/4139
f 2447/4230/4089 2476/4273/4132 2477/4232/4091
f 2477/4232/4091 2476/4273/4132 2495/4321/4180
f 2477/4232/4091 2495/4321/4180 2496/4234/4093
f 2496/4234/4093 2495/4321/4180 2512/4322/4181
f 2496/4234/4093 2512/4322/4181 2513/4236/4095
f 2513/4236/4095 2512/4322/4181 2442/4238/4097
f 2495/4321/4180 2476/4273/4132 2494/4205/4064
f 2497/4112/3971 2498/4114/3973 2481/4113/3972
f 2481/4113/3972 2498/4114/3973 2482/4300/4159
f 2486/4307/4166 2485/4297/4156 2502/4323/4182
f 2502/4323/4182 2485/4297/4156 2501/4084/3943
f 2502/4323/4182 2501/4084/3943 2518/4086/3945
f 2492/4316/4175 2491/4280/4139 2508/4324/4183
f 2508/4324/4183 2491/4280/4139 2507/4282/4141
f 2508/4324/4183 2507/4282/4141 2524/4325/4184
f 2524/4325/4184 2507/4282/4141 2523/4284/4143
f 2524/4325/4184 2523/4284/4143 2539/4326/4185
f 2539/4326/4185 2523/4284/4143 2538/4177/4036
f 2539/4326/4185 2538/4177/4036 2550/4175/4034
f 2512/4322/4181 2495/4321/4180 2511/4203/4062
f 2511/4203/4062 2495/4321/4180 2494/4205/4064
f 2482/4300/4159 2498/4114/3973 2499/4301/4160
f 2499/4301/4160 2498/4114/3973 2515/4327/4186
f 2499/4301/4160 2515/4327/4186 2516/4302/4161
f 2516/4302/4161 2515/4327/4186 2531/4328/4187
f 2516/4302/4161 2531/4328/4187 2532/4303/4162
f 2532/4303/4162 2531/4328/4187 2557/4329/4188
f 2532/4303/4162 2557/4329/4188 2556/4304/4163
f 2556/4304/4163 2557/4329/4188 2563/4330/4189
f 2556/4304/4163 2563/4330/4189 2564/4305/4164
f 2564/4305/4164 2563/4330/4189 2632/4331/4190
f 2564/4305/4164 2632/4331/4190 2631/4306/4165
f 2631/4306/4165 2632/4331/4190 2583/4332/4191
f 2631/4306/4165 2583/4332/4191 2582/4152/4011
f 2582/4152/4011 2583/4332/4191 2594/4150/4009
f 2486/4307/4166 2502/4323/4182 2503/4308/4167
f 2503/4308/4167 2502/4323/4182 2519/4333/4192
f 2503/4308/4167 2519/4333/4192 2520/4309/4168
f 2520/4309/4168 2519/4333/4192 2535/4334/4193
f 2520/4309/4168 2535/4334/4193 2536/4310/4169
f 2536/4310/4169 2535/4334/4193 2553/4335/4194
f 2536/4310/4169 2553/4335/4194 2552/4311/4170
f 2552/4311/4170 2553/4335/4194 2567/4336/4195
f 2552/4311/4170 2567/4336/4195 2568/4312/4171
f 2568/4312/4171 2567/4336/4195 2628/4337/4196
f 2568/4312/4171 2628/4337/4196 2627/4313/4172
f 2627/4313/4172 2628/4337/4196 2579/4338/4197
f 2627/4313/4172 2579/4338/4197 2578/4314/4173
f 2578/4314/4173 2579/4338/4197 2598/4339/4198
f 2578/4314/4173 2598/4339/4198 2599/4315/4174
f 2599/4315/4174 2598/4339/4198 2603/4164/4023
f 2599/4315/4174 2603/4164/4023 2602/4163/4022
f 2519/4333/4192 2502/4323/4182 2518/4086/3945
f 2492/4316/4175 2508/4324/4183 2509/4317/4176
f 2509/4317/4176 2508/4324/4183 2525/4340/4199
f 2509/4317/4176 2525/4340/4199 2526/4318/4177
f 2526/4318/4177 2525/4340/4199 2541/4341/4200
f 2526/4318/4177 2541/4341/4200 2542/4319/4178
f 2542/4319/4178 2541/4341/4200 2547/4342/4201
f 2542/4319/4178 2547/4342/4201 2546/4320/4179
f 2546/4320/4179 2547/4342/4201 2573/4343/4202
f 2546/4320/4179 2573/4343/4202 2443/4196/4055
f 2443/4196/4055 2573/4343/4202 2622/4194/4053
f 2525/4340/4199 2508/4324/4183 2524/4325/4184
f 2442/4238/4097 2512/4322/4181 2528/4201/4060
f 2528/4201/4060 2512/4322/4181 2511/4203/4062
f 2498/4114/3973 2514/4116/3975 2515/4327/4186
f 2515/4327/4186 2514/4116/3975 2530/4118/3977
f 2515/4327/4186 2530/4118/3977 2531/4328/4187
f 2531/4328/4187 2530/4118/3977 2558/4344/4203
f 2531/4328/4187 2558/4344/4203 2557/4329/4188
f 2557/4329/4188 2558/4344/4203 2562/4345/4204
f 2557/4329/4188 2562/4345/4204 2563/4330/4189
f 2563/4330/4189 2562/4345/4204 2633/4346/4205
f 2563/4330/4189 2633/4346/4205 2632/4331/4190
f 2632/4331/4190 2633/4346/4205 2584/4347/4206
f 2632/4331/4190 2584/4347/4206 2583/4332/4191
f 2583/4332/4191 2584/4347/4206 2593/4348/4207
f 2583/4332/4191 2593/4348/4207 2594/4150/4009
f 2594/4150/4009 2593/4348/4207 2608/4148/4007
f 2535/4334/4193 2519/4333/4192 2534/4088/3947
f 2534/4088/3947 2519/4333/4192 2518/4086/3945
f 2525/4340/4199 2524/4325/4184 2540/4349/4208
f 2540/4349/4208 2524/4325/4184 2539/4326/4185
f 2540/4349/4208 2539/4326/4185 2549/4350/4209
f 2549/4350/4209 2539/4326/4185 2550/4175/4034
f 2549/4350/4209 2550/4175/4034 2570/4173/4032
f 2544/4199/4058 2442/4238/4097 2528/4201/4060
f 2553/4335/4194 2535/4334/4193 2554/4090/3949
f 2554/4090/3949 2535/4334/4193 2534/4088/3947
f 2525/4340/4199 2540/4349/4208 2541/4341/4200
f 2541/4341/4200 2540/4349/4208 2548/4351/4210
f 2541/4341/4200 2548/4351/4210 2547/4342/4201
f 2547/4342/4201 2548/4351/4210 2572/4352/4211
f 2547/4342/4201 2572/4352/4211 2573/4343/4202
f 2573/4343/4202 2572/4352/4211 2623/4353/4212
f 2573/4343/4202 2623/4353/4212 2622/4194/4053
f 2622/4194/4053 2623/4353/4212 2574/4166/4025
f 2548/4351/4210 2540/4349/4208 2549/4350/4209
f 2548/4351/4210 2549/4350/4209 2571/4354/4213
f 2571/4354/4213 2549/4350/4209 2570/4173/4032
f 2571/4354/4213 2570/4173/4032 2625/4171/4030
f 2567/4336/4195 2553/4335/4194 2566/4092/3951
f 2566/4092/3951 2553/4335/4194 2554/4090/3949
f 2562/4345/4204 2558/4344/4203 2561/4122/3981
f 2561/4122/3981 2558/4344/4203 2559/4120/3979
f 2559/4120/3979 2558/4344/4203 2530/4118/3977
f 2633/4346/4205 2562/4345/4204 2634/4124/3983
f 2634/4124/3983 2562/4345/4204 2561/4122/3981
f 2628/4337/4196 2567/4336/4195 2629/4094/3953
f 2629/4094/3953 2567/4336/4195 2566/4092/3951
f 2548/4351/4210 2571/4354/4213 2572/4352/4211
f 2572/4352/4211 2571/4354/4213 2624/4355/4214
f 2572/4352/4211 2624/4355/4214 2623/4353/4212
f 2623/4353/4212 2624/4355/4214 2575/4356/4215
f 2623/4353/4212 2575/4356/4215 2574/4166/4025
f 2574/4166/4025 2575/4356/4215 2601/4167/4026
f 2624/4355/4214 2571/4354/4213 2625/4171/4030
f 2576/4169/4028 2601/4167/4026 2575/4356/4215
f 2625/4171/4030 2576/4169/4028 2624/4355/4214
f 2624/4355/4214 2576/4169/4028 2575/4356/4215
f 2598/4339/4198 2579/4338/4197 2597/4098/3957
f 2597/4098/3957 2579/4338/4197 2580/4096/3955
f 2629/4094/3953 2580/4096/3955 2628/4337/4196
f 2628/4337/4196 2580/4096/3955 2579/4338/4197
f 2593/4348/4207 2584/4347/4206 2592/4128/3987
f 2592/4128/3987 2584/4347/4206 2585/4126/3985
f 2634/4124/3983 2585/4126/3985 2633/4346/4205
f 2633/4346/4205 2585/4126/3985 2584/4347/4206
f 2608/4148/4007 2593/4348/4207 2609/4130/3989
f 2609/4130/3989 2593/4348/4207 2592/4128/3987
f 2605/4099/3958 2596/4097/3956 2606/4155/4014
f 2603/4164/4023 2598/4339/4198 2604/4100/3959
f 2604/4100/3959 2598/4339/4198 2597/4098/3957
f 2612/4145/4004 2589/4143/4002 2613/4142/4001
f 2620/4101/3960 2605/4099/3958 2619/4160/4019
f 2619/4160/4019 2605/4099/3958 2606/4155/4014
f 2608/4148/4007 2609/4130/3989 2616/4132/3991
f 2613/4142/4001 2069/4141/4000 2612/4145/4004
f 2354/4103/3962 2620/4101/3960 2619/4160/4019
f 2650/4243/4102 2637/4242/4101 2440/4256/4115
f 2653/4275/4134 2640/4274/4133 2652/4226/4085
f 2652/4226/4085 2640/4274/4133 2639/4228/4087
f 2642/4212/4071 2655/4214/4073 2643/4288/4147
f 2643/4288/4147 2655/4214/4073 2656/4357/4216
f 2643/4288/4147 2656/4357/4216 2644/4289/4148
f 2644/4289/4148 2656/4357/4216 2657/4358/4217
f 2644/4289/4148 2657/4358/4217 2645/4291/4150
f 2645/4291/4150 2657/4358/4217 2658/4269/4128
f 2645/4291/4150 2658/4269/4128 2646/4271/4130
f 2650/4243/4102 2440/4256/4115 2670/4359/4218
f 2670/4359/4218 2440/4256/4115 2671/4254/4113
f 2670/4359/4218 2671/4254/4113 2673/4252/4111
f 2666/4276/4135 2653/4275/4134 2667/4224/4083
f 2667/4224/4083 2653/4275/4134 2652/4226/4085
f 2655/4214/4073 2664/4216/4075 2656/4357/4216
f 2656/4357/4216 2664/4216/4075 2663/4265/4124
f 2656/4357/4216 2663/4265/4124 2657/4358/4217
f 2657/4358/4217 2663/4265/4124 2662/4267/4126
f 2657/4358/4217 2662/4267/4126 2658/4269/4128
f 2677/4222/4081 2678/4220/4079 2666/4276/4135
f 2666/4276/4135 2667/4224/4083 2677/4222/4081
f 2669/4244/4103 2670/4359/4218 2674/4360/4219
f 2674/4360/4219 2670/4359/4218 2673/4252/4111
f 2674/4360/4219 2673/4252/4111 2681/4250/4109
f 2670/4359/4218 2669/4244/4103 2650/4243/4102
f 2669/4244/4103 2674/4360/4219 2675/4245/4104
f 2675/4245/4104 2674/4360/4219 2682/4248/4107
f 2675/4245/4104 2682/4248/4107 2683/4246/4105
f 2682/4248/4107 2674/4360/4219 2681/4250/4109
f 2685/4361/4220 2686/4362/4221 2684/4363/4222
f 2684/4363/4222 2686/4362/4221 2687/4364/4223
f 2684/4363/4222 2687/4364/4223 2689/4365/4224
f 2689/4365/4224 2687/4364/4223 2688/4366/4225
f 2691/4367/4226 2692/4368/4227 2690/4369/4228
f 2690/4369/4228 2692/4368/4227 2693/4370/4229
f 2690/4369/4228 2693/4370/4229 2695/4371/4230
f 2695/4371/4230 2693/4370/4229 2694/4372/4231
f 2697/4373/4232 2700/4374/4233 2696/4375/4234
f 2696/4375/4234 2700/4374/4233 2701/4376/4235
f 2696/4375/4234 2701/4376/4235 2702/4377/4236
f 2698/4378/4237 2699/4379/4238 2697/4373/4232
f 2697/4373/4232 2699/4379/4238 2700/4374/4233
f 2704/4380/4239 2705/4381/4240 2703/4382/4241
f 2703/4382/4241 2705/4381/4240 2706/4383/4242
f 2703/4382/4241 2706/4383/4242 2708/4384/4243
f 2708/4384/4243 2706/4383/4242 2707/4385/4244
f 2709/4386/4245 2711/4387/4246 2703/4388/4247
f 2703/4388/4247 2711/4387/4246 2712/4389/4248
f 2703/4388/4247 2712/4389/4248 2704/4390/4249
f 2709/4386/4245 2710/4391/4250 2711/4387/4246
f 2714/4392/4251 2715/4393/4252 2713/4394/4253
f 2713/4394/4253 2715/4393/4252 2716/4395/4254
f 2713/4394/4253 2716/4395/4254 2709/4396/4255
f 2709/4396/4255 2716/4395/4254 2710/4397/4256
f 2718/4398/4257 2719/4399/4258 2717/4400/4259
f 2717/4400/4259 2719/4399/4258 2720/4401/4260
f 2717/4400/4259 2720/4401/4260 2722/4402/4261
f 2722/4402/4261 2720/4401/4260 2721/4403/4262
f 2722/4404/4263 2724/4405/4264 2723/4406/4265
f 2723/4406/4265 2724/4405/4264 2725/4407/4266
f 2723/4406/4265 2725/4407/4266 2726/4408/4267
f 2722/4404/4263 2721/4409/4268 2724/4405/4264
f 2695/4410/4269 2727/4411/4270 2684/4412/4271
f 2684/4412/4271 2727/4411/4270 2728/4413/4272
f 2684/4412/4271 2728/4413/4272 2685/4414/4273
f 2695/4410/4269 2694/4415/4274 2727/4411/4270
f 2689/4416/4275 2729/4417/4276 2713/4418/4277
f 2713/4418/4277 2729/4417/4276 2730/4419/4278
f 2713/4418/4277 2730/4419/4278 2714/4420/4279
f 2689/4416/4275 2688/4421/4280 2729/4417/4276
f 2708/4422/4281 2731/4423/4282 2717/4424/4283
f 2717/4424/4283 2731/4423/4282 2732/4425/4284
f 2717/4424/4283 2732/4425/4284 2718/4426/4285
f 2708/4422/4281 2707/4427/4286 2731/4423/4282
f 2734/4428/4287 2735/4429/4288 2733/4430/4289
f 2733/4430/4289 2735/4429/4288 2736/4431/4290
f 2733/4430/4289 2736/4431/4290 2697/4432/4291
f 2697/4432/4291 2736/4431/4290 2737/4433/4292
f 2697/4432/4291 2737/4433/4292 2698/4434/4293
f 2738/4435/4294 2740/4436/4295 2690/4437/4296
f 2690/4437/4296 2740/4436/4295 2741/4438/4297
f 2690/4437/4296 2741/4438/4297 2691/4439/4298
f 2738/4435/4294 2739/4440/4299 2740/4436/4295
f 2743/4441/4300 2744/4442/4301 2742/4443/4302
f 2742/4443/4302 2744/4442/4301 2745/4444/4303
f 2742/4443/4302 2745/4444/4303 2748/4445/4304
f 2748/4445/4304 2745/4444/4303 2746/4446/4305
f 2748/4445/4304 2746/4446/4305 2747/4447/4306
f 2750/4448/4307 2751/4449/4308 2749/4450/4309
f 2749/4450/4309 2751/4449/4308 2752/4451/4310
f 2749/4450/4309 2752/4451/4310 2755/4452/4311
f 2755/4452/4311 2752/4451/4310 2753/4453/4312
f 2755/4452/4311 2753/4453/4312 2754/4454/4313
f 2757/4455/4314 2758/4456/4315 2756/4457/4316
f 2756/4457/4316 2758/4456/4315 2759/4458/4317
f 2756/4457/4316 2759/4458/4317 2762/4459/4318
f 2762/4459/4318 2759/4458/4317 2760/4460/4319
f 2762/4459/4318 2760/4460/4319 2761/4461/4320
f 2702/4462/4321 2763/4463/4322 2696/4464/4323
f 2696/4464/4323 2763/4463/4322 2764/4465/4324
f 2696/4464/4323 2764/4465/4324 2767/4466/4325
f 2767/4466/4325 2764/4465/4324 2765/4467/4326
f 2767/4466/4325 2765/4467/4326 2766/4468/4327
f 2767/4469/4328 2769/4470/4329 2742/4471/4330
f 2742/4471/4330 2769/4470/4329 2770/4472/4331
f 2742/4471/4330 2770/4472/4331 2743/4473/4332
f 2766/4474/4333 2768/4475/4334 2767/4469/4328
f 2767/4469/4328 2768/4475/4334 2769/4470/4329
f 2771/4476/4335 2774/4477/4336 2749/4478/4337
f 2749/4478/4337 2774/4477/4336 2775/4479/4338
f 2749/4478/4337 2775/4479/4338 2750/4480/4339
f 2772/4481/4340 2773/4482/4341 2771/4476/4335
f 2771/4476/4335 2773/4482/4341 2774/4477/4336
f 2777/4483/4342 2778/4484/4343 2776/4485/4344
f 2776/4485/4344 2778/4484/4343 2779/4486/4345
f 2776/4485/4344 2779/4486/4345 2771/4487/4346
f 2771/4487/4346 2779/4486/4345 2780/4488/4347
f 2771/4487/4346 2780/4488/4347 2772/4489/4348
f 2748/4490/4349 2782/4491/4350 2776/4492/4351
f 2776/4492/4351 2782/4491/4350 2783/4493/4352
f 2776/4492/4351 2783/4493/4352 2777/4494/4353
f 2747/4495/4354 2781/4496/4355 2748/4490/4349
f 2748/4490/4349 2781/4496/4355 2782/4491/4350
f 2726/4497/4356 2784/4498/4357 2723/4499/4358
f 2723/4499/4358 2784/4498/4357 2785/4500/4359
f 2723/4499/4358 2785/4500/4359 2738/4501/4360
f 2738/4501/4360 2785/4500/4359 2739/4502/4361
f 2762/4503/4362 2787/4504/4363 2733/4505/4364
f 2733/4505/4364 2787/4504/4363 2788/4506/4365
f 2733/4505/4364 2788/4506/4365 2734/4507/4366
f 2761/4508/4367 2786/4509/4368 2762/4503/4362
f 2762/4503/4362 2786/4509/4368 2787/4504/4363
f 2755/4510/4369 2790/4511/4370 2756/4512/4371
f 2756/4512/4371 2790/4511/4370 2791/4513/4372
f 2756/4512/4371 2791/4513/4372 2757/4514/4373
f 2754/4515/4374 2789/4516/4375 2755/4510/4369
f 2755/4510/4369 2789/4516/4375 2790/4511/4370
f 2730/4517/4376 2827/4518/4377 2714/4519/4378
f 2714/4519/4378 2827/4518/4377 2792/4520/4379
f 2714/4519/4378 2792/4520/4379 2793/4521/4380
f 2827/4518/4377 2730/4517/4376 2826/4522/4381
f 2826/4522/4381 2730/4517/4376 2729/4523/4382
f 2826/4522/4381 2729/4523/4382 2688/4524/4383
f 2687/4525/4384 2824/4526/4385 2688/4524/4383
f 2688/4524/4383 2824/4526/4385 2825/4527/4386
f 2688/4524/4383 2825/4527/4386 2826/4522/4381
f 2687/4525/4384 2686/4528/4387 2824/4526/4385
f 2824/4526/4385 2686/4528/4387 2823/4529/4388
f 2823/4529/4388 2686/4528/4387 2685/4530/4389
f 2823/4529/4388 2685/4530/4389 2822/4531/4390
f 2822/4531/4390 2685/4530/4389 2821/4532/4391
f 2821/4532/4391 2685/4530/4389 2728/4533/4392
f 2821/4532/4391 2728/4533/4392 2820/4534/4393
f 2820/4534/4393 2728/4533/4392 2727/4535/4394
f 2820/4534/4393 2727/4535/4394 2694/4536/4395
f 2693/4537/4396 2818/4538/4397 2694/4536/4395
f 2694/4536/4395 2818/4538/4397 2819/4539/4398
f 2694/4536/4395 2819/4539/4398 2820/4534/4393
f 2693/4537/4396 2692/4540/4399 2818/4538/4397
f 2818/4538/4397 2692/4540/4399 2817/4541/4400
f 2817/4541/4400 2692/4540/4399 2691/4542/4401
f 2817/4541/4400 2691/4542/4401 2816/4543/4402
f 2816/4543/4402 2691/4542/4401 2815/4544/4403
f 2815/4544/4403 2691/4542/4401 2741/4545/4404
f 2815/4544/4403 2741/4545/4404 2814/4546/4405
f 2814/4546/4405 2741/4545/4404 2740/4547/4406
f 2814/4546/4405 2740/4547/4406 2739/4548/4407
f 2785/4549/4408 2812/4550/4409 2739/4548/4407
f 2739/4548/4407 2812/4550/4409 2813/4551/4410
f 2739/4548/4407 2813/4551/4410 2814/4546/4405
f 2785/4549/4408 2784/4552/4411 2812/4550/4409
f 2812/4550/4409 2784/4552/4411 2811/4553/4412
f 2811/4553/4412 2784/4552/4411 2726/4554/4413
f 2811/4553/4412 2726/4554/4413 2810/4555/4414
f 2810/4555/4414 2726/4554/4413 2809/4556/4415
f 2809/4556/4415 2726/4554/4413 2725/4557/4416
f 2809/4556/4415 2725/4557/4416 2808/4558/4417
f 2808/4558/4417 2725/4557/4416 2724/4559/4418
f 2808/4558/4417 2724/4559/4418 2721/4560/4419
f 2720/4561/4420 2806/4562/4421 2721/4560/4419
f 2721/4560/4419 2806/4562/4421 2807/4563/4422
f 2721/4560/4419 2807/4563/4422 2808/4558/4417
f 2720/4561/4420 2719/4564/4423 2806/4562/4421
f 2806/4562/4421 2719/4564/4423 2805/4565/4424
f 2805/4565/4424 2719/4564/4423 2718/4566/4425
f 2805/4565/4424 2718/4566/4425 2804/4567/4426
f 2804/4568/4426 2718/4569/4425 2803/4570/4427
f 2803/4570/4427 2718/4569/4425 2732/4571/4428
f 2803/4570/4427 2732/4571/4428 2802/4572/4429
f 2802/4572/4429 2732/4571/4428 2731/4573/4430
f 2802/4572/4429 2731/4573/4430 2707/4574/4431
f 2706/4575/4432 2800/4576/4433 2707/4574/4431
f 2707/4574/4431 2800/4576/4433 2801/4577/4434
f 2707/4574/4431 2801/4577/4434 2802/4572/4429
f 2706/4575/4432 2705/4578/4435 2800/4576/4433
f 2800/4576/4433 2705/4578/4435 2799/4579/4436
f 2799/4579/4436 2705/4578/4435 2704/4580/4437
f 2799/4579/4436 2704/4580/4437 2798/4581/4438
f 2798/4581/4438 2704/4580/4437 2797/4582/4439
f 2797/4582/4439 2704/4580/4437 2712/4583/4440
f 2797/4582/4439 2712/4583/4440 2796/4584/4441
f 2796/4584/4441 2712/4583/4440 2711/4585/4442
f 2796/4584/4441 2711/4585/4442 2710/4586/4443
f 2716/4587/4444 2794/4588/4445 2710/4586/4443
f 2710/4586/4443 2794/4588/4445 2795/4589/4446
f 2710/4586/4443 2795/4589/4446 2796/4584/4441
f 2716/4587/4444 2715/4590/4447 2794/4588/4445
f 2794/4588/4445 2715/4590/4447 2793/4521/4380
f 2793/4521/4380 2715/4590/4447 2714/4519/4378
f 2775/4591/4448 2875/4592/4449 2750/4593/4450
f 2750/4593/4450 2875/4592/4449 2828/4594/4451
f 2750/4593/4450 2828/4594/4451 2829/4595/4452
f 2875/4592/4449 2775/4591/4448 2874/4596/4453
f 2874/4596/4453 2775/4591/4448 2774/4597/4454
f 2874/4596/4453 2774/4597/4454 2773/4598/4455
f 2874/4596/4453 2773/4598/4455 2873/4599/4456
f 2873/4599/4456 2773/4598/4455 2772/4600/4457
f 2873/4599/4456 2772/4600/4457 2872/4601/4458
f 2872/4601/4458 2772/4600/4457 2871/4602/4459
f 2871/4602/4459 2772/4600/4457 2780/4603/4460
f 2871/4602/4459 2780/4603/4460 2870/4604/4461
f 2870/4604/4461 2780/4603/4460 2779/4605/4462
f 2870/4604/4461 2779/4605/4462 2778/4606/4463
f 2870/4604/4461 2778/4606/4463 2869/4607/4464
f 2869/4607/4464 2778/4606/4463 2777/4608/4465
f 2869/4607/4464 2777/4608/4465 2868/4609/4466
f 2868/4609/4466 2777/4608/4465 2867/4610/4467
f 2867/4610/4467 2777/4608/4465 2783/4611/4468
f 2867/4610/4467 2783/4611/4468 2866/4612/4469
f 2866/4612/4469 2783/4611/4468 2782/4613/4470
f 2866/4612/4469 2782/4613/4470 2781/4614/4471
f 2866/4612/4469 2781/4614/4471 2865/4615/4472
f 2865/4615/4472 2781/4614/4471 2747/4616/4473
f 2865/4615/4472 2747/4616/4473 2864/4617/4474
f 2864/4617/4474 2747/4616/4473 2863/4618/4475
f 2863/4618/4475 2747/4616/4473 2746/4619/4476
f 2863/4618/4475 2746/4619/4476 2862/4620/4477
f 2862/4620/4477 2746/4619/4476 2745/4621/4478
f 2862/4620/4477 2745/4621/4478 2744/4622/4479
f 2862/4620/4477 2744/4622/4479 2861/4623/4480
f 2861/4623/4480 2744/4622/4479 2743/4624/4481
f 2861/4623/4480 2743/4624/4481 2860/4625/4482
f 2860/4626/4482 2743/4627/4481 2859/4628/4483
f 2859/4628/4483 2743/4627/4481 2770/4629/4484
f 2859/4628/4483 2770/4629/4484 2858/4630/4485
f 2858/4630/4485 2770/4629/4484 2769/4631/4486
f 2858/4630/4485 2769/4631/4486 2768/4632/4487
f 2858/4630/4485 2768/4632/4487 2857/4633/4488
f 2857/4633/4488 2768/4632/4487 2766/4634/4489
f 2857/4633/4488 2766/4634/4489 2856/4635/4490
f 2856/4635/4490 2766/4634/4489 2855/4636/4491
f 2855/4636/4491 2766/4634/4489 2765/4637/4492
f 2855/4636/4491 2765/4637/4492 2854/4638/4493
f 2854/4638/4493 2765/4637/4492 2764/4639/4494
f 2854/4638/4493 2764/4639/4494 2763/4640/4495
f 2854/4638/4493 2763/4640/4495 2853/4641/4496
f 2853/4641/4496 2763/4640/4495 2702/4642/4497
f 2853/4641/4496 2702/4642/4497 2852/4643/4498
f 2852/4643/4498 2702/4642/4497 2851/4644/4499
f 2851/4644/4499 2702/4642/4497 2701/4645/4500
f 2851/4644/4499 2701/4645/4500 2850/4646/4501
f 2850/4646/4501 2701/4645/4500 2700/4647/4502
f 2850/4646/4501 2700/4647/4502 2699/4648/4503
f 2850/4646/4501 2699/4648/4503 2849/4649/4504
f 2849/4649/4504 2699/4648/4503 2698/4650/4505
f 2849/4649/4504 2698/4650/4505 2848/4651/4506
f 2848/4651/4506 2698/4650/4505 2847/4652/4507
f 2847/4652/4507 2698/4650/4505 2737/4653/4508
f 2847/4652/4507 2737/4653/4508 2846/4654/4509
f 2846/4654/4509 2737/4653/4508 2736/4655/4510
f 2846/4654/4509 2736/4655/4510 2735/4656/4511
f 2846/4654/4509 2735/4656/4511 2845/4657/4512
f 2845/4657/4512 2735/4656/4511 2734/4658/4513
f 2845/4657/4512 2734/4658/4513 2844/4659/4514
f 2844/4659/4514 2734/4658/4513 2843/4660/4515
f 2843/4660/4515 2734/4658/4513 2788/4661/4516
f 2843/4660/4515 2788/4661/4516 2842/4662/4517
f 2842/4662/4517 2788/4661/4516 2787/4663/4518
f 2842/4662/4517 2787/4663/4518 2786/4664/4519
f 2842/4662/4517 2786/4664/4519 2841/4665/4520
f 2841/4665/4520 2786/4664/4519 2761/4666/4521
f 2841/4665/4520 2761/4666/4521 2840/4667/4522
f 2840/4667/4522 2761/4666/4521 2839/4668/4523
f 2839/4668/4523 2761/4666/4521 2760/4669/4524
f 2839/4668/4523 2760/4669/4524 2838/4670/4525
f 2838/4670/4525 2760/4669/4524 2759/4671/4526
f 2838/4670/4525 2759/4671/4526 2758/4672/4527
f 2838/4670/4525 2758/4672/4527 2837/4673/4528
f 2837/4673/4528 2758/4672/4527 2757/4674/4529
f 2837/4673/4528 2757/4674/4529 2836/4675/4530
f 2836/4675/4530 2757/4674/4529 2835/4676/4531
f 2835/4676/4531 2757/4674/4529 2791/4677/4532
f 2835/4676/4531 2791/4677/4532 2834/4678/4533
f 2834/4678/4533 2791/4677/4532 2790/4679/4534
f 2834/4678/4533 2790/4679/4534 2789/4680/4535
f 2834/4678/4533 2789/4680/4535 2833/4681/4536
f 2833/4681/4536 2789/4680/4535 2754/4682/4537
f 2833/4681/4536 2754/4682/4537 2832/4683/4538
f 2832/4683/4538 2754/4682/4537 2831/4684/4539
f 2831/4684/4539 2754/4682/4537 2753/4685/4540
f 2831/4684/4539 2753/4685/4540 2830/4686/4541
f 2830/4686/4541 2753/4685/4540 2752/4687/4542
f 2830/4686/4541 2752/4687/4542 2751/4688/4543
f 2830/4686/4541 2751/4688/4543 2829/4595/4452
f 2829/4595/4452 2751/4688/4543 2750/4593/4450
f 2877/4689/4544 2738/4690/4545 2876/4691/4546
f 2876/4691/4546 2738/4690/4545 2690/4692/4547
f 2876/4691/4546 2690/4692/4547 2695/4693/4548
f 2877/4689/4544 2878/4694/4549 2738/4690/4545
f 2738/4690/4545 2878/4694/4549 2723/4695/4550
f 2723/4695/4550 2878/4694/4549 2722/4696/4551
f 2722/4696/4551 2878/4694/4549 2879/4697/4552
f 2722/4696/4551 2879/4697/4552 2880/4698/4553
f 2881/4699/4554 2708/4700/4555 2880/4698/4553
f 2880/4698/4553 2708/4700/4555 2717/4701/4556
f 2880/4698/4553 2717/4701/4556 2722/4696/4551
f 2881/4699/4554 2882/4702/4557 2708/4700/4555
f 2708/4700/4555 2882/4702/4557 2703/4703/4558
f 2703/4703/4558 2882/4702/4557 2709/4704/4559
f 2709/4704/4559 2882/4702/4557 2883/4705/4560
f 2709/4704/4559 2883/4705/4560 2884/4706/4561
f 2885/4707/4562 2689/4708/4563 2884/4706/4561
f 2884/4706/4561 2689/4708/4563 2713/4709/4564
f 2884/4706/4561 2713/4709/4564 2709/4704/4559
f 2885/4707/4562 2886/4710/4565 2689/4708/4563
f 2689/4708/4563 2886/4710/4565 2684/4711/4566
f 2684/4711/4566 2886/4710/4565 2695/4693/4548
f 2695/4693/4548 2886/4710/4565 2887/4712/4567
f 2695/4693/4548 2887/4712/4567 2876/4691/4546
f 1932/4713/4568 2697/4714/4569 1933/4715/4570
f 1933/4715/4570 2697/4714/4569 2696/4716/4571
f 1933/4715/4570 2696/4716/4571 2767/4717/4572
f 1932/4713/4568 1935/4718/4573 2697/4714/4569
f 2697/4714/4569 1935/4718/4573 2733/4719/4574
f 2733/4719/4574 1935/4718/4573 2762/4720/4575
f 2762/4720/4575 1935/4718/4573 1928/4721/4576
f 2762/4720/4575 1928/4721/4576 1927/4722/4577
f 1918/4723/4578 2755/4724/4579 1927/4722/4577
f 1927/4722/4577 2755/4724/4579 2756/4725/4580
f 1927/4722/4577 2756/4725/4580 2762/4720/4575
f 1918/4723/4578 1917/4726/4581 2755/4724/4579
f 2755/4724/4579 1917/4726/4581 2749/4727/4582
f 2749/4727/4582 1917/4726/4581 2771/4728/4583
f 2771/4728/4583 1917/4726/4581 1908/4729/4584
f 2771/4728/4583 1908/4729/4584 1907/4730/4585
f 1922/4731/4586 2748/4732/4587 1907/4730/4585
f 1907/4730/4585 2748/4732/4587 2776/4733/4588
f 1907/4730/4585 2776/4733/4588 2771/4728/4583
f 1922/4731/4586 1921/4734/4589 2748/4732/4587
f 2748/4732/4587 1921/4734/4589 2742/4735/4590
f 2742/4735/4590 1921/4734/4589 2767/4717/4572
f 2767/4717/4572 1921/4734/4589 1925/4736/4591
f 2767/4717/4572 1925/4736/4591 1933/4715/4570
f 2836/4737/4592 2835/4738/4593 2822/4739/4594
f 2822/4739/4594 2835/4738/4593 2823/4740/4595
f 2823/4740/4595 2835/4738/4593 2834/4741/4596
f 2823/4740/4595 2834/4741/4596 2824/4742/4597
f 2824/4742/4597 2834/4741/4596 2833/4743/4598
f 2824/4742/4597 2833/4743/4598 2825/4744/4599
f 2825/4744/4599 2833/4743/4598 2832/4745/4600
f 2844/4746/4601 2843/4747/4602 2816/4748/4603
f 2816/4748/4603 2843/4747/4602 2817/4749/4604
f 2817/4749/4604 2843/4747/4602 2842/4750/4605
f 2817/4749/4604 2842/4750/4605 2818/4751/4606
f 2818/4751/4606 2842/4750/4605 2841/4752/4607
f 2818/4751/4606 2841/4752/4607 2819/4753/4608
f 2819/4753/4608 2841/4752/4607 2840/4754/4609
f 2852/4755/4610 2851/4756/4611 2810/4757/4612
f 2810/4757/4612 2851/4756/4611 2811/4758/4613
f 2811/4758/4613 2851/4756/4611 2850/4759/4614
f 2811/4758/4613 2850/4759/4614 2812/4760/4615
f 2812/4760/4615 2850/4759/4614 2849/4761/4616
f 2812/4760/4615 2849/4761/4616 2813/4762/4617
f 2813/4762/4617 2849/4761/4616 2848/4763/4618
f 2868/4764/4619 2867/4765/4620 2798/4766/4621
f 2798/4766/4621 2867/4765/4620 2799/4767/4622
f 2799/4767/4622 2867/4765/4620 2866/4768/4623
f 2799/4767/4622 2866/4768/4623 2800/4769/4624
f 2800/4769/4624 2866/4768/4623 2865/4770/4625
f 2800/4769/4624 2865/4770/4625 2801/4771/4626
f 2801/4771/4626 2865/4770/4625 2864/4772/4627
f 2868/4773/4628 2798/4774/4629 2869/4775/4630
f 2869/4775/4630 2798/4774/4629 2797/4776/4631
f 2869/4775/4630 2797/4776/4631 2870/4777/4632
f 2870/4777/4632 2797/4776/4631 2796/4778/4633
f 2870/4777/4632 2796/4778/4633 2871/4779/4634
f 2871/4779/4634 2796/4778/4633 2795/4780/4635
f 2871/4779/4634 2795/4780/4635 2872/4781/4636
f 2828/4782/4637 2875/4783/4638 2792/4784/4639
f 2792/4784/4639 2875/4783/4638 2793/4785/4640
f 2793/4785/4640 2875/4783/4638 2874/4786/4641
f 2793/4785/4640 2874/4786/4641 2794/4787/4642
f 2794/4787/4642 2874/4786/4641 2873/4788/4643
f 2794/4787/4642 2873/4788/4643 2795/4789/4644
f 2795/4789/4644 2873/4788/4643 2872/4790/4645
f 2860/4791/4646 2859/4792/4647 2804/4793/4648
f 2804/4793/4648 2859/4792/4647 2805/4794/4649
f 2805/4794/4649 2859/4792/4647 2858/4795/4650
f 2805/4794/4649 2858/4795/4650 2806/4796/4651
f 2806/4796/4651 2858/4795/4650 2857/4797/4652
f 2806/4796/4651 2857/4797/4652 2807/4798/4653
f 2807/4798/4653 2857/4797/4652 2856/4799/4654
f 2852/4800/4655 2810/4801/4656 2853/4802/4657
f 2853/4802/4657 2810/4801/4656 2809/4803/4658
f 2853/4802/4657 2809/4803/4658 2854/4804/4659
f 2854/4804/4659 2809/4803/4658 2808/4805/4660
f 2854/4804/4659 2808/4805/4660 2855/4806/4661
f 2855/4806/4661 2808/4805/4660 2807/4807/4662
f 2855/4806/4661 2807/4807/4662 2856/4808/4663
f 2836/4809/4664 2822/4810/4665 2837/4811/4666
f 2837/4811/4666 2822/4810/4665 2821/4812/4667
f 2837/4811/4666 2821/4812/4667 2838/4813/4668
f 2838/4813/4668 2821/4812/4667 2820/4814/4669
f 2838/4813/4668 2820/4814/4669 2839/4815/4670
f 2839/4815/4670 2820/4814/4669 2819/4816/4671
f 2839/4815/4670 2819/4816/4671 2840/4817/4672
f 2828/4818/4673 2792/4819/4674 2829/4820/4675
f 2829/4820/4675 2792/4819/4674 2827/4821/4676
f 2829/4820/4675 2827/4821/4676 2830/4822/4677
f 2830/4822/4677 2827/4821/4676 2826/4823/4678
f 2830/4822/4677 2826/4823/4678 2831/4824/4679
f 2831/4824/4679 2826/4823/4678 2825/4825/4680
f 2831/4824/4679 2825/4825/4680 2832/4826/4681
f 2860/4827/4682 2804/4828/4683 2861/4829/4684
f 2861/4829/4684 2804/4828/4683 2803/4830/4685
f 2861/4829/4684 2803/4830/4685 2862/4831/4686
f 2862/4831/4686 2803/4830/4685 2802/4832/4687
f 2862/4831/4686 2802/4832/4687 2863/4833/4688
f 2863/4833/4688 2802/4832/4687 2801/4834/4689
f 2863/4833/4688 2801/4834/4689 2864/4835/4690
f 2844/4836/4691 2816/4837/4692 2845/4838/4693
f 2845/4838/4693 2816/4837/4692 2815/4839/4694
f 2845/4838/4693 2815/4839/4694 2846/4840/4695
f 2846/4840/4695 2815/4839/4694 2814/4841/4696
f 2846/4840/4695 2814/4841/4696 2847/4842/4697
f 2847/4842/4697 2814/4841/4696 2813/4843/4698
f 2847/4842/4697 2813/4843/4698 2848/4844/4699
f 1631/4845/4700 1617/4846/4701 2894/4847/4702
f 2894/4847/4702 1617/4846/4701 1630/4848/4703
f 2894/4847/4702 1630/4848/4703 2893/4849/4704
f 2893/4849/4704 1630/4848/4703 1629/4850/4705
f 2893/4849/4704 1629/4850/4705 1628/4851/4706
f 2893/4849/4704 1628/4851/4706 2892/4852/4707
f 2892/4852/4707 1628/4851/4706 1627/4853/4708
f 2892/4852/4707 1627/4853/4708 2891/4854/4709
f 2891/4854/4709 1627/4853/4708 1771/4855/4710
f 2891/4854/4709 1771/4855/4710 2890/4856/4711
f 2890/4856/4711 1771/4855/4710 2889/4857/4712
f 2889/4857/4712 1771/4855/4710 1609/4858/4713
f 2889/4857/4712 1609/4858/4713 2888/4859/4714
f 2888/4859/4714 1609/4858/4713 1608/4860/4715
f 2888/4859/4714 1608/4860/4715 2899/4861/4716
f 2899/4861/4716 1608/4860/4715 1607/4862/4717
f 2899/4861/4716 1607/4862/4717 1606/4863/4718
f 1606/4863/4718 1605/4864/4719 2899/4861/4716
f 2899/4861/4716 1605/4864/4719 2898/4865/4720
f 2898/4865/4720 1605/4864/4719 1635/4866/4721
f 2898/4865/4720 1635/4866/4721 2897/4867/4722
f 2897/4867/4722 1635/4866/4721 1634/4868/4723
f 2897/4867/4722 1634/4868/4723 2896/4869/4724
f 2896/4869/4724 1634/4868/4723 1633/4870/4725
f 2896/4871/4724 1633/4872/4725 1632/4873/4726
f 2896/4871/4724 1632/4873/4726 2895/4874/4727
f 2895/4874/4727 1632/4873/4726 1631/4845/4700
f 2895/4874/4727 1631/4845/4700 2894/4847/4702
f 2880/4875/4728 2879/4876/4729 2896/4877/4730
f 2896/4877/4730 2879/4876/4729 2897/4878/4731
f 2884/4879/4732 2883/4880/4733 2892/4881/4734
f 2892/4881/4734 2883/4880/4733 2893/4882/4735
f 2876/4883/4736 2887/4884/4737 2888/4885/4738
f 2888/4885/4738 2887/4884/4737 2889/4886/4739
f 2882/4887/4740 2881/4888/4741 2894/4889/4742
f 2894/4889/4742 2881/4888/4741 2895/4890/4743
f 2878/4891/4744 2877/4892/4745 2898/4893/4746
f 2898/4893/4746 2877/4892/4745 2899/4894/4747
f 2886/4895/4748 2885/4896/4749 2890/4897/4750
f 2890/4897/4750 2885/4896/4749 2891/4898/4751
f 2876/4899/4752 2888/4900/4753 2877/4901/4754
f 2877/4901/4754 2888/4900/4753 2899/4902/4755
f 2886/4903/4756 2890/4904/4757 2887/4905/4758
f 2887/4905/4758 2890/4904/4757 2889/4906/4759
f 2878/4907/4760 2898/4908/4761 2879/4909/4762
f 2879/4909/4762 2898/4908/4761 2897/4910/4763
f 2880/4911/4764 2896/4912/4765 2881/4913/4766
f 2881/4913/4766 2896/4912/4765 2895/4914/4767
f 2884/4915/4768 2892/4916/4769 2885/4917/4770
f 2885/4917/4770 2892/4916/4769 2891/4918/4771
f 2882/4919/4772 2894/4920/4773 2883/4921/4774
f 2883/4921/4774 2894/4920/4773 2893/4922/4775
f 2901/4923/4776 2978/4924/4777 2900/4925/4778
f 2900/4925/4778 2978/4924/4777 2939/4926/4779
f 2900/4925/4778 2939/4926/4779 2940/4927/4780
f 2978/4924/4777 2901/4923/4776 2977/4928/4781
f 2977/4928/4781 2901/4923/4776 2902/4929/4782
f 2977/4928/4781 2902/4929/4782 2976/4930/4783
f 2976/4930/4783 2902/4929/4782 2903/4931/4784
f 2976/4930/4783 2903/4931/4784 2975/4932/4785
f 2975/4932/4785 2903/4931/4784 2904/4933/4786
f 2975/4932/4785 2904/4933/4786 2974/4934/4787
f 2974/4934/4787 2904/4933/4786 2905/4935/4788
f 2974/4934/4787 2905/4935/4788 2973/4936/4789
f 2973/4936/4789 2905/4935/4788 2906/4937/4790
f 2973/4936/4789 2906/4937/4790 2972/4938/4791
f 2972/4938/4791 2906/4937/4790 2907/4939/4792
f 2972/4938/4791 2907/4939/4792 2971/4940/4793
f 2971/4940/4793 2907/4939/4792 2908/4941/4794
f 2971/4940/4793 2908/4941/4794 2970/4942/4795
f 2970/4942/4795 2908/4941/4794 2909/4943/4796
f 2970/4942/4795 2909/4943/4796 2969/4944/4797
f 2969/4944/4797 2909/4943/4796 2910/4945/4798
f 2969/4944/4797 2910/4945/4798 2968/4946/4799
f 2968/4946/4799 2910/4945/4798 2911/4947/4800
f 2968/4946/4799 2911/4947/4800 2967/4948/4801
f 2967/4948/4801 2911/4947/4800 2912/4949/4802
f 2967/4948/4801 2912/4949/4802 2966/4950/4803
f 2966/4950/4803 2912/4949/4802 2913/4951/4804
f 2966/4950/4803 2913/4951/4804 2965/4952/4805
f 2965/4952/4805 2913/4951/4804 2914/4953/4806
f 2965/4952/4805 2914/4953/4806 2964/4954/4807
f 2964/4954/4807 2914/4953/4806 2915/4955/4808
f 2964/4954/4807 2915/4955/4808 2963/4956/4809
f 2963/4956/4809 2915/4955/4808 2916/4957/4810
f 2963/4956/4809 2916/4957/4810 2962/4958/4811
f 2962/4958/4811 2916/4957/4810 2917/4959/4812
f 2962/4958/4811 2917/4959/4812 2961/4960/4813
f 2961/4960/4813 2917/4959/4812 2918/4961/4814
f 2961/4960/4813 2918/4961/4814 2960/4962/4815
f 2960/4962/4815 2918/4961/4814 2919/4963/4816
f 2960/4962/4815 2919/4963/4816 2959/4964/4817
f 2959/4964/4817 2919/4963/4816 2920/4965/4818
f 2959/4964/4817 2920/4965/4818 2958/4966/4819
f 2958/4966/4819 2920/4965/4818 2921/4967/4820
f 2958/4966/4819 2921/4967/4820 2957/4968/4821
f 2957/4968/4821 2921/4967/4820 2922/4969/4822
f 2957/4968/4821 2922/4969/4822 2956/4970/4823
f 2956/4970/4823 2922/4969/4822 2923/4971/4824
f 2956/4970/4823 2923/4971/4824 2955/4972/4825
f 2955/4972/4825 2923/4971/4824 2924/4973/4826
f 2955/4972/4825 2924/4973/4826 2954/4974/4827
f 2954/4974/4827 2924/4973/4826 2925/4975/4828
f 2954/4974/4827 2925/4975/4828 2953/4976/4829
f 2953/4976/4829 2925/4975/4828 2926/4977/4830
f 2953/4976/4829 2926/4977/4830 2952/4978/4831
f 2952/4978/4831 2926/4977/4830 2927/4979/4832
f 2952/4978/4831 2927/4979/4832 2951/4980/4833
f 2951/4980/4833 2927/4979/4832 2928/4981/4834
f 2951/4980/4833 2928/4981/4834 2950/4982/4835
f 2950/4982/4835 2928/4981/4834 2929/4983/4836
f 2950/4982/4835 2929/4983/4836 2949/4984/4837
f 2949/4984/4837 2929/4983/4836 2930/4985/4838
f 2949/4984/4837 2930/4985/4838 2948/4986/4839
f 2948/4986/4839 2930/4985/4838 2931/4987/4840
f 2948/4986/4839 2931/4987/4840 2947/4988/4841
f 2947/4988/4841 2931/4987/4840 2932/4989/4842
f 2947/4988/4841 2932/4989/4842 2946/4990/4843
f 2946/4990/4843 2932/4989/4842 2933/4991/4844
f 2946/4990/4843 2933/4991/4844 2945/4992/4845
f 2945/4992/4845 2933/4991/4844 2934/4993/4846
f 2945/4992/4845 2934/4993/4846 2944/4994/4847
f 2944/4994/4847 2934/4993/4846 2935/4995/4848
f 2944/4994/4847 2935/4995/4848 2943/4996/4849
f 2943/4996/4849 2935/4995/4848 2936/4997/4850
f 2943/4996/4849 2936/4997/4850 2942/4998/4851
f 2942/4998/4851 2936/4997/4850 2937/4999/4852
f 2942/4998/4851 2937/4999/4852 2941/5000/4853
f 2941/5000/4853 2937/4999/4852 2938/5001/4854
f 2941/5000/4853 2938/5001/4854 2940/4927/4780
f 2940/4927/4780 2938/5001/4854 2900/4925/4778
f 2980/5002/4855 2901/5003/4856 2979/5004/4857
f 2979/5004/4857 2901/5003/4856 2900/5005/4858
f 2979/5006/4857 2900/5007/4858 3017/5008/4859
f 3017/5008/4859 2900/5007/4858 2938/5009/4860
f 3017/5008/4859 2938/5009/4860 3016/5010/4861
f 3016/5010/4861 2938/5009/4860 2937/5011/4862
f 3016/5010/4861 2937/5011/4862 3015/5012/4863
f 3015/5012/4863 2937/5011/4862 2936/5013/4864
f 3015/5012/4863 2936/5013/4864 3014/5014/4865
f 3014/5014/4865 2936/5013/4864 2935/5015/4866
f 3014/5014/4865 2935/5015/4866 3013/5016/4867
f 3013/5016/4867 2935/5015/4866 2934/5017/4868
f 3013/5016/4867 2934/5017/4868 3012/5018/4869
f 3012/5018/4869 2934/5017/4868 2933/5019/4870
f 3012/5018/4869 2933/5019/4870 3011/5020/4871
f 3011/5020/4871 2933/5019/4870 2932/5021/4872
f 3011/5020/4871 2932/5021/4872 3010/5022/4873
f 3010/5022/4873 2932/5021/4872 2931/5023/4874
f 3010/5022/4873 2931/5023/4874 3009/5024/4875
f 3009/5024/4875 2931/5023/4874 2930/5025/4876
f 3009/5024/4875 2930/5025/4876 3008/5026/4877
f 3008/5026/4877 2930/5025/4876 2929/5027/4878
f 3008/5026/4877 2929/5027/4878 3007/5028/4879
f 3007/5028/4879 2929/5027/4878 2928/5029/4880
f 3007/5028/4879 2928/5029/4880 3006/5030/4881
f 3006/5030/4881 2928/5029/4880 2927/5031/4882
f 3006/5030/4881 2927/5031/4882 3005/5032/4883
f 3005/5032/4883 2927/5031/4882 2926/5033/4884
f 3005/5032/4883 2926/5033/4884 3004/5034/4885
f 3004/5034/4885 2926/5033/4884 2925/5035/4886
f 3004/5034/4885 2925/5035/4886 3003/5036/4887
f 3003/5036/4887 2925/5035/4886 2924/5037/4888
f 3003/5036/4887 2924/5037/4888 3002/5038/4889
f 3002/5038/4889 2924/5037/4888 2923/5039/4890
f 3002/5038/4889 2923/5039/4890 3001/5040/4891
f 3001/5040/4891 2923/5039/4890 2922/5041/4892
f 3001/5040/4891 2922/5041/4892 3000/5042/4893
f 3000/5042/4893 2922/5041/4892 2921/5043/4894
f 3000/5042/4893 2921/5043/4894 2999/5044/4895
f 2999/5044/4895 2921/5043/4894 2920/5045/4896
f 2999/5044/4895 2920/5045/4896 2998/5046/4897
f 2998/5046/4897 2920/5045/4896 2919/5047/4898
f 2998/5046/4897 2919/5047/4898 2997/5048/4899
f 2997/5048/4899 2919/5047/4898 2918/5049/4900
f 2997/5048/4899 2918/5049/4900 2996/5050/4901
f 2996/5050/4901 2918/5049/4900 2917/5051/4902
f 2996/5050/4901 2917/5051/4902 2995/5052/4903
f 2995/5052/4903 2917/5051/4902 2916/5053/4904
f 2995/5052/4903 2916/5053/4904 2994/5054/4905
f 2994/5054/4905 2916/5053/4904 2915/5055/4906
f 2994/5054/4905 2915/5055/4906 2993/5056/4907
f 2993/5056/4907 2915/5055/4906 2914/5057/4908
f 2993/5056/4907 2914/5057/4908 2992/5058/4909
f 2992/5058/4909 2914/5057/4908 2913/5059/4910
f 2992/5058/4909 2913/5059/4910 2991/5060/4911
f 2991/5060/4911 2913/5059/4910 2912/5061/4912
f 2991/5060/4911 2912/5061/4912 2990/5062/4913
f 2990/5062/4913 2912/5061/4912 2911/5063/4914
f 2990/5062/4913 2911/5063/4914 2989/5064/4915
f 2989/5064/4915 2911/5063/4914 2910/5065/4916
f 2989/5064/4915 2910/5065/4916 2988/5066/4917
f 2988/5066/4917 2910/5065/4916 2909/5067/4918
f 2988/5066/4917 2909/5067/4918 2987/5068/4919
f 2987/5068/4919 2909/5067/4918 2908/5069/4920
f 2987/5068/4919 2908/5069/4920 2986/5070/4921
f 2986/5070/4921 2908/5069/4920 2907/5071/4922
f 2986/5070/4921 2907/5071/4922 2985/5072/4923
f 2985/5072/4923 2907/5071/4922 2906/5073/4924
f 2985/5072/4923 2906/5073/4924 2984/5074/4925
f 2984/5074/4925 2906/5073/4924 2905/5075/4926
f 2984/5074/4925 2905/5075/4926 2983/5076/4927
f 2983/5076/4927 2905/5075/4926 2904/5077/4928
f 2983/5076/4927 2904/5077/4928 2982/5078/4929
f 2982/5078/4929 2904/5077/4928 2903/5079/4930
f 2982/5078/4929 2903/5079/4930 2981/5080/4931
f 2981/5080/4931 2903/5079/4930 2902/5081/4932
f 2981/5080/4931 2902/5081/4932 2980/5002/4855
f 2980/5002/4855 2902/5081/4932 2901/5003/4856
f 2979/5082/4933 3017/5083/4934 2980/5084/4935
f 2980/5084/4935 3017/5083/4934 2981/5085/4936
f 2981/5085/4936 3017/5083/4934 3016/5086/4937
f 2981/5085/4936 3016/5086/4937 2982/5087/4938
f 2982/5087/4938 3016/5086/4937 3015/5088/4939
f 2982/5087/4938 3015/5088/4939 2983/5089/4940
f 2983/5089/4940 3015/5088/4939 2984/5090/4941
f 2984/5090/4941 3015/5088/4939 2985/5091/4942
f 2985/5091/4942 3015/5088/4939 2986/5092/4943
f 2986/5092/4943 3015/5088/4939 2987/5093/4944
f 2987/5093/4944 3015/5088/4939 2988/5094/4945
f 2988/5094/4945 3015/5088/4939 2989/5095/4946
f 2989/5095/4946 3015/5088/4939 2990/5096/4947
f 2990/5096/4947 3015/5088/4939 2991/5097/4948
f 2991/5097/4948 3015/5088/4939 2992/5098/4949
f 2992/5098/4949 3015/5088/4939 3014/5099/4950
f 2992/5098/4949 3014/5099/4950 2993/5100/4951
f 2993/5100/4951 3014/5099/4950 2994/5101/4952
f 2994/5101/4952 3014/5099/4950 2995/5102/4953
f 2995/5102/4953 3014/5099/4950 2996/5103/4954
f 2996/5103/4954 3014/5099/4950 2997/5104/4955
f 2997/5104/4955 3014/5099/4950 2998/5105/4956
f 2998/5105/4956 3014/5099/4950 2999/5106/4957
f 2999/5106/4957 3014/5099/4950 3000/5107/4958
f 3000/5107/4958 3014/5099/4950 3001/5108/4959
f 3001/5108/4959 3014/5099/4950 3002/5109/4960
f 3002/5109/4960 3014/5099/4950 3003/5110/4961
f 3003/5110/4961 3014/5099/4950 3013/5111/4962
f 3003/5110/4961 3013/5111/4962 3004/5112/4963
f 3004/5112/4963 3013/5111/4962 3012/5113/4964
f 3004/5112/4963 3012/5113/4964 3005/5114/4965
f 3005/5114/4965 3012/5113/4964 3011/5115/4966
f 3005/5114/4965 3011/5115/4966 3006/5116/4967
f 3006/5116/4967 3011/5115/4966 3010/5117/4968
f 3006/5116/4967 3010/5117/4968 3007/5118/4969
f 3007/5118/4969 3010/5117/4968 3009/5119/4970
f 3007/5118/4969 3009/5119/4970 3008/5120/4971
f 3019/5121/4972 3037/5122/4973 3018/5123/4974
f 3018/5123/4974 3037/5122/4973 3038/5124/4975
f 3018/5123/4974 3038/5124/4975 3057/5125/4976
f 3057/5125/4976 3038/5124/4975 3039/5126/4977
f 3057/5125/4976 3039/5126/4977 3056/5127/4978
f 3056/5127/4978 3039/5126/4977 3040/5128/4979
f 3056/5127/4978 3040/5128/4979 3055/5129/4980
f 3055/5129/4980 3040/5128/4979 3041/5130/4981
f 3055/5129/4980 3041/5130/4981 3054/5131/4982
f 3054/5131/4982 3041/5130/4981 3042/5132/4983
f 3054/5131/4982 3042/5132/4983 3053/5133/4984
f 3053/5133/4984 3042/5132/4983 3043/5134/4985
f 3053/5133/4984 3043/5134/4985 3052/5135/4986
f 3052/5135/4986 3043/5134/4985 3044/5136/4987
f 3052/5135/4986 3044/5136/4987 3051/5137/4988
f 3051/5137/4988 3044/5136/4987 3045/5138/4989
f 3051/5137/4988 3045/5138/4989 3050/5139/4990
f 3050/5139/4990 3045/5138/4989 3046/5140/4991
f 3050/5139/4990 3046/5140/4991 3049/5141/4992
f 3049/5141/4992 3046/5140/4991 3047/5142/4993
f 3049/5141/4992 3047/5142/4993 3048/5143/4994
f 3037/5122/4973 3019/5121/4972 3036/5144/4995
f 3036/5144/4995 3019/5121/4972 3020/5145/4996
f 3036/5144/4995 3020/5145/4996 3035/5146/4997
f 3035/5146/4997 3020/5145/4996 3021/5147/4998
f 3035/5146/4997 3021/5147/4998 3034/5148/4999
f 3034/5148/4999 3021/5147/4998 3022/5149/5000
f 3034/5148/4999 3022/5149/5000 3033/5150/5001
f 3033/5150/5001 3022/5149/5000 3023/5151/5002
f 3033/5150/5001 3023/5151/5002 3032/5152/5003
f 3032/5152/5003 3023/5151/5002 3024/5153/5004
f 3032/5152/5003 3024/5153/5004 3031/5154/5005
f 3031/5154/5005 3024/5153/5004 3025/5155/5006
f 3031/5154/5005 3025/5155/5006 3030/5156/5007
f 3030/5156/5007 3025/5155/5006 3026/5157/5008
f 3030/5156/5007 3026/5157/5008 3029/5158/5009
f 3029/5158/5009 3026/5157/5008 3027/5159/5010
f 3029/5158/5009 3027/5159/5010 3028/5160/5011
f 3057/5161/5012 2940/5162/5013 3018/5163/5014
f 3018/5163/5014 2940/5162/5013 2939/5164/5015
f 3018/5165/5014 2939/5166/5015 3019/5167/5016
f 3019/5167/5016 2939/5166/5015 2978/5168/5017
f 3019/5167/5016 2978/5168/5017 3020/5169/5018
f 3020/5169/5018 2978/5168/5017 2977/5170/5019
f 3020/5169/5018 2977/5170/5019 3021/5171/5020
f 3021/5171/5020 2977/5170/5019 2976/5172/5021
f 3021/5171/5020 2976/5172/5021 3022/5173/5022
f 3022/5173/5022 2976/5172/5021 2975/5174/5023
f 3022/5173/5022 2975/5174/5023 3023/5175/5024
f 3023/5175/5024 2975/5174/5023 2974/5176/5025
f 3023/5175/5024 2974/5176/5025 3024/5177/5026
f 3024/5177/5026 2974/5176/5025 2973/5178/5027
f 3024/5177/5026 2973/5178/5027 3025/5179/5028
f 3025/5179/5028 2973/5178/5027 2972/5180/5029
f 3025/5179/5028 2972/5180/5029 3026/5181/5030
f 3026/5181/5030 2972/5180/5029 2971/5182/5031
f 3026/5181/5030 2971/5182/5031 3027/5183/5032
f 3027/5183/5032 2971/5182/5031 2970/5184/5033
f 3027/5183/5032 2970/5184/5033 3028/5185/5034
f 3028/5185/5034 2970/5184/5033 2969/5186/5035
f 3028/5185/5034 2969/5186/5035 3029/5187/5036
f 3029/5187/5036 2969/5186/5035 2968/5188/5037
f 3029/5187/5036 2968/5188/5037 3030/5189/5038
f 3030/5189/5038 2968/5188/5037 2967/5190/5039
f 3030/5189/5038 2967/5190/5039 3031/5191/5040
f 3031/5191/5040 2967/5190/5039 2966/5192/5041
f 3031/5191/5040 2966/5192/5041 3032/5193/5042
f 3032/5193/5042 2966/5192/5041 2965/5194/5043
f 3032/5193/5042 2965/5194/5043 3033/5195/5044
f 3033/5195/5044 2965/5194/5043 2964/5196/5045
f 3033/5195/5044 2964/5196/5045 3034/5197/5046
f 3034/5197/5046 2964/5196/5045 2963/5198/5047
f 3034/5197/5046 2963/5198/5047 3035/5199/5048
f 3035/5199/5048 2963/5198/5047 2962/5200/5049
f 3035/5199/5048 2962/5200/5049 3036/5201/5050
f 3036/5201/5050 2962/5200/5049 2961/5202/5051
f 3036/5201/5050 2961/5202/5051 3037/5203/5052
f 3037/5203/5052 2961/5202/5051 2960/5204/5053
f 3037/5203/5052 2960/5204/5053 3038/5205/5054
f 3038/5205/5054 2960/5204/5053 2959/5206/5055
f 3038/5205/5054 2959/5206/5055 3039/5207/5056
f 3039/5207/5056 2959/5206/5055 2958/5208/5057
f 3039/5207/5056 2958/5208/5057 3040/5209/5058
f 3040/5209/5058 2958/5208/5057 2957/5210/5059
f 3040/5209/5058 2957/5210/5059 3041/5211/5060
f 3041/5211/5060 2957/5210/5059 2956/5212/5061
f 3041/5211/5060 2956/5212/5061 3042/5213/5062
f 3042/5213/5062 2956/5212/5061 2955/5214/5063
f 3042/5213/5062 2955/5214/5063 3043/5215/5064
f 3043/5215/5064 2955/5214/5063 2954/5216/5065
f 3043/5215/5064 2954/5216/5065 3044/5217/5066
f 3044/5217/5066 2954/5216/5065 2953/5218/5067
f 3044/5217/5066 2953/5218/5067 3045/5219/5068
f 3045/5219/5068 2953/5218/5067 2952/5220/5069
f 3045/5219/5068 2952/5220/5069 3046/5221/5070
f 3046/5221/5070 2952/5220/5069 2951/5222/5071
f 3046/5221/5070 2951/5222/5071 3047/5223/5072
f 3047/5223/5072 2951/5222/5071 2950/5224/5073
f 3047/5223/5072 2950/5224/5073 3048/5225/5074
f 3048/5225/5074 2950/5224/5073 2949/5226/5075
f 3048/5225/5074 2949/5226/5075 3049/5227/5076
f 3049/5227/5076 2949/5226/5075 2948/5228/5077
f 3049/5227/5076 2948/5228/5077 3050/5229/5078
f 3050/5229/5078 2948/5228/5077 2947/5230/5079
f 3050/5229/5078 2947/5230/5079 3051/5231/5080
f 3051/5231/5080 2947/5230/5079 2946/5232/5081
f 3051/5231/5080 2946/5232/5081 3052/5233/5082
f 3052/5233/5082 2946/5232/5081 2945/5234/5083
f 3052/5233/5082 2945/5234/5083 3053/5235/5084
f 3053/5235/5084 2945/5234/5083 2944/5236/5085
f 3053/5235/5084 2944/5236/5085 3054/5237/5086
f 3054/5237/5086 2944/5236/5085 2943/5238/5087
f 3054/5237/5086 2943/5238/5087 3055/5239/5088
f 3055/5239/5088 2943/5238/5087 2942/5240/5089
f 3055/5239/5088 2942/5240/5089 3056/5241/5090
f 3056/5241/5090 2942/5240/5089 2941/5242/5091
f 3056/5241/5090 2941/5242/5091 3057/5161/5012
f 3057/5161/5012 2941/5242/5091 2940/5162/5013
# 3057 vertices
# 5242 texture params
# 5091 normals
# 6106 facets

# 1 groups
